days_into_transition,doc_id,indexed_cjk_chars,period,provenance_status,published_at,published_month,recommended_role,source,value_status,visibility_evidence,discourse_all_markers_per_10k_cjk,discourse_booster_markers_per_10k_cjk,discourse_causal_markers_per_10k_cjk,discourse_contrast_markers_per_10k_cjk,discourse_directive_markers_per_10k_cjk,discourse_enumeration_markers_per_10k_cjk,discourse_framing_markers_per_10k_cjk,discourse_hedge_markers_per_10k_cjk,discourse_marker_type_coverage,discourse_metadiscourse_markers_per_10k_cjk,discourse_summary_markers_per_10k_cjk,hypothesis_abstract_shells_per_1k_cjk,hypothesis_complete_contrast_frames_per_1k_sentences,hypothesis_emphatic_frames_per_1k_cjk,hypothesis_meta_frames_per_1k_cjk,hypothesis_referential_sentence_opening_ratio,surface_adjacent_sentence_length_change,surface_ascii_letter_ratio,surface_char_count,surface_cjk_char_count,surface_cjk_char_entropy_bits,surface_cjk_char_mattr,surface_cjk_char_type_token_ratio,surface_cjk_ratio,surface_colon_density,surface_comma_density,surface_compression_ratio,surface_dash_density,surface_digit_ratio,surface_exact_paragraph_repeat_ratio,surface_exact_sentence_repeat_ratio,surface_exclamatory_sentence_ratio,surface_list_item_ratio,surface_long_paragraph_ratio,surface_mean_paragraph_cjk_chars,surface_mean_sentence_cjk_chars,surface_mean_sentences_per_paragraph,surface_non_whitespace_char_count,surface_paragraph_count,surface_paragraph_length_cv,surface_paragraph_opening_repeat_ratio,surface_parenthesis_density,surface_period_density,surface_punctuation_density,surface_punctuation_entropy_bits,surface_question_sentence_ratio,surface_quote_mark_density,surface_repeated_char_ngram_ratio,surface_semicolon_density,surface_sentence_count,surface_sentence_length_autocorrelation,surface_sentence_length_cv,surface_sentence_opening_repeat_ratio,surface_short_paragraph_ratio,surface_url_count_per_1000_cjk,title_ascii_letter_ratio,title_body_cjk_type_overlap,title_cjk_char_count,title_colon_present,title_digit_present,title_exclamation_present,title_question_present,title_quote_present
,945a3a24dac5f42bd8f78a9b,1753,pre,model_assisted_original,2021-05-28,2021-05,pre_candidate_pool_not_matched,jiqizhixin,model_assisted_substantive,editorial_source_only_unverified,11.409013120365088,0.0,11.409013120365088,0.0,17.113519680547633,0.0,0.0,5.704506560182544,0.02564102564102564,0.0,0.0,5.134055904164289,0.0,1.1409013120365088,0.0,0.0625,0.5144251192484616,0.06505914467697907,2250,1753,8.132118119978136,0.47961722488038283,0.2812321734169994,0.7975432211101001,0.00045495905368516835,0.04686078252957234,0.5249390739236394,0.00045495905368516835,0.04322111010009099,0.14285714285714285,0.020833333333333332,0.0,0.0,0.0,35.775510204081634,36.520833333333336,1.5714285714285714,2198,49,0.9479056869925889,0.14285714285714285,0.0,0.023202911737943584,0.09372156505914468,2.3554931396599796,0.0,0.020018198362147407,0.044571428571428574,0.0,48,0.053715402951822824,0.4681641650684343,0.08333333333333333,0.3877551020408163,0.0,0.0,0.8636363636363636,22,0.0,0.0,0.0,0.0,1.0
,eb7467f671326d3eeabb4e37,2324,pre,model_assisted_original,2021-06-15,2021-06,pre_candidate_pool_not_matched,jiqizhixin,model_assisted_substantive,editorial_source_only_unverified,4.3029259896729775,0.0,4.3029259896729775,0.0,0.0,0.0,0.0,0.0,0.02564102564102564,0.0,0.0,2.581755593803787,0.0,0.0,0.0,0.0,0.4869546212059121,0.11388508891928864,3055,2324,8.05891126216689,0.45780164383561645,0.22719449225473323,0.7948016415868673,0.0013679890560875513,0.0280437756497948,0.5103405572755418,0.002051983584131327,0.021203830369357045,0.02702702702702703,0.0,0.0,0.0,0.0,62.810810810810814,36.3125,2.2972972972972974,2924,37,1.0038199751141912,0.06060606060606061,0.011627906976744186,0.02222982216142271,0.070109439124487,2.769541029588259,0.0,0.0013679890560875513,0.05471779405428694,0.0,64,-0.081862512728939,0.4228022759403442,0.0625,0.43243243243243246,0.43029259896729777,0.0,0.96,27,0.0,1.0,0.0,0.0,0.0
,216b160343a34ae069db8db2,1936,pre,model_assisted_original,2021-06-24,2021-06,pre_candidate_pool_not_matched,jiqizhixin,model_assisted_substantive,editorial_source_only_unverified,46.48760330578513,5.1652892561983474,5.1652892561983474,0.0,15.495867768595042,36.15702479338843,5.1652892561983474,0.0,0.20512820512820512,0.0,0.0,7.747933884297521,0.0,0.5165289256198348,0.0,0.1111111111111111,0.5657752629601802,0.16492045013581685,2813,1936,7.98549421313243,0.4355601948503827,0.2308884297520661,0.7512611563833915,0.0038804811796662787,0.038804811796662786,0.48983074953776135,0.0011641443538998836,0.00892510671323244,0.32116788321167883,0.0,0.0,0.0,0.0,14.13138686131387,43.022222222222226,1.1167883211678833,2577,137,1.221399024819237,0.3076923076923077,0.0,0.019402405898331393,0.07489328676755917,2.6017447661436504,0.0,0.007760962359332557,0.05638903259182618,0.0,45,0.08483312240907605,0.5833013670211993,0.13333333333333333,0.6861313868613139,1.0330578512396695,0.0,0.8888888888888888,18,0.0,1.0,1.0,0.0,0.0
,4d0fe82ce27496e3c0dd8cd1,3556,pre,model_assisted_original,2021-06-25,2021-06,pre_candidate_pool_not_matched,jiqizhixin,model_assisted_substantive,editorial_source_only_unverified,44.99437570303712,5.62429696287964,2.81214848143982,11.24859392575928,16.87289088863892,16.87289088863892,8.43644544431946,30.93363329583802,0.2564102564102564,5.62429696287964,0.0,7.03037120359955,0.0,0.281214848143982,0.0,0.08974358974358974,0.5458051509795042,0.1927710843373494,5502,3556,8.26082887397815,0.4519044815178279,0.17125984251968504,0.7140562248995984,0.002008032128514056,0.038755020080321285,0.47692772449210785,0.0034136546184738957,0.02469879518072289,0.2109375,0.0,0.0,0.0,0.0078125,27.78125,45.58974358974359,1.390625,4980,128,1.3352261041977003,0.08888888888888889,0.002811244979919679,0.01606425702811245,0.06767068273092369,2.3766383288633244,0.0,0.002811244979919679,0.05826062482409232,0.0008032128514056225,78,-0.07562410649684151,0.5163597786523889,0.05128205128205128,0.5703125,0.0,0.10810810810810811,0.9230769230769231,26,0.0,1.0,1.0,0.0,1.0
,0bacfeaea20d086539948d1d,1580,pre,model_assisted_original,2021-07-20,2021-07,pre_candidate_pool_not_matched,jiqizhixin,model_assisted_substantive,editorial_source_only_unverified,63.291139240506325,0.0,0.0,6.329113924050633,18.987341772151897,44.30379746835443,6.329113924050633,0.0,0.20512820512820512,6.329113924050633,0.0,12.658227848101266,0.0,0.0,0.0,0.0,0.8243788091889358,0.4803484995159729,5572,1580,7.70752966760169,0.4044107308048104,0.24746835443037973,0.3059051306873185,0.012584704743465635,0.021878025169409485,0.4828964904486895,0.0505324298160697,0.030009680542110357,0.14835164835164835,0.0,0.03571428571428571,0.09340659340659341,0.0,8.68131868131868,56.42857142857143,1.0604395604395604,5165,182,2.725214741145166,0.02127659574468085,0.0313649564375605,0.013939980638915779,0.17463697967086156,3.729795513570768,0.07142857142857142,0.0003872216844143272,0.05833861762840837,0.001936108422071636,28,0.009162851420369935,0.7341444776638187,0.038461538461538464,0.19230769230769232,1.2658227848101267,0.375,0.9333333333333333,16,0.0,0.0,1.0,0.0,0.0
,9c3da0345e97764d38be7de1,2386,pre,model_assisted_original,2021-08-08,2021-08,pre_candidate_pool_not_matched,jiqizhixin,model_assisted_substantive,editorial_source_only_unverified,46.102263202011734,0.0,8.382229673093043,12.573344509639565,29.33780385582565,20.955574182732608,4.191114836546522,8.382229673093043,0.1794871794871795,0.0,0.0,1.6764459346186085,0.0,0.4191114836546521,0.0,0.07017543859649122,0.519593461860855,0.13623281100095938,3412,2386,7.668626721725037,0.38939586645469,0.17183570829840739,0.7630316597377679,0.00799488327470419,0.03517748640869843,0.45849297573435505,0.0009593859929645027,0.014390789894467541,0.20689655172413793,0.0,0.0,0.0,0.0,20.56896551724138,41.85964912280702,1.2672413793103448,3127,116,1.1703324782870181,0.11494252873563218,0.014710585225455708,0.019507515190278223,0.08410617204988807,2.9428417363498407,0.017543859649122806,0.0,0.0839278220730172,0.0009593859929645027,57,-0.12390118747156817,0.4385488520207405,0.07017543859649122,0.6551724137931034,0.8382229673093042,0.1794871794871795,0.875,25,0.0,1.0,0.0,0.0,0.0
,48fbbeedf363a19eeb696de3,1955,pre,model_assisted_original,2021-09-08,2021-09,pre_candidate_pool_not_matched,jiqizhixin,human_kept,editorial_source_only_unverified,10.23017902813299,0.0,0.0,0.0,10.23017902813299,5.115089514066495,5.115089514066495,5.115089514066495,0.05128205128205128,0.0,0.0,2.046035805626598,18.867924528301884,0.5115089514066495,0.0,0.11320754716981132,0.480680700373795,0.037793223284100785,2479,1955,8.38437265589821,0.5051524725274725,0.28286445012787725,0.8492615117289314,0.002172024326672459,0.04257167680278019,0.5394620159621638,0.0008688097306689834,0.029539530842745437,0.23255813953488372,0.0,0.0,0.0,0.0,22.732558139534884,36.886792452830186,1.255813953488372,2302,86,1.053331072395876,0.1323529411764706,0.0008688097306689834,0.023457862728062554,0.08340573414422242,2.3827305470165787,0.03773584905660377,0.01216333622936577,0.03483606557377049,0.0,53,0.04152662299956695,0.4624663290167106,0.0,0.5581395348837209,0.0,0.08,1.0,21,0.0,0.0,0.0,0.0,0.0
,87656219a78e7724554e9eb4,754,pre,model_assisted_original,2021-09-18,2021-09,pre_candidate_pool_not_matched,jiqizhixin,model_assisted_substantive,editorial_source_only_unverified,53.05039787798408,0.0,0.0,26.52519893899204,0.0,0.0,26.52519893899204,13.26259946949602,0.10256410256410256,0.0,0.0,2.6525198938992043,0.0,0.0,0.0,0.08333333333333333,0.5466497520470533,0.27765404602821087,1473,754,7.8357453471178315,0.5315921568627452,0.4416445623342175,0.5597624350408315,0.003711952487008166,0.032665181885671864,0.6360446570972886,0.012620638455827766,0.07349665924276169,0.0,0.0,0.0,0.0,0.0,37.7,31.416666666666668,1.5,1347,20,1.0749776629520664,0.0,0.004454342984409799,0.02301410541945063,0.08834446919079436,3.0096688846062647,0.041666666666666664,0.0,0.009320905459387484,0.0,24,0.14846314846769895,0.5025177762191868,0.0,0.35,2.6525198938992043,0.1875,0.9130434782608695,23,1.0,1.0,0.0,0.0,0.0
,70294f6e4051db3347bfcba2,2864,pre,model_assisted_original,2021-10-18,2021-10,pre_candidate_pool_not_matched,jiqizhixin,model_assisted_substantive,editorial_source_only_unverified,45.39106145251397,0.0,0.0,13.966480446927374,27.932960893854748,13.966480446927374,17.45810055865922,3.4916201117318435,0.15384615384615385,0.0,0.0,9.078212290502794,0.0,0.34916201117318435,0.0,0.15714285714285714,0.5044125981701887,0.22145328719723184,4282,2864,7.873395568431743,0.41097758985200844,0.16829608938547486,0.7078596144340089,0.0004943153732081067,0.02694018783984182,0.4218600191754554,0.002718734552644587,0.01532377656945131,0.0,0.0,0.0,0.0,0.13333333333333333,95.46666666666667,40.91428571428571,2.6,4046,30,0.8063770974442845,0.13333333333333333,0.002965892239248641,0.01730103806228374,0.05536332179930796,2.2718449798282148,0.0,0.004448838358872961,0.13142257951765118,0.0,70,-0.08197536201981968,0.41919862342029407,0.04285714285714286,0.3,0.0,0.34146341463414637,1.0,25,1.0,1.0,0.0,0.0,0.0
,ab6793878c91d69109ca6eef,2966,pre,model_assisted_original,2021-10-19,2021-10,pre_candidate_pool_not_matched,jiqizhixin,model_assisted_substantive,editorial_source_only_unverified,47.20161834120027,10.114632501685772,3.3715441672285906,0.0,13.486176668914363,33.715441672285905,10.114632501685772,3.3715441672285906,0.1794871794871795,0.0,0.0,8.428860418071476,0.0,0.6743088334457181,0.0,0.0967741935483871,0.5102528105413263,0.03585771658060815,3567,2966,8.250169846442578,0.4577713822456425,0.19251517194875253,0.8508318990246702,0.0011474469305794606,0.04847963281698221,0.4811085634532948,0.00028686173264486515,0.03298909925415949,0.0,0.0,0.0,0.0,0.0625,92.6875,47.83870967741935,2.09375,3486,32,0.7387984964264082,0.03125,0.002868617326448652,0.018646012621916237,0.07974756167527251,2.298724822942447,0.0,0.004016064257028112,0.0641241984475194,0.001434308663224326,62,0.2846786012504028,0.5303695103339989,0.06451612903225806,0.03125,0.0,0.0,0.92,25,0.0,1.0,0.0,0.0,1.0
,8d03602a0069443799951a8d,992,pre,model_assisted_original,2021-10-21,2021-10,pre_candidate_pool_not_matched,jiqizhixin,model_assisted_substantive,editorial_source_only_unverified,40.32258064516129,0.0,10.080645161290322,10.080645161290322,20.161290322580644,0.0,0.0,0.0,0.10256410256410256,10.080645161290322,10.080645161290322,5.040322580645161,0.0,1.0080645161290323,0.0,0.06896551724137931,0.478182603686636,0.083668543845535,1332,992,7.6769522248380255,0.47318864097363084,0.3316532258064516,0.7980691874497184,0.004827031375703942,0.03298471440064361,0.5321387940841866,0.0008045052292839903,0.03700724054706356,0.0,0.034482758620689655,0.0,0.0,0.0,47.23809523809524,34.206896551724135,1.9523809523809523,1243,21,0.9615487735079001,0.0,0.0016090104585679806,0.02333065164923572,0.08125502815768303,2.433317647862616,0.10344827586206896,0.017699115044247787,0.0788675429726997,0.0,29,0.1779102511900431,0.4526535209933067,0.034482758620689655,0.38095238095238093,0.0,0.10810810810810811,1.0,25,0.0,1.0,0.0,0.0,0.0
,cbf364e6fe771c6b1f5d5147,4027,pre,model_assisted_original,2021-10-24,2021-10,pre_candidate_pool_not_matched,jiqizhixin,model_assisted_substantive,editorial_source_only_unverified,49.66476285075739,0.0,12.416190712689348,24.832381425378696,37.24857213806804,4.966476285075739,0.0,44.69828656568165,0.1794871794871795,0.0,7.449714427613609,7.201390613359822,0.0,0.24832381425378697,0.24832381425378697,0.11,0.6581835238403403,0.21849303574425238,6369,4027,8.07297879106132,0.3967471655328798,0.14775266948100324,0.6757845276053029,0.010236616882027186,0.029199530122503776,0.42373211963589075,0.00704816244336298,0.005202215136767914,0.1076923076923077,0.01,0.02,0.13076923076923078,0.007692307692307693,30.976923076923075,40.27,1.4153846153846155,5959,130,1.310041713942154,0.16964285714285715,0.011075683839570397,0.017452592716898807,0.10052022151367679,3.6356855639996475,0.0,0.022151367679140794,0.14587475149105367,0.0010068803490518544,100,0.19370706307571733,0.7949686959602115,0.0707070707070707,0.5692307692307692,0.49664762850757393,0.0,0.9,21,0.0,0.0,1.0,1.0,0.0
,cf487d67cd440c9b22a5e164,2629,pre,model_assisted_original,2021-10-29,2021-10,pre_candidate_pool_not_matched,jiqizhixin,model_assisted_substantive,editorial_source_only_unverified,49.44845949030049,3.8037276531000384,3.8037276531000384,15.214910612400153,34.23354887790034,11.411182959300113,15.214910612400153,15.214910612400153,0.2564102564102564,0.0,3.8037276531000384,4.94484594903005,0.0,0.0,0.0,0.09230769230769231,0.4910077500950932,0.07894736842105263,3313,2629,8.155073486316295,0.4724169014084507,0.2114872575123621,0.8335447051363348,0.004121750158528852,0.04185161699429296,0.5046976898419365,0.0012682308180088776,0.012048192771084338,0.0,0.0,0.0,0.0,0.0,58.422222222222224,40.44615384615385,1.6666666666666667,3154,45,0.47573123067716055,0.044444444444444446,0.0012682308180088776,0.02060875079264426,0.07545973367152822,2.242794364177202,0.06153846153846154,0.0063411540900443885,0.04379284082254379,0.0,65,0.06517935944590153,0.4280172323730525,0.046153846153846156,0.1111111111111111,0.0,0.2222222222222222,1.0,13,0.0,0.0,0.0,0.0,0.0
,6854781da914303f64c7c7fb,1076,pre,model_assisted_original,2021-11-07,2021-11,pre_candidate_pool_not_matched,jiqizhixin,model_assisted_substantive,editorial_source_only_unverified,55.762081784386616,0.0,9.293680297397769,27.881040892193308,0.0,9.293680297397769,9.293680297397769,27.881040892193308,0.1282051282051282,0.0,0.0,3.717472118959108,0.0,0.929368029739777,0.0,0.08823529411764706,0.4356764672749803,0.3397220891231433,2223,1076,7.889621188071126,0.4993587521663778,0.3643122676579926,0.5155725922376617,0.004312410158121706,0.02347867752755151,0.5597112860892388,0.023957834211787255,0.05079060852898898,0.0,0.0,0.0,0.0,0.0,39.851851851851855,31.647058823529413,1.6666666666666667,2087,27,0.944678716301584,0.0,0.0009583133684714902,0.020603737422137038,0.09391471011020604,2.8191704221949396,0.0,0.0014374700527072352,0.047530288909599254,0.0,34,0.07635909560305619,0.4348727421935741,0.0,0.18518518518518517,5.5762081784386615,0.3103448275862069,0.8333333333333334,18,1.0,0.0,0.0,0.0,0.0
,531294d76613f7f5fddf19b4,1498,pre,model_assisted_original,2021-11-08,2021-11,pre_candidate_pool_not_matched,jiqizhixin,model_assisted_substantive,editorial_source_only_unverified,6.675567423230975,0.0,0.0,0.0,20.026702269692926,0.0,6.675567423230975,26.7022696929239,0.02564102564102564,0.0,0.0,2.67022696929239,0.0,0.0,0.0,0.07317073170731707,0.7519859813084112,0.10518369401107197,2075,1498,8.082952940989266,0.46363363363363364,0.2817089452603471,0.7539003522898843,0.0050327126321087065,0.03925515853044791,0.5255623721881391,0.004529441368897836,0.04026170105686965,0.0,0.0,0.0,0.0,0.0,46.8125,36.53658536585366,1.625,1987,32,0.704544079096357,0.06451612903225806,0.0035228988424760945,0.02415702063412179,0.10015098137896326,3.175224966044409,0.024390243902439025,0.012078510317060896,0.05217391304347826,0.0,41,0.06930831042310567,0.6880428035086714,0.05,0.1875,2.67022696929239,0.0,1.0,30,1.0,0.0,0.0,0.0,0.0
,8cd3fe1399c8358f475a92de,1185,pre,model_assisted_original,2021-11-22,2021-11,pre_candidate_pool_not_matched,jiqizhixin,model_assisted_substantive,editorial_source_only_unverified,59.07172995780591,0.0,8.438818565400844,16.877637130801688,25.31645569620253,33.755274261603375,0.0,0.0,0.15384615384615385,0.0,0.0,4.219409282700422,0.0,0.0,0.0,0.09090909090909091,0.505617088607595,0.3513628620102215,2630,1185,7.401984639686028,0.37126239067055394,0.2514767932489452,0.5046848381601363,0.002981260647359455,0.02938671209540034,0.47961312345913143,0.02555366269165247,0.02938671209540034,0.0,0.0,0.0,0.0,0.0,43.888888888888886,35.90909090909091,1.7777777777777777,2348,27,1.0421097012245477,0.0,0.019591141396933562,0.014906303236797274,0.09795570698466781,3.2113550196432366,0.030303030303030304,0.0008517887563884157,0.077834179357022,0.0012776831345826234,33,0.06667054555126425,0.4767745786270223,0.0,0.37037037037037035,0.8438818565400844,0.5952380952380952,0.8666666666666667,15,0.0,0.0,0.0,0.0,0.0
,24c80060d517bd05639eb7a7,2391,pre,model_assisted_original,2022-02-06,2022-02,pre_candidate_pool_not_matched,jiqizhixin,model_assisted_substantive,editorial_source_only_unverified,16.72940192388122,0.0,4.182350480970305,8.36470096194061,12.547051442910915,4.182350480970305,0.0,0.0,0.07692307692307693,0.0,0.0,4.182350480970306,0.0,0.0,0.0,0.08064516129032258,0.5079841756312949,0.27664516129032257,4224,2391,7.670808289343629,0.3771627906976744,0.17105813467168549,0.6170322580645161,0.00464516129032258,0.02967741935483871,0.45535527143156573,0.007225806451612903,0.016,0.03125,0.0,0.0,0.03125,0.0,37.359375,38.564516129032256,1.453125,3875,64,0.8173180727774751,0.09836065573770492,0.017548387096774195,0.01858064516129032,0.09006451612903225,3.5278655708463935,0.016129032258064516,0.004129032258064516,0.11809045226130653,0.001032258064516129,62,0.3637692514858866,0.7061042635199694,0.03225806451612903,0.375,1.2547051442910915,0.0975609756097561,0.9583333333333334,31,1.0,0.0,0.0,0.0,1.0
,559c8442eaab83bf1ed67488,2933,pre,model_assisted_original,2022-02-09,2022-02,pre_candidate_pool_not_matched,jiqizhixin,model_assisted_substantive,editorial_source_only_unverified,27.27582679849983,0.0,6.818956699624957,3.4094783498124785,34.094783498124784,17.047391749062392,0.0,23.86634844868735,0.1794871794871795,0.0,0.0,5.114217524718718,0.0,0.6818956699624957,0.0,0.08695652173913043,0.5307053609033112,0.21408711770157554,4638,2933,7.913497459746167,0.4157904683648315,0.16706443914081145,0.6795644114921223,0.007877664504170528,0.028730305838739572,0.45967378570784895,0.004402224281742354,0.009267840593141797,0.12781954887218044,0.0,0.0,0.0,0.0,22.05263157894737,42.507246376811594,1.2255639097744362,4316,133,1.211928514550213,0.20909090909090908,0.014828544949026877,0.0206209453197405,0.09476367006487488,3.7354823709001943,0.0,0.0027803521779425394,0.12320819112627987,0.004402224281742354,69,0.010790902486203059,0.5489594727770928,0.07246376811594203,0.518796992481203,3.068530514831231,0.18604651162790697,0.8888888888888888,27,0.0,1.0,0.0,0.0,1.0
,089624981eae4b7dd6f3e566,2235,pre,model_assisted_original,2022-03-11,2022-03,pre_candidate_pool_not_matched,jiqizhixin,human_kept,editorial_source_only_unverified,62.639821029082775,4.47427293064877,4.47427293064877,4.47427293064877,40.26845637583893,35.79418344519016,17.89709172259508,0.0,0.1794871794871795,0.0,0.0,4.026845637583893,0.0,0.0,0.447427293064877,0.07547169811320754,0.5280846670108416,0.0780399274047187,2813,2235,8.077424447292655,0.41569009216589864,0.2174496644295302,0.8112522686025408,0.0018148820326678765,0.043557168784029036,0.47934315130978755,0.001088929219600726,0.035208711433756805,0.0,0.0,0.0,0.0,0.10714285714285714,79.82142857142857,42.16981132075472,2.0714285714285716,2755,28,0.8631709774141615,0.14285714285714285,0.003629764065335753,0.020326678765880218,0.07549909255898367,2.5139569818356122,0.0,0.003629764065335753,0.10797491039426524,0.0003629764065335753,53,0.3475416653556746,0.620495680258295,0.09433962264150944,0.2857142857142857,0.0,0.17142857142857143,1.0,20,1.0,1.0,0.0,0.0,0.0
,774e84408a478c4cdef91612,1367,pre,model_assisted_original,2022-06-23,2022-06,pre_candidate_pool_not_matched,jiqizhixin,model_assisted_substantive,editorial_source_only_unverified,95.09875640087785,7.31528895391368,29.26115581565472,21.945866861741038,73.1528895391368,21.945866861741038,21.945866861741038,43.891733723482076,0.15384615384615385,0.0,0.0,2.194586686174104,0.0,1.463057790782736,0.0,0.10526315789473684,0.5837600585223116,0.21247311827956988,2579,1367,7.956018563386798,0.4538617511520737,0.3130943672275055,0.5879569892473119,0.005161290322580645,0.034408602150537634,0.5518157661647476,0.006021505376344086,0.09591397849462366,0.13793103448275862,0.0,0.0,0.017241379310344827,0.0,23.56896551724138,23.982456140350877,1.4310344827586208,2325,58,1.0958656891602172,0.02631578947368421,0.004301075268817204,0.028817204301075268,0.10365591397849462,3.0967551429842417,0.017543859649122806,0.006021505376344086,0.04105571847507331,0.00043010752688172043,57,-0.10224514845965275,0.48992342123462146,0.017857142857142856,0.3793103448275862,3.6576444769568397,0.05263157894736842,0.7619047619047619,23,1.0,1.0,0.0,1.0,0.0
,fed800d69c7a49240165e168,5074,pre,model_assisted_original,2022-07-04,2022-07,pre_candidate_pool_not_matched,jiqizhixin,model_assisted_substantive,editorial_source_only_unverified,61.095782420181315,3.9416633819471816,9.854158454867955,5.912495072920772,33.50413874655104,39.41663381947182,1.9708316909735908,7.883326763894363,0.41025641025641024,0.0,3.9416633819471816,8.671659440283799,0.0,0.19708316909735907,0.0,0.09565217391304348,0.5282434011714348,0.10666244658965027,6453,5074,8.241126696377837,0.432895737704918,0.1271186440677966,0.802975154296566,0.00332331065041937,0.04731761354644722,0.4417240790297785,0.001424275993036873,0.007279632853299573,0.06422018348623854,0.0,0.0,0.027522935779816515,0.0,46.55045871559633,44.12173913043478,1.4311926605504588,6319,109,0.943002249205419,0.12087912087912088,0.003956322202880202,0.019306852350055387,0.08276626048425384,2.5888431442060504,0.06956521739130435,0.00253204620984333,0.09879708144350227,0.001582528881152081,115,0.0941388940295512,0.514025020699992,0.11304347826086956,0.26605504587155965,0.7883326763894363,0.0,0.8823529411764706,19,0.0,0.0,0.0,0.0,0.0
,2a475daf899a6a7502020cfb,989,pre,model_assisted_original,2022-08-25,2022-08,pre_candidate_pool_not_matched,jiqizhixin,human_kept,editorial_source_only_unverified,20.222446916076848,0.0,0.0,10.111223458038424,10.111223458038424,0.0,0.0,0.0,0.05128205128205128,10.111223458038424,0.0,3.033367037411527,0.0,0.0,0.0,0.13636363636363635,0.34638162646251625,0.1310888252148997,1414,989,8.01831290755861,0.5167632653061225,0.38119312436804853,0.7084527220630372,0.0,0.054441260744985676,0.5601671309192201,0.0164756446991404,0.05945558739255014,0.0,0.0,0.0,0.0,0.0,70.64285714285714,44.95454545454545,1.7142857142857142,1396,14,0.5297557434043251,0.0,0.0014326647564469914,0.025071633237822348,0.1010028653295129,2.3863926431778864,0.0,0.0,0.05476673427991886,0.0,22,0.03352909030478863,0.35626103462564623,0.0,0.14285714285714285,0.0,0.0967741935483871,0.9285714285714286,15,0.0,1.0,0.0,0.0,0.0
,49beb93225d8c3fa08fa47c5,596,pre,model_assisted_original,2022-09-01,2022-09,pre_candidate_pool_not_matched,jiqizhixin,human_kept,editorial_source_only_unverified,33.557046979865774,0.0,0.0,0.0,16.778523489932887,33.557046979865774,0.0,0.0,0.02564102564102564,0.0,0.0,3.3557046979865772,0.0,0.0,0.0,0.0,0.5863652419639703,0.2983479105928086,1132,596,7.626077007035333,0.48659793814432983,0.4563758389261745,0.5792031098153547,0.0009718172983479105,0.0369290573372206,0.6209677419354839,0.0,0.04470359572400389,0.08333333333333333,0.0,0.0,0.0,0.0,16.555555555555557,29.8,1.25,1029,36,1.1648694602489784,0.10344827586206896,0.008746355685131196,0.019436345966958212,0.07774538386783285,2.7046381430998934,0.0,0.009718172983479106,0.03204047217537943,0.0,20,-0.2639891170257365,0.4943945051879681,0.0,0.6388888888888888,0.0,0.34375,1.0,20,0.0,0.0,0.0,0.0,0.0
16,3d981d03ec9fe46cfba6107f,2656,transition,model_assisted_original,2023-01-17,2023-01,transition_exploratory_only,jiqizhixin,model_assisted_substantive,editorial_source_only_unverified,60.24096385542169,3.7650602409638556,18.825301204819276,7.530120481927711,11.295180722891565,30.120481927710845,0.0,7.530120481927711,0.1794871794871795,3.7650602409638556,0.0,7.530120481927711,0.0,0.0,0.0,0.1206896551724138,0.5968875502008032,0.10537129439389492,3608,2656,7.936864461799547,0.41950394065832175,0.18373493975903615,0.7795714705019078,0.0035221602582917524,0.03375403580862929,0.48091766723842194,0.003228646903434106,0.034634575873202234,0.0,0.0,0.0,0.14925373134328357,0.0,39.64179104477612,45.793103448275865,1.373134328358209,3407,67,1.091410763437444,0.07692307692307693,0.005283240387437629,0.02729674200176108,0.07954211916642208,2.8205894049953675,0.017241379310344827,0.0,0.061062947606483224,0.003228646903434106,58,-0.19448041127348065,0.5202664815837035,0.08620689655172414,0.40298507462686567,0.37650602409638556,0.06666666666666667,0.9230769230769231,27,0.0,0.0,0.0,0.0,0.0
17,38790cda56298be3819d3798,6025,transition,model_assisted_original,2023-01-18,2023-01,transition_exploratory_only,infoq,model_assisted_substantive,page_view_snapshot,82.98755186721992,14.937759336099585,16.59751037344398,16.59751037344398,26.55601659751037,43.15352697095436,6.639004149377593,24.896265560165972,0.41025641025641024,0.0,0.0,5.477178423236515,8.333333333333334,0.8298755186721991,0.16597510373443983,0.15,0.7720771296070296,0.055478115416782825,7469,6025,8.33965828211899,0.46085378212088307,0.12282157676348547,0.8398383049902426,0.0039029829941455256,0.06091441315862838,0.42350002401883075,0.002090883746863674,0.012545302481182047,0.11428571428571428,0.025,0.0,0.0,0.0,57.38095238095238,50.208333333333336,1.561904761904762,7174,105,0.810153027454569,0.06976744186046512,0.0019514914970727628,0.017005854474491218,0.09213827711179258,2.1513783054486195,0.14166666666666666,0.0030666294954000556,0.09365659249418798,0.002090883746863674,120,-0.06264086342696232,1.0089098774692478,0.075,0.2761904761904762,0.0,0.08695652173913043,1.0,15,0.0,1.0,0.0,1.0,1.0
45,48a9230fe1ff0bc5832f1e7c,8990,transition,model_assisted_original,2023-02-15,2023-02,transition_exploratory_only,infoq,model_assisted_substantive,page_view_snapshot,24.47163515016685,1.1123470522803116,8.898776418242493,6.674082313681868,30.03337041156841,6.674082313681868,1.1123470522803116,11.123470522803114,0.28205128205128205,1.1123470522803116,0.0,3.003337041156841,0.0,0.11123470522803115,0.0,0.09025270758122744,0.6151238896680692,0.28263289730030616,16098,8990,8.603408994273956,0.4737133435402191,0.0982202447163515,0.6255218480378514,0.004592262733092123,0.028945171166156414,0.4530005310674456,0.0008349568605622043,0.025883662677428334,0.048723897911832945,0.0,0.0036101083032490976,0.004640371229698376,0.002320185614849188,20.858468677494198,32.454873646209386,1.396751740139211,14372,431,1.5855010387596766,0.048109965635738834,0.005009741163373225,0.019691065961591984,0.06463957695519065,2.8077950254337747,0.0,0.003339827442248817,0.062089685100701016,6.957973838018369e-05,277,-0.07625046430346423,0.6224236109225482,0.02181818181818182,0.46867749419953597,0.11123470522803115,0.25,1.0,14,1.0,1.0,0.0,1.0,0.0
55,8edbbf17c05ba07ef9db5e86,3832,transition,model_assisted_original,2023-02-25,2023-02,transition_exploratory_only,infoq,model_assisted_substantive,page_view_snapshot,86.1169102296451,2.609603340292275,23.48643006263048,20.8768267223382,23.48643006263048,33.92484342379959,5.21920668058455,26.096033402922757,0.3076923076923077,2.609603340292275,0.0,20.09394572025052,0.0,0.2609603340292275,0.0,0.1702127659574468,0.5966395043437268,0.0152954808806489,4443,3832,7.988751457650456,0.4176099609960996,0.1495302713987474,0.8880648899188877,0.0009269988412514484,0.047508690614136734,0.4556843825383239,0.0004634994206257242,0.005561993047508691,0.022222222222222223,0.0,0.0,0.24444444444444444,0.022222222222222223,42.577777777777776,40.765957446808514,1.6666666666666667,4315,90,1.4391941365060297,0.025974025974025976,0.009269988412514484,0.022711471610660488,0.0910776361529548,2.456583306709487,0.010638297872340425,0.00880648899188876,0.04256986158265866,0.0013904982618771727,94,0.00223846831603138,0.5260965511811084,0.021505376344086023,0.5444444444444444,0.0,0.0,1.0,6,0.0,0.0,0.0,0.0,0.0
85,9f1d90b6ac15dd29465af213,8749,transition,model_assisted_original,2023-03-27,2023-03,transition_exploratory_only,jiqizhixin,model_assisted_substantive,editorial_source_only_unverified,70.86524174191337,18.28780432049377,40.00457195108012,12.572865470339469,32.0036575608641,16.00182878043205,1.1429877700308606,48.00548634129615,0.358974358974359,0.0,1.1429877700308606,14.173048348382672,3.9840637450199203,0.45719510801234425,0.22859755400617213,0.20717131474103587,0.579402903188936,0.08335720423947293,10866,8749,8.150721134951667,0.4145495757575758,0.08835295462338554,0.8353862312613387,0.003628377733218753,0.04535472166523441,0.4242626897612519,0.00019096724911677647,0.0064928864699704,0.22972972972972974,0.0,0.0,0.0,0.24324324324324326,118.22972972972973,34.85657370517928,3.7567567567567566,10473,74,1.1888363709942316,0.0425531914893617,0.00019096724911677647,0.024061873388713836,0.07476367802921799,1.7828588951109106,0.16334661354581673,0.0007638689964671059,0.06311456665904414,9.548362455838824e-05,251,0.07335281365185672,0.6077897410560356,0.055776892430278883,0.3783783783783784,0.0,0.25,1.0,25,0.0,1.0,0.0,0.0,0.0
105,fed44f93815203d3293d5e86,1560,transition,model_assisted_original,2023-04-16,2023-04,transition_exploratory_only,infoq,model_assisted_substantive,page_view_snapshot,6.410256410256411,0.0,0.0,0.0,12.820512820512821,0.0,6.410256410256411,6.410256410256411,0.02564102564102564,0.0,0.0,8.974358974358974,0.0,0.0,0.0,0.05263157894736842,0.4628205128205128,0.10219341974077767,2120,1560,7.811625508026405,0.43746465598491985,0.2519230769230769,0.7776669990029911,0.0,0.053838484546360914,0.503956834532374,0.0014955134596211367,0.03290129611166501,0.0,0.0,0.0,0.0,0.0,91.76470588235294,41.05263157894737,2.235294117647059,2006,17,0.37309674808547,0.0,0.004985044865403789,0.02143569292123629,0.08673978065802593,2.261285688713725,0.0,0.0,0.05908798972382787,0.0009970089730807576,38,0.01977894550408294,0.40648911311319635,0.05263157894736842,0.0,0.0,0.0,1.0,22,0.0,1.0,0.0,0.0,0.0
131,f2a7adac5af4ea327b312cc9,1050,transition,model_assisted_original,2023-05-12,2023-05,transition_exploratory_only,infoq,model_assisted_substantive,page_view_snapshot,0.0,0.0,0.0,0.0,19.047619047619047,0.0,0.0,9.523809523809524,0.0,0.0,0.0,12.380952380952381,0.0,0.0,0.0,0.0,0.6397691197691198,0.6105610561056105,5161,1050,7.584828997457936,0.4093901996370236,0.2885714285714286,0.23102310231023102,0.005280528052805281,0.025082508250825083,0.5362260613365475,0.0088008800880088,0.03828382838283828,0.3165137614678899,0.0,0.058823529411764705,0.0045871559633027525,0.0,4.81651376146789,30.88235294117647,1.0596330275229358,4545,218,3.106932924854749,0.05714285714285714,0.0242024202420242,0.01276127612761276,0.10715071507150715,4.026240843143708,0.029411764705882353,0.00044004400440044003,0.07736389684813753,0.0,34,0.2287868908230091,0.6331120272134052,0.030303030303030304,0.10091743119266056,5.714285714285714,0.21428571428571427,1.0,36,0.0,1.0,1.0,0.0,0.0
138,10d4f26df3ad152549172551,7013,transition,model_assisted_original,2023-05-19,2023-05,transition_exploratory_only,jiqizhixin,model_assisted_substantive,editorial_source_only_unverified,18.537002709254242,2.8518465706544984,1.4259232853272492,5.703693141308997,15.685156138599742,7.129616426636247,4.277769855981749,22.814772565235987,0.20512820512820512,0.0,0.0,3.7074005418508484,0.0,0.0,0.0,0.031818181818181815,0.6070656777660796,0.008233532934131737,8230,7013,8.85210852268301,0.5258065704636169,0.14501639811778128,0.874875249500998,0.000873253493013972,0.05264471057884232,0.4820349227669577,0.000998003992015968,0.016467065868263474,0.0,0.01818181818181818,0.004545454545454545,0.025423728813559324,0.0,59.432203389830505,31.87727272727273,2.059322033898305,8016,118,0.4542435908448728,0.025423728813559324,0.005988023952095809,0.028567864271457084,0.1000499001996008,2.4574693382565758,0.05454545454545454,0.009730538922155689,0.0550641940085592,0.000249500998003992,220,0.052978937885752767,0.558122676670917,0.1141552511415525,0.07627118644067797,0.0,0.0,1.0,8,0.0,0.0,0.0,0.0,0.0
153,f47b88339095d2214e756f0b,2037,transition,model_assisted_original,2023-06-03,2023-06,transition_exploratory_only,jiqizhixin,model_assisted_substantive,editorial_source_only_unverified,19.636720667648504,0.0,9.818360333824252,4.909180166912126,19.636720667648504,0.0,4.909180166912126,14.727540500736376,0.10256410256410256,0.0,0.0,12.763868433971526,0.0,0.0,0.0,0.047619047619047616,0.6729298303957432,0.5627510846858429,7083,2037,7.633578720295545,0.35646163849154744,0.18409425625920472,0.32733408323959506,0.004178049172424875,0.02924634420697413,0.4350224060668735,0.004338743371364293,0.033424393379399,0.07291666666666667,0.0,0.0,0.07291666666666667,0.0,21.21875,32.333333333333336,1.3541666666666667,6223,96,1.25108325564228,0.08,0.004660131769243131,0.01783705608227543,0.07456210830789009,3.584143064278031,0.0,0.0016069419893941829,0.08161258603736479,0.0,63,-0.08982263182223565,0.6255617095372398,0.01639344262295082,0.5,2.454590083456063,0.36363636363636365,0.9,22,0.0,1.0,0.0,0.0,0.0
159,f58aa7e373f216c50420cc5b,2929,transition,model_assisted_original,2023-06-09,2023-06,transition_exploratory_only,jiqizhixin,model_assisted_substantive,editorial_source_only_unverified,58.04028678729942,0.0,23.898941618299762,27.31307613519973,30.727210652099693,3.414134516899966,3.414134516899966,20.484807101399795,0.15384615384615385,0.0,0.0,7.169682485489928,14.492753623188406,0.3414134516899966,0.0,0.15942028985507245,0.42611411242544134,0.2976568705321684,5456,2929,7.7959906940281885,0.39869794238683126,0.1498805052919085,0.5816123907863384,0.003772835583796664,0.025814138204924543,0.4258097337629303,0.003574265289912629,0.04169976171564734,0.0,0.0,0.0,0.14893617021276595,0.0425531914893617,62.319148936170215,42.44927536231884,2.0425531914893615,5036,47,1.2172271066639369,0.02857142857142857,0.013502779984114376,0.02402700555996823,0.07823669579030977,3.4636253347070465,0.014492753623188406,0.0007942811755361397,0.19480519480519481,0.0,69,0.01781920388278569,0.4222971124454358,0.014492753623188406,0.3191489361702128,0.6828269033799932,0.2909090909090909,1.0,27,0.0,1.0,0.0,0.0,0.0
175,6ef00b4fadbccbd00b6f011c,1600,transition,model_assisted_original,2023-06-25,2023-06,transition_exploratory_only,jiqizhixin,model_assisted_substantive,editorial_source_only_unverified,18.75,0.0,0.0,12.5,0.0,0.0,6.25,0.0,0.07692307692307693,0.0,0.0,3.125,0.0,0.625,0.0,0.09523809523809523,0.43640625,0.10974409448818898,2090,1600,8.01868976270381,0.44834150772025433,0.271875,0.7874015748031497,0.000984251968503937,0.047244094488188976,0.5056959772160912,0.0014763779527559055,0.015748031496062992,0.03333333333333333,0.0,0.0,0.0,0.03333333333333333,53.333333333333336,76.19047619047619,1.2333333333333334,2032,30,1.0807260291119114,0.0,0.00984251968503937,0.011811023622047244,0.08710629921259842,2.9640073367708313,0.0,0.014763779527559055,0.10206637445209768,0.0004921259842519685,21,0.09435712746670631,0.4206171061666418,0.0,0.23333333333333334,0.0,0.4,1.0,17,0.0,1.0,0.0,0.0,0.0
177,f1f34167984d5e508d20f41c,7587,transition,model_assisted_original,2023-06-27,2023-06,transition_exploratory_only,infoq,human_kept,page_view_snapshot,51.403716884143925,3.954132068011072,13.18044022670357,10.544352181362857,44.81349677079215,15.816528272044287,11.862396204033216,34.26914458942929,0.38461538461538464,0.0,0.0,8.435481745090286,0.0,0.92263081586925,0.0,0.1415929203539823,0.5157922176822928,0.11206349206349206,9917,7587,8.301757034461552,0.4469520316027088,0.09529458283906682,0.8028571428571428,0.004761904761904762,0.042645502645502646,0.4127768763442889,0.0005291005291005291,0.006984126984126984,0.15315315315315314,0.008849557522123894,0.0,0.0,0.009009009009009009,68.35135135135135,33.57079646017699,2.3603603603603602,9450,111,0.8575415230658296,0.08235294117647059,0.0010582010582010583,0.02455026455026455,0.07777777777777778,2.2250231471751096,0.16371681415929204,0.0019047619047619048,0.08425632911392406,0.00031746031746031746,226,-0.0348493230404458,0.46553376454080525,0.084070796460177,0.2972972972972973,0.26360880453407143,0.2,1.0,14,0.0,0.0,0.0,1.0,0.0
184,b2e18d9fb55b6c290390b211,3532,transition,model_assisted_original,2023-07-04,2023-07,transition_exploratory_only,jiqizhixin,model_assisted_substantive,editorial_source_only_unverified,31.14382785956965,5.662514156285391,8.493771234428086,5.662514156285391,48.131370328425824,14.156285390713476,2.8312570781426953,14.156285390713476,0.20512820512820512,0.0,0.0,7.927519818799547,0.0,0.28312570781426954,0.0,0.125,0.5102005008533648,0.057738961669092675,4245,3532,8.155847780074923,0.4450946257830531,0.16506228765571915,0.8568655992236778,0.002183406113537118,0.046579330422125184,0.4730193256922948,0.00048520135856380397,0.005337214944201844,0.0,0.0,0.0,0.0,0.0,73.58333333333333,49.05555555555556,1.6458333333333333,4122,48,0.5453174592015627,0.0,0.001455604075691412,0.018922852983988356,0.08005822416302766,2.2427032599445424,0.06944444444444445,0.009704027171276079,0.059223576083876454,0.00048520135856380397,72,0.021809601540736644,0.4934100521152523,0.014084507042253521,0.16666666666666666,0.0,0.0,1.0,21,0.0,0.0,0.0,0.0,0.0
186,55a8c05716103aaced6ecf7f,2994,transition,model_assisted_original,2023-07-06,2023-07,transition_exploratory_only,jiqizhixin,human_kept,editorial_source_only_unverified,33.4001336005344,0.0,0.0,3.3400133600534403,26.720106880427522,20.040080160320638,10.020040080160319,20.040080160320638,0.20512820512820512,0.0,0.0,6.346025384101536,0.0,0.6680026720106881,0.0,0.10666666666666667,0.5670124031847479,0.12957673331602182,4241,2994,8.186802537576087,0.46646492985971943,0.19405477621910489,0.7774603998961309,0.0015580368735393405,0.046741106206180216,0.4852519648636153,0.0005193456245131135,0.016359387172163075,0.16393442622950818,0.0,0.0,0.0,0.0,24.540983606557376,39.92,1.2540983606557377,3851,122,1.020668080579567,0.1,0.003116073747078681,0.019735133731498312,0.07660347961568424,2.1319796182123705,0.04,0.004154764996104908,0.03644266131728519,0.0005193456245131135,75,0.15133563679976036,0.5278345601172066,0.0,0.5409836065573771,0.0,0.0,1.0,20,0.0,1.0,0.0,0.0,0.0
192,caaeb7e72e492fae34e311c8,3682,transition,model_assisted_original,2023-07-12,2023-07,transition_exploratory_only,infoq,model_assisted_substantive,page_view_snapshot,27.159152634437802,5.431830526887561,8.147745790331342,0.0,24.443237370994023,8.147745790331342,10.863661053775122,8.147745790331342,0.15384615384615385,0.0,0.0,8.690928843020098,0.0,0.0,0.0,0.09195402298850575,0.8165557141593928,0.03928064363464269,4351,3682,8.19483809494758,0.4394288407163054,0.15616512764801738,0.8712730714623758,0.007808802650260294,0.05134879318504496,0.4450173205510352,0.000709891150023663,0.005442498816848084,0.17333333333333334,0.0,0.0,0.06666666666666667,0.02666666666666667,49.093333333333334,42.32183908045977,1.6,4226,75,1.134835890042732,0.08928571428571429,0.000473260766682442,0.02082347373402745,0.08353052531945102,2.3344406961009874,0.3448275862068966,0.0,0.08779559662951888,0.000946521533364884,87,-0.12164890619557758,0.7413387098119291,0.05747126436781609,0.3466666666666667,0.0,0.0,0.8,15,0.0,0.0,0.0,0.0,0.0
198,b0f066a3a5abd771dc88d05d,2755,transition,model_assisted_original,2023-07-18,2023-07,transition_exploratory_only,infoq,model_assisted_substantive,page_view_snapshot,21.778584392014523,0.0,10.889292196007261,3.629764065335753,18.148820326678766,3.629764065335753,3.629764065335753,7.259528130671506,0.1282051282051282,0.0,0.0,6.896551724137931,0.0,0.36297640653357527,0.0,0.06153846153846154,0.7203380217785843,0.3023469857340083,4667,2755,7.945332988282412,0.40595301418439717,0.17749546279491832,0.6339162448228256,0.004601932811780948,0.03267372296364473,0.43187998124706983,0.0006902899217671422,0.0027611596870685687,0.07142857142857142,0.0,0.0,0.0,0.05357142857142857,49.19642857142857,42.38461538461539,1.6785714285714286,4346,56,1.1398771700118484,0.06521739130434782,0.0032213529682466636,0.014726184997699034,0.06028531983433042,2.550807487851215,0.15384615384615385,0.0,0.09047965116279069,0.0016106764841233318,65,0.04266185950377293,0.8300556972270847,0.015384615384615385,0.42857142857142855,0.0,0.4642857142857143,0.9166666666666666,13,0.0,0.0,0.0,1.0,0.0
202,41fe29b60289adabb19e6719,2846,transition,model_assisted_original,2023-07-22,2023-07,transition_exploratory_only,jiqizhixin,model_assisted_substantive,editorial_source_only_unverified,45.67814476458187,3.5137034434293746,21.082220660576244,7.027406886858749,21.082220660576244,17.568517217146873,0.0,21.082220660576244,0.15384615384615385,0.0,0.0,2.8109627547434997,13.513513513513514,0.0,0.0,0.12162162162162163,0.4893963168686645,0.07687793427230047,3552,2846,8.507103787825653,0.5175841499786962,0.23471539002108222,0.835093896713615,0.0005868544600938967,0.046948356807511735,0.5090145461995492,0.0020539906103286387,0.01056338028169014,0.0,0.0,0.0,0.0,0.0,61.869565217391305,38.45945945945946,1.6521739130434783,3408,46,0.4088211698555506,0.0,0.004107981220657277,0.02142018779342723,0.07687793427230047,2.0360704193582064,0.04054054054054054,0.0017605633802816902,0.03869152303904327,0.0,74,0.16031378755597703,0.5025740818705491,0.02702702702702703,0.021739130434782608,0.0,0.24390243902439024,1.0,24,0.0,1.0,0.0,0.0,0.0
205,ff33cd9163c1c6a848fa040f,6203,transition,human_reviewed_original,2023-07-25,2023-07,transition_exploratory_only,infoq,human_kept,page_view_snapshot,91.89102047396422,6.448492664839593,20.95760116072868,19.34547799451878,74.15766564565533,38.69095598903756,12.896985329679186,51.587941318716744,0.358974358974359,0.0,0.0,11.446074480090278,10.362694300518134,0.3224246332419797,0.16121231662098984,0.16580310880829016,0.5054400760384761,0.04110163567733818,7304,6203,8.38618137614763,0.45546002805049085,0.12042560051587942,0.8671885921990773,0.00041940444568712426,0.053683769047951906,0.44491667064610096,0.0,0.004753250384454075,0.0,0.0,0.0,0.0,0.07936507936507936,98.46031746031746,32.13989637305699,3.3015873015873014,7153,63,0.6771614313555261,0.05084745762711865,0.003914441493079826,0.026841884523975953,0.08681672025723473,1.8631937028149186,0.12435233160621761,0.0008388088913742485,0.05403225806451613,0.0001398014818957081,193,0.13543693866885306,0.5184604143532748,0.06217616580310881,0.2222222222222222,0.0,0.0,1.0,24,1.0,0.0,0.0,0.0,0.0
206,083b3404b149d8ac9b9673a0,1360,transition,model_assisted_original,2023-07-26,2023-07,transition_exploratory_only,jiqizhixin,human_kept,editorial_source_only_unverified,22.058823529411764,0.0,0.0,0.0,14.705882352941176,0.0,22.058823529411764,7.352941176470588,0.05128205128205128,0.0,0.0,4.411764705882353,0.0,0.0,0.0,0.05263157894736842,0.5527821939586645,0.24721819061441702,2247,1360,8.165353364316514,0.4962764227642276,0.3161764705882353,0.6579583938074504,0.005805515239477504,0.043057571359458154,0.5559779509598936,0.0004837929366231253,0.019351717464925013,0.0,0.0,0.0,0.0,0.0,41.21212121212121,35.78947368421053,1.5454545454545454,2067,33,0.6647245897940114,0.0625,0.0009675858732462506,0.019351717464925013,0.07547169811320754,2.443830204730341,0.0,0.0019351717464925011,0.025055268975681652,0.001451378809869376,38,-0.010186962083839712,0.4856571725748075,0.02631578947368421,0.30303030303030304,0.7352941176470588,0.46,0.9545454545454546,24,0.0,0.0,0.0,0.0,0.0
206,b22137fdaff3ca8dc1d72095,1493,transition,model_assisted_original,2023-07-26,2023-07,transition_exploratory_only,jiqizhixin,model_assisted_substantive,editorial_source_only_unverified,6.697923643670462,0.0,0.0,0.0,6.697923643670462,0.0,0.0,26.79169457468185,0.02564102564102564,6.697923643670462,0.0,8.037508372404554,0.0,0.0,0.6697923643670461,0.044444444444444446,0.632268769408756,0.3846671149966375,3241,1493,7.949780995919117,0.4516921529175051,0.28868050904219694,0.5020174848688634,0.013449899125756557,0.02824478816408877,0.5550821667681071,0.003698722259583053,0.030598520511096166,0.0851063829787234,0.0,0.0,0.010638297872340425,0.0,15.882978723404255,33.17777777777778,1.2765957446808511,2974,94,1.4316270852246213,0.22857142857142856,0.005379959650302623,0.01815736381977135,0.08002689979825152,3.3268590459127307,0.15555555555555556,0.0006724949562878278,0.08791946308724832,0.0,45,-0.12209402506073956,0.5264908834145078,0.18181818181818182,0.7553191489361702,5.358338914936369,0.10256410256410256,0.72,27,0.0,1.0,0.0,0.0,0.0
212,372679bcd5411d327c2b6d93,1070,transition,model_assisted_original,2023-08-01,2023-08,transition_exploratory_only,jiqizhixin,model_assisted_substantive,editorial_source_only_unverified,9.345794392523365,0.0,0.0,0.0,28.037383177570092,0.0,0.0,0.0,0.02564102564102564,0.0,9.345794392523365,23.36448598130841,0.0,0.0,0.0,0.08108108108108109,0.6675752855659398,0.14943342776203966,1532,1070,7.98555038972891,0.4993064798598949,0.3616822429906542,0.7577903682719547,0.0084985835694051,0.05240793201133145,0.559244126659857,0.000708215297450425,0.002124645892351275,0.0,0.0,0.0,0.0851063829787234,0.0,22.76595744680851,28.91891891891892,1.1914893617021276,1412,47,0.9625759904233564,0.05,0.0,0.026203966005665724,0.0906515580736544,2.031546147169333,0.08108108108108109,0.0,0.033739456419868794,0.0,37,-0.048051359085730556,0.77823479856305,0.0,0.5531914893617021,0.0,0.375,0.9230769230769231,13,1.0,0.0,0.0,0.0,0.0
215,e7bdd871f45cc11e19b00f02,2434,transition,model_assisted_original,2023-08-04,2023-08,transition_exploratory_only,jiqizhixin,model_assisted_substantive,editorial_source_only_unverified,49.30156121610518,0.0,4.108463434675431,20.542317173377157,49.30156121610518,4.108463434675431,16.433853738701725,24.65078060805259,0.1794871794871795,0.0,4.108463434675431,7.395234182415777,0.0,0.0,0.0,0.125,0.6561020464060727,0.10188554416142905,3161,2434,8.088696398196639,0.4667607235142119,0.22267871815940837,0.8051604366523322,0.005623552762156798,0.037049288785974195,0.5018863475595379,0.0009923916639100231,0.010585511081706914,0.11627906976744186,0.0,0.0,0.0,0.0,56.604651162790695,38.03125,1.930232558139535,3023,43,0.9508465023838811,0.11904761904761904,0.006615944426066821,0.02216341382732385,0.08170691366192524,2.9077074227120896,0.0,0.006615944426066821,0.057178116001645414,0.0,64,-0.12396923115828697,0.5781535083542978,0.078125,0.4418604651162791,0.8216926869350862,0.40816326530612246,0.9,20,1.0,1.0,0.0,0.0,0.0
218,e89331895381298c2efeba0b,3637,transition,model_assisted_original,2023-08-07,2023-08,transition_exploratory_only,jiqizhixin,model_assisted_substantive,editorial_source_only_unverified,71.48748968930437,0.0,27.495188342040144,8.248556502612043,10.998075336816058,30.244707176244155,0.0,21.996150673632116,0.23076923076923078,5.499037668408029,0.0,4.124278251306022,0.0,0.0,0.5499037668408029,0.2018348623853211,0.47507612093809504,0.1816934535476284,5501,3637,7.839376944476509,0.3885564053537285,0.13032719274127028,0.7128577028616229,0.005096040768326146,0.028616228929831438,0.41942703670546105,0.01097608780870247,0.01803214425715406,0.0,0.01834862385321101,0.0,0.0,0.05333333333333334,48.49333333333333,33.36697247706422,2.0533333333333332,5102,75,1.2448734906758219,0.06557377049180328,0.012740101920815367,0.024304194433555467,0.0862406899255194,3.0768512273434485,0.0,0.0013720109760878088,0.13153549807374793,0.0005880047040376323,109,0.0528269512957508,0.4798709944222942,0.11926605504587157,0.4533333333333333,0.5499037668408029,0.27586206896551724,0.9,20,0.0,0.0,0.0,0.0,0.0
227,a6123afae930e908455a0d59,1742,transition,model_assisted_original,2023-08-16,2023-08,transition_exploratory_only,jiqizhixin,model_assisted_substantive,editorial_source_only_unverified,28.70264064293915,0.0,0.0,11.481056257175661,11.481056257175661,11.481056257175661,5.7405281285878305,22.962112514351322,0.07692307692307693,0.0,0.0,2.2962112514351323,0.0,0.0,0.5740528128587831,0.06779661016949153,0.6773823191733639,0.05104408352668213,2299,1742,8.277108973780024,0.508521319388576,0.29793340987370837,0.8083526682134571,0.0009280742459396752,0.048723897911832945,0.5303787268331991,0.0060324825986078886,0.03897911832946636,0.0,0.05084745762711865,0.01694915254237288,0.0,0.0,41.476190476190474,29.52542372881356,1.5714285714285714,2155,42,0.536605212944555,0.023809523809523808,0.004640371229698376,0.030162412993039442,0.10162412993039444,2.6013240872309327,0.0,0.010208816705336427,0.07360552041403105,0.0004640371229698376,59,-0.06849799516176662,0.5872052416053093,0.06779661016949153,0.16666666666666666,0.0,0.0,0.7727272727272727,25,0.0,1.0,1.0,0.0,0.0
237,d024e5583cf4b0a8a8e64067,1926,transition,model_assisted_original,2023-08-26,2023-08,transition_exploratory_only,jiqizhixin,model_assisted_substantive,editorial_source_only_unverified,36.3447559709242,0.0,15.57632398753894,5.192107995846314,20.768431983385256,5.192107995846314,5.192107995846314,25.96053997923157,0.15384615384615385,5.192107995846314,0.0,5.192107995846314,0.0,0.5192107995846313,0.0,0.15517241379310345,0.42793900639449095,0.08862377503195569,2551,1926,7.975120485857393,0.43696706377014716,0.2336448598130841,0.8206220707285897,0.0025564550489987218,0.034512143161482746,0.49666122570114263,0.00042607584149978694,0.014912654452492544,0.2872340425531915,0.0,0.0,0.0,0.0,20.48936170212766,33.206896551724135,1.4042553191489362,2347,94,1.4797671748558763,0.1,0.009373668512995313,0.025990626331487004,0.07456327226246272,2.2952790498616014,0.0,0.0,0.059282371294851796,0.0,58,-0.12313876846322754,0.3482275263510878,0.05172413793103448,0.6808510638297872,0.5192107995846313,0.09090909090909091,0.8888888888888888,27,1.0,0.0,0.0,0.0,0.0
246,e656a68e0947104f85a90b23,1143,transition,model_assisted_original,2023-09-04,2023-09,transition_exploratory_only,jiqizhixin,model_assisted_substantive,editorial_source_only_unverified,78.74015748031496,8.748906386701663,26.246719160104988,0.0,26.246719160104988,8.748906386701663,17.497812773403325,0.0,0.15384615384615385,26.246719160104988,0.0,4.374453193350831,0.0,1.7497812773403325,0.0,0.08823529411764706,0.469630690103131,0.3922413793103448,2539,1143,7.3520386830583355,0.378332298136646,0.2432195975503062,0.49267241379310345,0.0047413793103448275,0.03103448275862069,0.4947031780931441,0.01206896551724138,0.02586206896551724,0.0625,0.0,0.0,0.0,0.0,35.71875,33.61764705882353,1.65625,2320,32,1.3834959122574197,0.08333333333333333,0.00603448275862069,0.028879310344827585,0.08922413793103448,3.274719601167559,0.0,0.0034482758620689655,0.12105263157894737,0.0,34,0.03763524868028833,0.4277320558345324,0.058823529411764705,0.3125,1.7497812773403325,0.15384615384615385,0.92,28,0.0,0.0,0.0,0.0,0.0
250,44f7193de55b94460aa94c83,2955,transition,model_assisted_original,2023-09-08,2023-09,transition_exploratory_only,jiqizhixin,model_assisted_substantive,editorial_source_only_unverified,43.99323181049069,6.768189509306261,20.304568527918782,6.768189509306261,16.920473773265652,10.152284263959391,6.768189509306261,20.304568527918782,0.1282051282051282,0.0,0.0,5.076142131979695,0.0,0.0,0.338409475465313,0.11764705882352941,0.4945829229487083,0.1725876140182429,4432,2955,7.757721984782343,0.39959120521172636,0.1532994923857868,0.7093134901584254,0.003600576092174748,0.03744599135861738,0.4386542329493509,0.005520883341334613,0.02472395583293327,0.0,0.0,0.0,0.11764705882352941,0.0196078431372549,57.94117647058823,43.455882352941174,1.8431372549019607,4166,51,0.8747177328710448,0.021739130434782608,0.016802688430148822,0.020643302928468554,0.09049447911665867,3.082659813166239,0.0,0.0014402304368698992,0.1182249322493225,0.0009601536245799327,68,-0.06346206612815052,0.4503408809449862,0.029411764705882353,0.29411764705882354,0.676818950930626,0.20833333333333334,0.9411764705882353,17,0.0,1.0,0.0,0.0,0.0
250,44ff5a1d8bda9c7b50f6290f,7150,transition,model_assisted_original,2023-09-08,2023-09,transition_exploratory_only,infoq,model_assisted_substantive,page_view_snapshot,34.96503496503497,2.797202797202797,8.391608391608392,4.195804195804196,47.55244755244755,13.986013986013987,6.993006993006993,0.0,0.28205128205128205,1.3986013986013985,0.0,16.083916083916083,0.0,0.5594405594405595,0.0,0.03571428571428571,0.4971662571662572,0.14961650642756832,9840,7150,8.259932106613524,0.43044805292437227,0.09328671328671329,0.7723884627849196,0.006049476072161607,0.04267041158042562,0.4007967813190281,0.0006481581505887436,0.007237766014907637,0.029585798816568046,0.0,0.0,0.0,0.0,42.30769230769231,63.839285714285715,1.2485207100591715,9257,169,0.959927683226603,0.07236842105263158,0.0017284217349033163,0.01350329480393216,0.06913686939613266,2.420903870067926,0.0,0.0015123690180404018,0.0957044913949909,0.0014043426596089446,112,0.03906652343412452,0.5224185677777181,0.07142857142857142,0.3431952662721893,0.13986013986013987,0.28846153846153844,0.9230769230769231,29,1.0,0.0,0.0,0.0,0.0
260,fad56cf7dd43cacc459a9b91,1688,transition,model_assisted_original,2023-09-18,2023-09,transition_exploratory_only,jiqizhixin,model_assisted_substantive,editorial_source_only_unverified,11.848341232227488,0.0,0.0,5.924170616113744,5.924170616113744,5.924170616113744,0.0,17.77251184834123,0.05128205128205128,0.0,0.0,2.3696682464454977,0.0,0.5924170616113744,0.0,0.08333333333333333,0.5977657413676372,0.11607142857142858,2218,1688,7.684521525684212,0.4262506307821699,0.23163507109004738,0.793233082706767,0.0037593984962406013,0.02819548872180451,0.4883879781420765,0.005169172932330827,0.015977443609022556,0.0,0.0,0.0,0.0,0.0,60.285714285714285,46.888888888888886,1.6428571428571428,2128,28,0.8862812678536642,0.08333333333333333,0.012218045112781954,0.01926691729323308,0.07424812030075188,2.9756199421413787,0.0,0.002819548872180451,0.09910979228486647,0.00046992481203007516,36,-0.18182354557401573,0.5526943220976113,0.1111111111111111,0.32142857142857145,0.5924170616113744,0.16279069767441862,1.0,32,0.0,1.0,0.0,0.0,0.0
261,552a90a3f24cf3a0a56ae17b,1856,transition,model_assisted_original,2023-09-19,2023-09,transition_exploratory_only,jiqizhixin,model_assisted_substantive,editorial_source_only_unverified,59.26724137931034,0.0,0.0,5.387931034482759,21.551724137931036,26.939655172413794,16.163793103448274,0.0,0.1794871794871795,5.387931034482759,5.387931034482759,2.155172413793103,0.0,0.0,0.0,0.018867924528301886,0.7259822612732095,0.13821752265861026,2854,1856,7.789377999134127,0.42221075902726596,0.22036637931034483,0.7009063444108762,0.006797583081570997,0.03663141993957704,0.5184921763869133,0.0056646525679758305,0.047960725075528704,0.023809523809523808,0.0,0.0,0.0,0.0,44.19047619047619,35.0188679245283,1.7857142857142858,2648,42,1.0276777569652453,0.05405405405405406,0.02039274924471299,0.028323262839879154,0.11102719033232629,3.4508437206870113,0.0,0.004531722054380665,0.04317323259579061,0.0026435045317220545,53,-0.07302475532638682,0.621597269542248,0.07547169811320754,0.42857142857142855,1.0775862068965516,0.3333333333333333,0.75,21,0.0,1.0,0.0,0.0,1.0
268,6f4308cffd522efd9dffaf70,2725,transition,model_assisted_original,2023-09-26,2023-09,transition_exploratory_only,jiqizhixin,model_assisted_substantive,editorial_source_only_unverified,22.018348623853214,0.0,3.669724770642202,11.009174311926607,14.678899082568808,3.669724770642202,3.669724770642202,40.366972477064216,0.15384615384615385,0.0,0.0,9.541284403669724,0.0,0.0,0.0,0.10256410256410256,0.7089050399142143,0.18264352469959946,3997,2725,7.7058475173380145,0.38245103324348606,0.1673394495412844,0.7276368491321762,0.003738317757009346,0.024566088117489986,0.4467159194413521,0.008811748998664886,0.010947930574098798,0.14173228346456693,0.0,0.0,0.07874015748031496,0.0,21.456692913385826,34.93589743589744,1.2834645669291338,3745,127,1.1399142192449239,0.17142857142857143,0.011481975967957277,0.024566088117489986,0.0787716955941255,3.227667522999535,0.02564102564102564,0.0,0.0940484937545922,0.0032042723631508676,78,-0.030120575269479182,0.6508441812784491,0.07692307692307693,0.6220472440944882,0.7339449541284404,0.0,0.7619047619047619,23,0.0,0.0,0.0,1.0,0.0
270,a203869784b7bac441e9fd9a,3089,transition,model_assisted_original,2023-09-28,2023-09,transition_exploratory_only,jiqizhixin,model_assisted_substantive,editorial_source_only_unverified,48.559404337973454,6.474587245063128,9.71188086759469,0.0,29.135642602784074,32.372936225315634,3.237293622531564,25.89834898025251,0.15384615384615385,3.237293622531564,0.0,4.208481709291033,12.658227848101266,0.32372936225315635,0.0,0.0759493670886076,0.496082044641449,0.0786849905685799,3913,3089,8.156660572210512,0.4391583011583012,0.1867918420200712,0.8323901913230936,0.0016168148746968471,0.046348693074642955,0.4852043212775951,0.0005389382915656157,0.010239827539746699,0.07228915662650602,0.0,0.0,0.0,0.0,37.21686746987952,39.10126582278481,1.4216867469879517,3711,83,0.8571101537100688,0.07792207792207792,0.00377256804095931,0.022096469954190245,0.07841552142279709,2.2005432569942087,0.0,0.002155753166262463,0.06480881399870382,0.0005389382915656157,79,0.1758335345346021,0.5051827556400468,0.05063291139240506,0.3855421686746988,0.0,0.18181818181818182,0.8846153846153846,26,0.0,0.0,0.0,0.0,0.0
281,09c15d722428969f39d55a35,5765,transition,human_reviewed_original,2023-10-09,2023-10,transition_exploratory_only,infoq,model_assisted_substantive,page_view_snapshot,60.71118820468344,6.9384215091066785,12.142237640936687,8.673026886383347,60.71118820468344,27.753686036426714,12.142237640936687,65.91500433651345,0.3333333333333333,0.0,0.0,9.540329575021683,6.944444444444444,0.17346053772766695,0.3469210754553339,0.2013888888888889,0.4707452131563147,0.020875212617906293,6621,5765,8.252910594448329,0.43753665020888727,0.11691240242844753,0.8914488943868872,0.005102829751043761,0.04839956703262718,0.4212888077224106,0.000463893613731251,0.006803773001391681,0.11458333333333333,0.0,0.0,0.0,0.020833333333333332,60.052083333333336,40.03472222222222,1.9270833333333333,6467,96,1.0260338312970703,0.02531645569620253,0.000927787227462502,0.0236585743002938,0.0804082263800835,2.1082743724241952,0.1111111111111111,0.000927787227462502,0.09441166261714683,0.0006185248183083346,144,0.04524940486214312,0.472991455089568,0.04861111111111111,0.375,0.0,0.0,1.0,28,1.0,0.0,0.0,0.0,0.0
282,6b5ed2e0b08c0208fd8f7471,1851,transition,model_assisted_original,2023-10-10,2023-10,transition_exploratory_only,jiqizhixin,model_assisted_substantive,editorial_source_only_unverified,48.622366288492714,5.4024851431658565,5.4024851431658565,0.0,10.804970286331713,37.817396002161,5.4024851431658565,21.609940572663426,0.20512820512820512,0.0,0.0,4.321988114532685,0.0,0.0,0.0,0.030303030303030304,0.6646576175040518,0.031746031746031744,2166,1851,8.065628327525483,0.46879142011834324,0.25499729875742844,0.8641456582633054,0.00046685340802987864,0.05415499533146592,0.482360487491982,0.0009337068160597573,0.01680672268907563,0.0,0.0,0.0,0.0,0.0,88.14285714285714,56.09090909090909,1.8095238095238095,2142,21,0.5311151243605077,0.0,0.0,0.015873015873015872,0.0873015873015873,2.021331483553227,0.0,0.014939309056956116,0.06547619047619048,0.0,33,-0.06422794979877135,0.544525479860463,0.030303030303030304,0.14285714285714285,0.0,0.0,0.9583333333333334,24,0.0,0.0,0.0,0.0,1.0
283,a76e84a2a44062b098288efc,1991,transition,model_assisted_original,2023-10-11,2023-10,transition_exploratory_only,jiqizhixin,model_assisted_substantive,editorial_source_only_unverified,35.15821195379206,0.0,5.022601707684581,5.022601707684581,20.090406830738324,15.067805123053741,10.045203415369162,5.022601707684581,0.15384615384615385,0.0,0.0,2.5113008538422905,0.0,0.5022601707684581,0.0,0.06153846153846154,0.7651619789050728,0.20738933426280934,3174,1991,7.804574261813111,0.4366260053619303,0.20894023103967854,0.6939700243987452,0.003136981526664343,0.03590101080515859,0.4823529411764706,0.0073196235622168,0.01673056814220983,0.23529411764705882,0.015384615384615385,0.0,0.029411764705882353,0.0,19.519607843137255,30.630769230769232,1.3725490196078431,2869,102,1.2195461316516494,0.22784810126582278,0.007668177065179505,0.024398745207389334,0.08156151969327292,2.7662630862140416,0.03076923076923077,0.0,0.06790744466800805,0.0010456605088881143,65,-0.13234361452399038,0.6457811976761197,0.06153846153846154,0.6274509803921569,0.5022601707684581,0.2571428571428571,1.0,23,0.0,0.0,0.0,0.0,0.0
284,10dd68d372505e03fd3b0a0b,2352,transition,model_assisted_original,2023-10-12,2023-10,transition_exploratory_only,jiqizhixin,model_assisted_substantive,editorial_source_only_unverified,46.7687074829932,0.0,12.755102040816325,17.006802721088434,25.51020408163265,17.006802721088434,0.0,0.0,0.15384615384615385,0.0,0.0,1.7006802721088434,0.0,0.0,0.0,0.11290322580645161,0.5760427121668339,0.16813889734998477,3584,2352,7.704162964483717,0.39572045331894223,0.17049319727891157,0.7164179104477612,0.0042643923240938165,0.03381053914102954,0.4501378676470588,0.01187937861711849,0.02650015229972586,0.3223684210526316,0.0,0.0,0.0,0.0,15.473684210526315,37.935483870967744,1.1842105263157894,3283,152,1.2327585983713458,0.08602150537634409,0.008528784648187633,0.02375875723423698,0.0883338409990862,3.0956946682700073,0.06451612903225806,0.0012183978068839476,0.09493401447424436,0.0006091989034419738,62,-0.09438805251128987,0.4928848999005305,0.03225806451612903,0.7039473684210527,0.8503401360544217,0.3055555555555556,0.7894736842105263,21,0.0,0.0,0.0,0.0,1.0
285,30b9ffb5fd835569388eee24,1622,transition,model_assisted_original,2023-10-13,2023-10,transition_exploratory_only,jiqizhixin,model_assisted_substantive,editorial_source_only_unverified,0.0,0.0,0.0,0.0,0.0,0.0,0.0,0.0,0.0,0.0,0.0,1.8495684340320593,0.0,0.0,0.0,0.0,0.5703699136868065,0.31804842259721205,2973,1622,7.559017215437874,0.3661353517364203,0.22318125770653513,0.59501100513573,0.001467351430667645,0.03521643433602348,0.4667174409748667,0.0025678650036683784,0.015407190022010272,0.0,0.0,0.0,0.0,0.0,30.037037037037038,31.80392156862745,1.5185185185185186,2726,54,1.0884887891271355,0.0,0.00880410858400587,0.019075568598679385,0.07116654438738078,2.721974038828992,0.0196078431372549,0.001467351430667645,0.17479925880172947,0.0,51,0.11173593717225044,0.5979788201725948,0.1,0.5555555555555556,0.6165228113440198,0.0,1.0,19,0.0,1.0,0.0,0.0,0.0
289,b585a9fdad9e56cbdb039597,2938,transition,model_assisted_original,2023-10-17,2023-10,transition_exploratory_only,jiqizhixin,model_assisted_substantive,editorial_source_only_unverified,30.633083730428865,3.4036759700476513,3.4036759700476513,3.4036759700476513,17.018379850238258,17.018379850238258,3.4036759700476513,10.211027910142954,0.15384615384615385,3.4036759700476513,0.0,12.59360108917631,0.0,0.6807351940095302,0.0,0.23880597014925373,0.44192606803226275,0.20679751077070369,4495,2938,8.181145248399934,0.45067322673226734,0.18209666439754935,0.7032072762087123,0.006223073240785065,0.042364767831498326,0.4708118381754005,0.00215414073719483,0.0023934897079942556,0.1069182389937107,0.0,0.0,0.0,0.0,18.47798742138365,43.850746268656714,1.0314465408805031,4178,159,1.0053583085529127,0.06504065040650407,0.00430828147438966,0.01723312589755864,0.08712302537099091,2.901681305432101,0.029850746268656716,0.011967448539971278,0.06507666098807496,0.0007180469123982767,67,0.12114850140740092,0.43647841406190757,0.029850746268656716,0.610062893081761,1.0211027910142954,0.37209302325581395,1.0,24,0.0,0.0,0.0,0.0,1.0
296,6d28870921e2543cc882d1a0,1449,transition,model_assisted_original,2023-10-24,2023-10,transition_exploratory_only,jiqizhixin,model_assisted_substantive,editorial_source_only_unverified,27.605244996549345,0.0,13.802622498274673,6.901311249137336,62.11180124223602,0.0,0.0,82.81573498964804,0.07692307692307693,6.901311249137336,0.0,2.7605244996549345,0.0,0.6901311249137336,0.6901311249137336,0.13513513513513514,0.6121271374894564,0.10099337748344371,1891,1449,7.678293013793545,0.4486357894736842,0.26777087646652864,0.7996688741721855,0.005518763796909493,0.02924944812362031,0.5144221205490352,0.0027593818984547464,0.02207505518763797,0.0,0.0,0.0,0.0,0.0,80.5,39.16216216216216,2.1666666666666665,1812,18,0.6318364344152694,0.0,0.008830022075055188,0.02097130242825607,0.07671081677704195,2.8944687985278166,0.02702702702702703,0.002207505518763797,0.07745504840940526,0.0011037527593818985,37,-0.11570431611092039,0.58102729199603,0.0,0.2222222222222222,0.6901311249137336,0.43902439024390244,0.9375,16,0.0,0.0,0.0,0.0,0.0
302,10b4ff947e750938d62a417a,1536,transition,model_assisted_original,2023-10-30,2023-10,transition_exploratory_only,jiqizhixin,model_assisted_substantive,editorial_source_only_unverified,45.57291666666667,0.0,13.020833333333332,6.510416666666666,45.57291666666667,0.0,0.0,13.020833333333332,0.07692307692307693,26.041666666666664,0.0,1.3020833333333333,0.0,3.2552083333333335,0.0,0.06976744186046512,0.6638764880952381,0.2829820452771272,2812,1536,7.844375787339709,0.4607174541947927,0.2532552083333333,0.5995316159250585,0.00624512099921936,0.03239656518345043,0.4998402045381911,0.00429352068696331,0.02849336455893833,0.0,0.0,0.0,0.0,0.0,41.513513513513516,35.72093023255814,1.6216216216216217,2562,37,1.0362329797148409,0.06451612903225806,0.01639344262295082,0.02185792349726776,0.08860265417642467,3.1915388259473603,0.0,0.00156128024980484,0.07566862361382909,0.00078064012490242,43,0.049805559624719095,0.6076726801120105,0.13953488372093023,0.3783783783783784,1.3020833333333333,0.4146341463414634,1.0,23,0.0,0.0,0.0,0.0,0.0
305,c59221f59dda5b7f9d65a001,2753,transition,model_assisted_original,2023-11-02,2023-11,transition_exploratory_only,jiqizhixin,model_assisted_substantive,editorial_source_only_unverified,58.11841627315656,0.0,14.52960406828914,18.162005085361425,7.26480203414457,21.794406102433708,3.632401017072285,14.52960406828914,0.3076923076923077,0.0,0.0,5.085361423901199,0.0,1.452960406828914,0.726480203414457,0.1111111111111111,0.5602919981720821,0.17181516466683686,4181,2753,8.172429476796008,0.47991659272404613,0.21104249909189973,0.7028338013786061,0.002297676793464386,0.04084758743936686,0.49049429657794674,0.01327546591779423,0.033443962215981615,0.09090909090909091,0.0,0.0,0.030303030303030304,0.0,27.80808080808081,43.698412698412696,1.1717171717171717,3917,99,0.8833975376112361,0.17857142857142858,0.0020423793719683433,0.017870819504723003,0.09190707173857544,2.8782236065582065,0.0,0.011233086545825888,0.07636363636363637,0.0,63,0.12303306741500224,0.5445777207215827,0.06349206349206349,0.47474747474747475,1.0897203051216855,0.1388888888888889,1.0,27,0.0,1.0,0.0,0.0,0.0
305,d044b09c5bd378a8950e6218,2921,transition,model_assisted_original,2023-11-02,2023-11,transition_exploratory_only,jiqizhixin,model_assisted_substantive,editorial_source_only_unverified,47.928791509756934,3.4234851078397806,17.117425539198905,3.4234851078397806,27.387880862718244,17.117425539198905,6.846970215679561,13.693940431359122,0.23076923076923078,3.4234851078397806,0.0,13.693940431359124,0.0,0.34234851078397804,0.0,0.22077922077922077,0.5091803455918124,0.14356069933513912,4538,2921,7.861326636379053,0.4067002477291495,0.15645326942827797,0.7192809652794878,0.004186161044077813,0.032996798818025114,0.4511713367018833,0.007141098251662152,0.05565131740950505,0.3170731707317073,0.0,0.025974025974025976,0.0,0.0,17.8109756097561,37.935064935064936,1.2621951219512195,4061,164,1.504152158484542,0.0989010989010989,0.006402363949766067,0.020684560453090372,0.08126077320856932,2.858907451724178,0.0,0.0004924895345973898,0.09218642906100069,0.0004924895345973898,77,-0.10455388876644482,0.4232970096288382,0.06493506493506493,0.7012195121951219,0.6846970215679561,0.125,0.9375,16,1.0,1.0,0.0,1.0,0.0
310,2b76a47b992b851aa8addf05,2323,transition,model_assisted_original,2023-11-07,2023-11,transition_exploratory_only,jiqizhixin,model_assisted_substantive,editorial_source_only_unverified,60.26689625484288,0.0,17.219113215669392,12.914334911752045,4.304778303917348,25.82866982350409,4.304778303917348,17.219113215669392,0.15384615384615385,0.0,0.0,8.179078777442962,18.867924528301884,0.0,0.4304778303917348,0.1509433962264151,0.6318090002980231,0.15949119373776907,3282,2323,7.491075812637214,0.36792982456140355,0.16960826517434352,0.7576647097195043,0.0029354207436399216,0.028049575994781473,0.44250661534760644,0.002609262883235486,0.012393998695368558,0.11594202898550725,0.0,0.0,0.0,0.0,33.666666666666664,43.83018867924528,1.4057971014492754,3066,69,1.1300790004625774,0.13114754098360656,0.007827788649706457,0.018917155903457272,0.06881930854533594,2.9528371434811613,0.11320754716981132,0.005218525766470972,0.12974137931034482,0.0016307893020221786,53,-0.20734118904732962,0.5690942967814749,0.019230769230769232,0.463768115942029,0.4304778303917348,0.4318181818181818,0.9047619047619048,22,0.0,0.0,0.0,0.0,1.0
310,5cd492e0e514f5e5cdbc6e5f,2913,transition,model_assisted_original,2023-11-07,2023-11,transition_exploratory_only,jiqizhixin,model_assisted_substantive,editorial_source_only_unverified,51.493305870236874,3.4328870580157913,10.298661174047373,13.731548232063165,41.19464469618949,20.597322348094746,6.865774116031583,10.298661174047373,0.3076923076923077,0.0,0.0,2.7463096464126333,9.900990099009901,0.34328870580157916,0.0,0.0891089108910891,0.5252832131822863,0.3173511495382197,5566,2913,8.212517770898865,0.46151367025683515,0.1922416752488843,0.5724110827274513,0.0035370406759677735,0.030064845745726074,0.48616075139223675,0.012576144625663196,0.0280998231479662,0.0,0.0,0.0,0.0,0.0,41.614285714285714,28.84158415841584,1.7285714285714286,5089,70,0.7503242795842298,0.015151515151515152,0.005895067793279623,0.022401257614462565,0.08154843780703479,2.998300082565096,0.039603960396039604,0.003144036156415799,0.04329896907216495,0.00019650225977598743,101,0.20466676293097158,0.6300916207857379,0.009900990099009901,0.2857142857142857,1.0298661174047374,0.45652173913043476,1.0,19,0.0,1.0,0.0,0.0,0.0
312,4de588ec069b911b1b243de3,1490,transition,model_assisted_original,2023-11-09,2023-11,transition_exploratory_only,jiqizhixin,model_assisted_substantive,editorial_source_only_unverified,26.845637583892614,0.0,6.711409395973154,0.0,40.26845637583893,13.422818791946307,0.0,6.711409395973154,0.07692307692307693,6.711409395973154,0.0,3.3557046979865772,0.0,1.3422818791946307,0.6711409395973154,0.10638297872340426,0.7186460461044646,0.20284697508896798,2416,1490,8.467324079490012,0.5462825428859738,0.363758389261745,0.6628113879003559,0.0035587188612099642,0.0400355871886121,0.5765245456089689,0.006227758007117438,0.014234875444839857,0.0,0.0,0.0,0.0,0.0,33.111111111111114,31.70212765957447,1.488888888888889,2248,45,0.7742447800956926,0.0,0.015124555160142349,0.02224199288256228,0.11966192170818506,3.375963412841727,0.1276595744680851,0.026690391459074734,0.020174848688634835,0.00044483985765124553,47,0.01800532938908371,0.6682521722540562,0.0,0.3111111111111111,1.3422818791946307,0.391304347826087,0.875,16,1.0,1.0,0.0,0.0,1.0
312,50b828c84dbdac96da878ae5,1830,transition,model_assisted_original,2023-11-09,2023-11,transition_exploratory_only,jiqizhixin,model_assisted_substantive,editorial_source_only_unverified,49.180327868852466,5.46448087431694,5.46448087431694,0.0,60.10928961748634,38.25136612021858,5.46448087431694,49.180327868852466,0.15384615384615385,0.0,0.0,10.382513661202186,0.0,0.0,0.0,0.09615384615384616,0.5705346619522126,0.13845538215286116,2663,1830,7.957491648484857,0.45268069120961685,0.24371584699453552,0.7322929171668667,0.008403361344537815,0.03321328531412565,0.532248432367871,0.004001600640256103,0.031212484993997598,0.2087912087912088,0.0,0.0,0.0,0.0,20.10989010989011,35.19230769230769,1.2417582417582418,2499,91,1.055622582506938,0.03125,0.0056022408963585435,0.025610244097639057,0.09603841536614646,3.1536269870844538,0.09615384615384616,0.008803521408563426,0.03557744937055282,0.0,52,0.18097651720858854,0.5622916301465419,0.019230769230769232,0.5824175824175825,3.278688524590164,0.0,0.8333333333333334,18,0.0,0.0,0.0,1.0,1.0
313,b01996e526ebe6092ad8282c,3014,transition,model_assisted_original,2023-11-10,2023-11,transition_exploratory_only,jiqizhixin,model_assisted_substantive,editorial_source_only_unverified,39.814200398142006,3.3178500331785004,6.635700066357001,6.635700066357001,29.860650298606505,23.2249502322495,3.3178500331785004,9.953550099535502,0.20512820512820512,0.0,0.0,3.3178500331785004,0.0,0.33178500331785005,0.33178500331785005,0.10309278350515463,0.6614306845830568,0.10375860243515088,4020,3014,8.040009231027764,0.43699324055666006,0.17252820172528202,0.7977766013763896,0.0037056643726839597,0.032556908417151934,0.4699294117647059,0.0021175224986765486,0.011911064055055586,0.1941747572815534,0.0,0.010309278350515464,0.0,0.0,29.262135922330096,31.072164948453608,1.5825242718446602,3778,103,1.1919966262002561,0.014084507042253521,0.012175754367390153,0.028321863419798834,0.08602435150873478,3.1247824560248048,0.061855670103092786,0.004235044997353097,0.087346396545998,0.0007940709370037057,97,-0.12569412315757325,0.5456428070095205,0.05154639175257732,0.5436893203883495,0.6635700066357001,0.0,1.0,29,1.0,0.0,0.0,0.0,0.0
316,3c73d2bc8a75868d73e8a1f1,3250,transition,model_assisted_original,2023-11-13,2023-11,transition_exploratory_only,infoq,model_assisted_substantive,page_view_snapshot,0.0,0.0,0.0,0.0,15.384615384615385,0.0,0.0,3.076923076923077,0.0,0.0,0.0,2.1538461538461537,0.0,0.3076923076923077,0.0,0.09803921568627451,0.4745353846153846,0.05499133019568987,4359,3250,8.101024293514696,0.44167793529625593,0.17353846153846153,0.8050532573693336,0.00594500866980431,0.04805548674758484,0.4543958423559983,0.0004954173891503591,0.040128808521179095,0.0,0.0,0.0,0.0,0.013888888888888888,45.138888888888886,63.72549019607843,1.375,4037,72,1.128115147926952,0.058823529411764705,0.0049541738915035915,0.013128560812484518,0.0995788952192222,3.000723695242507,0.0196078431372549,0.012880852117909338,0.09239297813366185,0.00024770869457517957,51,0.4716832308288974,0.6821675166042862,0.0392156862745098,0.4027777777777778,0.0,0.07407407407407407,1.0,19,1.0,1.0,0.0,0.0,0.0
318,945a10a848487811646cf9b3,1192,transition,model_assisted_original,2023-11-15,2023-11,transition_exploratory_only,jiqizhixin,model_assisted_substantive,editorial_source_only_unverified,41.946308724832214,0.0,8.389261744966444,8.389261744966444,8.389261744966444,16.778523489932887,8.389261744966444,0.0,0.1282051282051282,0.0,0.0,0.8389261744966443,0.0,0.8389261744966443,0.0,0.11428571428571428,0.5354322937228583,0.2527264106211475,2384,1192,7.829020666188534,0.47925252525252526,0.31711409395973156,0.5651967757230915,0.004267425320056899,0.02702702702702703,0.5525471319695147,0.005689900426742532,0.10478899952584163,0.0625,0.0,0.0,0.0,0.0,24.833333333333332,34.05714285714286,1.2916666666666667,2109,48,0.9393695793042421,0.05263157894736842,0.00474158368895211,0.023233760075865337,0.07728781412991939,2.9325426782974855,0.0,0.002844950213371266,0.051303616484440706,0.0,35,-0.14332235170762134,0.4497035568472126,0.02857142857142857,0.4375,2.5167785234899327,0.1956521739130435,0.9,21,0.0,1.0,0.0,0.0,0.0
323,1d669586ccdb02f6bba9a3c4,1968,transition,model_assisted_original,2023-11-20,2023-11,transition_exploratory_only,jiqizhixin,model_assisted_substantive,editorial_source_only_unverified,101.6260162601626,0.0,45.731707317073166,30.48780487804878,86.38211382113822,10.162601626016261,5.081300813008131,5.081300813008131,0.2564102564102564,10.162601626016261,0.0,8.638211382113822,0.0,1.016260162601626,0.508130081300813,0.16363636363636364,0.44301415236374586,0.22399716009939652,3043,1968,7.676746873809044,0.4001089176310415,0.19766260162601626,0.6986155484558041,0.001774937877174299,0.03372381966631168,0.470250307755437,0.0014199503017394391,0.013134540291089812,0.1111111111111111,0.0,0.0,0.047619047619047616,0.0,31.238095238095237,35.78181818181818,1.5396825396825398,2817,63,1.1614893373020134,0.02040816326530612,0.003549875754348598,0.021299254526091587,0.06425275115370963,2.014016838879533,0.0,0.0007099751508697196,0.08091603053435115,0.0003549875754348598,55,0.09938817548452646,0.42002599291162446,0.01818181818181818,0.5555555555555556,0.508130081300813,0.2,0.9,22,0.0,0.0,0.0,0.0,0.0
323,7103a1b4c0cb80218a653a03,2987,transition,model_assisted_original,2023-11-20,2023-11,transition_exploratory_only,jiqizhixin,model_assisted_substantive,editorial_source_only_unverified,26.78272514228323,6.695681285570807,0.0,10.04352192835621,33.47840642785403,6.695681285570807,0.0,26.78272514228323,0.1282051282051282,10.04352192835621,0.0,11.717442249748911,0.0,1.004352192835621,0.0,0.06493506493506493,0.4796134125068278,0.12739487434685245,4286,2987,8.049586105636127,0.4472869774919614,0.17408771342484097,0.7432197063946255,0.004976362279173924,0.0390644438915153,0.46735521947620806,0.014182632495645683,0.03757153520776312,0.043478260869565216,0.0,0.0,0.10144927536231885,0.0,43.289855072463766,38.79220779220779,1.6666666666666667,4019,69,0.9115252226434709,0.1111111111111111,0.008957452102513063,0.02015426723065439,0.0918138840507589,2.890341900105522,0.0,0.0034834535954217467,0.07473190348525469,0.0,77,-0.053470855693981044,0.4570458508973561,0.05194805194805195,0.34782608695652173,0.33478406427854035,0.125,0.9565217391304348,25,0.0,1.0,0.0,1.0,0.0
323,9894f671b6015ea06feb6543,2841,transition,model_assisted_original,2023-11-20,2023-11,transition_exploratory_only,infoq,model_assisted_substantive,page_view_snapshot,31.678986272439285,0.0,0.0,3.5198873636043646,10.559662090813093,24.639211545230555,3.5198873636043646,3.5198873636043646,0.1282051282051282,0.0,0.0,5.631819781766984,0.0,0.0,0.0,0.058823529411764705,0.5324392819429778,0.011208724628900333,3422,2841,8.042019490534969,0.4216789069171648,0.18444209785286872,0.8606482883974553,0.002726446531354135,0.05664950015146925,0.4540361070761569,0.001514692517418964,0.03938200545289306,0.0,0.0,0.0,0.08888888888888889,0.0,63.13333333333333,55.705882352941174,1.5333333333333334,3301,45,0.7865254277126905,0.07142857142857142,0.003029385034837928,0.01938806422296274,0.08876098152075129,2.4844192653330173,0.09803921568627451,0.0018176310209027568,0.10500352360817478,0.0006058770069675856,51,0.16432869422271543,0.5161640889094407,0.0196078431372549,0.17777777777777778,0.0,0.0,0.8846153846153846,27,0.0,0.0,0.0,1.0,1.0
324,69a72ba58cc95a7d25e148a1,1211,transition,human_reviewed_original,2023-11-21,2023-11,transition_exploratory_only,infoq,model_assisted_substantive,page_view_snapshot,33.03055326176713,8.257638315441783,0.0,8.257638315441783,0.0,24.77291494632535,0.0,0.0,0.05128205128205128,0.0,0.0,6.6061106523534265,0.0,0.0,0.0,0.10714285714285714,0.5069578248769001,0.08937034529451592,1541,1211,7.766873390264512,0.45649157303370785,0.3236994219653179,0.8199052132701422,0.0,0.044008124576844956,0.5372596153846154,0.0006770480704129993,0.023019634394041977,0.0,0.0,0.0,0.0,0.16666666666666666,100.91666666666667,43.25,2.5833333333333335,1477,12,0.7442926913266118,0.0,0.0,0.018957345971563982,0.06770480704129993,1.987809322492367,0.0,0.002708192281651997,0.06291390728476821,0.0006770480704129993,28,0.08007823367261772,0.4320591755115342,0.0,0.16666666666666666,0.0,0.05555555555555555,0.9259259259259259,27,1.0,1.0,0.0,0.0,0.0
340,32820b09ec8dd3edac07c47f,4574,transition,model_assisted_original,2023-12-07,2023-12,transition_exploratory_only,infoq,model_assisted_substantive,page_view_snapshot,48.09794490599038,4.3725404459991255,17.490161783996502,2.1862702229995628,32.79405334499344,24.04897245299519,2.1862702229995628,43.72540445999125,0.2564102564102564,0.0,2.1862702229995628,5.028421512898994,0.0,0.6558810668998689,0.2186270222999563,0.19753086419753085,0.5339034836382796,0.10773333333333333,5872,4574,8.315096931794065,0.47276515337423314,0.14320069960647136,0.8131555555555555,0.0032,0.03964444444444445,0.4639246904220369,0.0,0.006044444444444444,0.09433962264150944,0.0,0.0,0.0,0.09433962264150944,86.30188679245283,28.234567901234566,3.339622641509434,5625,53,0.9203402030574711,0.022222222222222223,0.00035555555555555557,0.029155555555555556,0.07271111111111112,1.7562453787986676,0.08641975308641975,0.0,0.06344344782323343,0.0,162,-0.043172059361134656,0.4847043426299364,0.05555555555555555,0.18867924528301888,0.0,0.23809523809523808,1.0,30,0.0,0.0,1.0,0.0,0.0
353,cf88120b3afa80da3fc4c302,3651,transition,model_assisted_original,2023-12-20,2023-12,transition_exploratory_only,infoq,model_assisted_substantive,page_view_snapshot,10.955902492467816,0.0,0.0,0.0,5.477951246233908,0.0,10.955902492467816,0.0,0.05128205128205128,0.0,0.0,9.586414680909341,0.0,0.0,0.0,0.01694915254237288,0.745586943586547,0.05682060012768674,4857,3651,8.14035354169775,0.43322715736040607,0.15694330320460148,0.7769738242179187,0.004256224728665673,0.05150031921685465,0.4125756299303056,0.000638433709299851,0.052989997871887635,0.13157894736842105,0.0,0.01694915254237288,0.13157894736842105,0.0,48.03947368421053,61.88135593220339,1.3026315789473684,4699,76,1.0875269908189196,0.11864406779661017,0.003830602255799106,0.017024898914662693,0.11300276654607364,3.3078786519901127,0.0,0.02383485848052777,0.16365131578947367,0.0008512449457331347,59,0.07410265552216112,0.7133753370355729,0.13793103448275862,0.3157894736842105,1.917282936181868,0.0,0.84,29,1.0,1.0,0.0,0.0,0.0
369,2e209708bce31c124797ce6c,2974,transition,model_assisted_original,2024-01-05,2024-01,transition_exploratory_only,infoq,model_assisted_substantive,page_view_snapshot,43.71217215870881,3.3624747814391394,16.812373907195695,10.08742434431742,30.26227303295225,10.08742434431742,6.724949562878279,6.724949562878279,0.15384615384615385,0.0,0.0,6.724949562878279,0.0,0.3362474781439139,0.0,0.07462686567164178,0.6802948788490146,0.2252231631952392,4770,2974,7.881513503724474,0.39236848484848486,0.15299260255548083,0.6807049668116274,0.008239871824216068,0.04074158846417945,0.43093333333333333,0.001373311970702678,0.010986495765621425,0.009433962264150943,0.0,0.0,0.12264150943396226,0.009433962264150943,28.056603773584907,44.38805970149254,1.2735849056603774,4369,106,1.170840564309882,0.16666666666666666,0.0022888532845044634,0.02197299153124285,0.08239871824216068,2.8076829187701766,0.05970149253731343,0.0,0.12386401884887244,0.00045777065690089265,67,0.15908599522797207,0.8358667301166897,0.09090909090909091,0.4339622641509434,0.3362474781439139,0.0,0.9230769230769231,14,0.0,0.0,0.0,0.0,0.0
373,78c8f407c8d04f43bd8907f5,2676,transition,model_assisted_original,2024-01-09,2024-01,transition_exploratory_only,infoq,model_assisted_substantive,page_view_snapshot,59.79073243647235,3.7369207772795217,11.210762331838565,0.0,3.7369207772795217,33.6322869955157,11.210762331838565,3.7369207772795217,0.20512820512820512,3.7369207772795217,0.0,5.9790732436472345,0.0,0.37369207772795215,0.0,0.06779661016949153,0.5534766249162414,0.09710441649605148,3691,2676,8.216136947632046,0.46976481396417086,0.2148729446935725,0.7826849956127523,0.006142146826557473,0.04708979233694063,0.4939434724091521,0.0,0.028370868675051186,0.0,0.0,0.0,0.0,0.0,74.33333333333333,45.355932203389834,1.9166666666666667,3419,36,0.5699126409082423,0.02857142857142857,0.0029248318221702253,0.01725650775080433,0.09125475285171103,2.8234059940770857,0.03389830508474576,0.012284293653114946,0.03965581743359521,0.0032173150043872476,59,0.21274348683391425,0.6773710869508459,0.05084745762711865,0.1111111111111111,0.0,0.4444444444444444,0.8333333333333334,7,0.0,0.0,0.0,0.0,1.0
380,6b185556226849a28f7c2d77,1355,transition,model_assisted_original,2024-01-16,2024-01,transition_exploratory_only,infoq,model_assisted_substantive,page_view_snapshot,44.28044280442804,7.380073800738007,7.380073800738007,7.380073800738007,7.380073800738007,22.14022140221402,0.0,0.0,0.1282051282051282,7.380073800738007,0.0,15.498154981549815,0.0,0.0,0.0,0.047619047619047616,0.5103051030510306,0.25101214574898784,2395,1355,7.8375571257988055,0.4599556074766355,0.2863468634686347,0.6095366621682411,0.005847953216374269,0.038686459739091315,0.5065413672378847,0.015744489428699954,0.04048582995951417,0.0,0.0,0.0,0.0,0.0,33.048780487804876,32.26190476190476,1.4634146341463414,2223,41,0.9605074615428119,0.030303030303030304,0.005398110661268556,0.027890238416554206,0.09896536212325686,3.072048611088669,0.07142857142857142,0.002699055330634278,0.07914201183431953,0.000899685110211426,42,0.10590918035173057,0.4910766766381103,0.0,0.3170731707317073,0.0,0.4634146341463415,0.9333333333333333,15,0.0,1.0,0.0,0.0,0.0
381,ed4b0601b5481ee4065a337a,3321,transition,model_assisted_original,2024-01-17,2024-01,transition_exploratory_only,infoq,model_assisted_substantive,page_view_snapshot,18.066847335140018,0.0,6.022282445046673,6.022282445046673,9.033423667570009,0.0,6.022282445046673,6.022282445046673,0.10256410256410256,0.0,0.0,5.721168322794339,0.0,1.5055706112616682,0.0,0.08064516129032258,0.6228126033537202,0.34633649932157395,6326,3321,8.164513377995652,0.42596739900779584,0.16199939777175548,0.5632632293080054,0.008310719131614654,0.037991858887381276,0.4344107841716191,0.0011872455902306649,0.011702849389416554,0.008333333333333333,0.0,0.016129032258064516,0.0,0.0,27.675,53.564516129032256,1.2166666666666666,5896,120,1.0675164094760416,0.15384615384615385,0.0067842605156037995,0.011363636363636364,0.07360922659430122,2.8363275828376957,0.0,0.0013568521031207597,0.09252561784207354,0.0039009497964721846,62,0.14158394296847734,0.7114554448725019,0.08064516129032258,0.3,0.30111412225233364,0.41935483870967744,1.0,14,1.0,0.0,0.0,0.0,0.0
415,723d1f75f818d5aa63d1782f,1584,transition,model_assisted_original,2024-02-20,2024-02,transition_exploratory_only,jiqizhixin,model_assisted_substantive,editorial_source_only_unverified,50.50505050505051,0.0,6.313131313131314,25.252525252525256,0.0,6.313131313131314,6.313131313131314,37.87878787878788,0.1282051282051282,6.313131313131314,0.0,5.681818181818182,0.0,0.6313131313131314,0.0,0.17777777777777778,0.4351756198347107,0.2278778386844166,2730,1584,7.921306798208304,0.45939539170506916,0.29419191919191917,0.620203602192639,0.011354737666405637,0.03523884103367267,0.5264668367346939,0.0,0.05403288958496476,0.1,0.0,0.0,0.0,0.0,26.4,35.2,1.3833333333333333,2554,60,1.0951097575510698,0.14583333333333334,0.0,0.020751761942051684,0.09788566953797964,3.0363618988679035,0.044444444444444446,0.01096319498825372,0.05945604048070841,0.0,45,0.14215331426382927,0.4675230728974347,0.0,0.48333333333333334,5.681818181818182,0.125,1.0,25,0.0,0.0,1.0,0.0,0.0
418,a9875c5e4d08a46e2f735950,1442,transition,model_assisted_original,2024-02-23,2024-02,transition_exploratory_only,jiqizhixin,model_assisted_substantive,editorial_source_only_unverified,62.413314840499304,0.0,13.869625520110958,6.934812760055479,0.0,20.804438280166433,20.804438280166433,27.739251040221916,0.20512820512820512,0.0,0.0,1.3869625520110958,0.0,0.6934812760055479,0.0,0.06976744186046512,0.4323855755894591,0.17593436645396535,2357,1442,7.990267606312235,0.47281866383881227,0.30513176144244103,0.6572470373746582,0.0027347310847766638,0.03372835004557885,0.5583618978892296,0.012306289881494986,0.06381039197812215,0.09615384615384616,0.0,0.0,0.0,0.0,27.73076923076923,33.53488372093023,1.3269230769230769,2194,52,0.9318644163462155,0.1590909090909091,0.0027347310847766638,0.024612579762989972,0.10209662716499544,3.168695410258193,0.0,0.010938924339106655,0.05211952744961779,0.0,43,0.13036713268599132,0.41858129997566595,0.046511627906976744,0.36538461538461536,2.0804438280166435,0.05714285714285714,1.0,26,1.0,1.0,0.0,0.0,0.0
429,be7b55bdec45e207697d6731,2692,transition,model_assisted_original,2024-03-05,2024-03,transition_exploratory_only,infoq,model_assisted_substantive,page_view_snapshot,29.717682020802375,11.144130757800891,0.0,3.714710252600297,59.43536404160475,22.288261515601782,3.714710252600297,0.0,0.1794871794871795,0.0,0.0,6.686478454680534,22.22222222222222,0.0,0.0,0.08888888888888889,0.4600753073078482,0.002669336002669336,3101,2692,8.235290472396706,0.4696808025535796,0.21322436849925705,0.8982315648982315,0.002335669002335669,0.057057057057057055,0.4658398848411029,0.000333667000333667,0.005338672005338672,0.0,0.0,0.0,0.0,0.0,36.87671232876713,59.82222222222222,1.273972602739726,2997,73,1.0098324867940496,0.08695652173913043,0.000667334000667334,0.015348682015348681,0.09175842509175842,2.426069541195397,0.022222222222222223,0.012012012012012012,0.08181480104127929,0.004004004004004004,45,0.4472935063091153,0.6440332767703683,0.08888888888888889,0.4383561643835616,0.0,0.0,1.0,27,1.0,0.0,0.0,1.0,1.0
449,c4f3d04d7db01e65460fb2dd,2849,transition,model_assisted_original,2024-03-25,2024-03,transition_exploratory_only,infoq,model_assisted_substantive,page_view_snapshot,35.1000351000351,0.0,7.02000702000702,3.51000351000351,38.61003861003861,21.06002106002106,3.51000351000351,14.04001404001404,0.1794871794871795,0.0,0.0,1.7550017550017551,0.0,0.0,0.0,0.0945945945945946,0.6521971179505426,0.062406688563750375,3457,2849,7.739892010395855,0.3902765957446808,0.1611091611091611,0.8507017020005972,0.008360704687966557,0.0480740519558077,0.4078200763437532,0.00029859659599880563,0.0041803523439832785,0.14545454545454545,0.0,0.0,0.05454545454545454,0.0,51.8,38.5,1.6727272727272726,3349,55,0.8502213911659158,0.13636363636363635,0.002388772767990445,0.022096148103911615,0.08241266049567035,2.3238729510066127,0.22972972972972974,0.0005971931919976113,0.151791988756149,0.0005971931919976113,74,0.03577536750074695,0.618417297517239,0.1095890410958904,0.2727272727272727,0.0,0.0,0.8888888888888888,18,0.0,0.0,0.0,0.0,0.0
474,9e308ad1abed80a4363e0094,2578,transition,model_assisted_original,2024-04-19,2024-04,transition_exploratory_only,infoq,model_assisted_substantive,page_view_snapshot,46.54771140418929,7.757951900698216,3.878975950349108,7.757951900698216,7.757951900698216,23.273855702094647,11.636927851047323,7.757951900698216,0.23076923076923078,0.0,0.0,6.982156710628394,0.0,1.5515903801396431,0.0,0.11538461538461539,0.46511203395244827,0.060064935064935064,3262,2578,8.32805411746104,0.50003367003367,0.2307990690457719,0.837012987012987,0.0006493506493506494,0.045454545454545456,0.5255359748568863,0.0006493506493506494,0.01753246753246753,0.015384615384615385,0.0,0.0,0.046153846153846156,0.0,39.66153846153846,49.57692307692308,1.323076923076923,3080,65,0.7979446697860408,0.016129032258064516,0.005194805194805195,0.019805194805194805,0.08538961038961039,2.6908333799930553,0.0,0.01103896103896104,0.030679611650485435,0.0003246753246753247,52,-0.05460305720116721,0.41161838788771477,0.019230769230769232,0.36923076923076925,0.0,0.0,1.0,17,0.0,0.0,0.0,1.0,1.0
477,d2f963e12258ba058f560e17,2052,transition,model_assisted_original,2024-04-22,2024-04,transition_exploratory_only,infoq,model_assisted_substantive,page_view_snapshot,29.239766081871345,9.746588693957115,14.619883040935672,0.0,38.98635477582846,4.8732943469785575,4.8732943469785575,24.366471734892787,0.10256410256410256,4.8732943469785575,0.0,7.309941520467836,0.0,0.4873294346978557,0.0,0.16923076923076924,0.4211973075048733,0.19582334816843547,3126,2052,8.200938360935092,0.4840296200901481,0.25292397660818716,0.702499144128723,0.0020540910647038686,0.03355015405682985,0.5395721223257646,0.002396439575487847,0.020540910647038686,0.15873015873015872,0.0,0.0,0.0,0.0,32.57142857142857,31.56923076923077,1.5714285714285714,2921,63,1.2800373453479585,0.08571428571428572,0.0020540910647038686,0.023622047244094488,0.08113659705580281,2.840052713921036,0.015384615384615385,0.0061622731941116055,0.021473889702293802,0.0,65,0.02222480989252422,0.4727185947970437,0.015384615384615385,0.19047619047619047,0.9746588693957114,0.3076923076923077,1.0,16,0.0,0.0,1.0,0.0,0.0
481,51ad0427b938c45e289e9d1a,3041,transition,model_assisted_original,2024-04-26,2024-04,transition_exploratory_only,infoq,human_kept,page_view_snapshot,32.88391976323578,0.0,3.288391976323578,0.0,16.44195988161789,29.5955277869122,0.0,6.576783952647156,0.15384615384615385,0.0,0.0,6.905623150279514,18.18181818181818,0.3288391976323578,0.0,0.10909090909090909,0.6933026416748878,0.022500712047849616,3638,3041,8.268369091654142,0.4771864673485445,0.19993423216047354,0.8661350042722871,0.0011392765593847907,0.06408430646539448,0.4694272445820433,0.0005696382796923954,0.01936770150954144,0.0,0.0,0.0,0.0,0.02564102564102564,77.97435897435898,55.29090909090909,1.5897435897435896,3511,39,0.5785942269119941,0.07692307692307693,0.0005696382796923954,0.017373967530618057,0.09171176303047565,2.314286300737255,0.05454545454545454,0.004557106237539163,0.09249506254114549,0.0019937339789233835,55,-0.1060417589101716,0.6268708467014282,0.09090909090909091,0.05128205128205128,0.0,0.0,1.0,40,0.0,0.0,0.0,0.0,1.0
484,ca20838db88af51d53f9d94f,6159,transition,model_assisted_original,2024-04-29,2024-04,transition_exploratory_only,infoq,model_assisted_substantive,page_view_snapshot,76.3110894625751,6.49456080532554,19.48368241597662,1.623640201331385,22.73096281863939,50.33284624127293,4.870920603994155,42.21464523461601,0.358974358974359,0.0,0.0,9.254749147588894,12.987012987012989,0.649456080532554,0.0,0.03896103896103896,0.5407740625069641,0.0535439675660562,7444,6159,8.226030440637631,0.4467272084805654,0.11381717811333009,0.8610373269956662,0.007828882986159653,0.04543548161610513,0.4441359502154141,0.0002796029637914162,0.004333845938766951,0.3064516129032258,0.0,0.0,0.0,0.016129032258064516,49.66935483870968,39.993506493506494,1.7096774193548387,7153,124,1.123333223831761,0.037037037037037035,0.0,0.022368237103313295,0.080945058017615,2.287997189756093,0.22077922077922077,0.001957220746539913,0.0682261208576998,0.0022368237103313295,154,0.1923907761445206,0.5877559812276903,0.09740259740259741,0.4274193548387097,0.1623640201331385,0.0,0.9090909090909091,29,1.0,0.0,0.0,1.0,0.0
486,76d9af657b23dce814eeb942,703,transition,model_assisted_original,2024-05-01,2024-05,transition_exploratory_only,jiqizhixin,model_assisted_substantive,editorial_source_only_unverified,28.449502133712663,0.0,0.0,0.0,0.0,14.224751066856332,14.224751066856332,0.0,0.05128205128205128,0.0,0.0,2.8449502133712663,0.0,0.0,0.0,0.05263157894736842,0.7477477477477478,0.06277056277056277,1010,703,7.625775770306861,0.45148039215686275,0.39971550497866287,0.7608225108225108,0.0010822510822510823,0.05194805194805195,0.5555555555555556,0.0,0.09199134199134198,0.0,0.0,0.0,0.0,0.0,58.583333333333336,37.0,1.5833333333333333,924,12,0.3864605962582407,0.0,0.0,0.024891774891774892,0.08441558441558442,2.2278183358427786,0.0,0.0021645021645021645,0.055714285714285716,0.0010822510822510823,19,-0.3794777996525799,0.6650371586308323,0.0,0.0,0.0,0.23809523809523808,1.0,14,0.0,0.0,0.0,0.0,0.0
488,442dd407fc17b2f8581c482d,1315,transition,model_assisted_original,2024-05-03,2024-05,transition_exploratory_only,jiqizhixin,model_assisted_substantive,editorial_source_only_unverified,7.604562737642585,7.604562737642585,0.0,0.0,15.20912547528517,7.604562737642585,0.0,45.627376425855516,0.02564102564102564,0.0,0.0,1.520912547528517,0.0,0.0,0.0,0.10526315789473684,0.4834446613914294,0.2519120458891013,2217,1315,8.033549167980551,0.5069730392156863,0.34448669201520915,0.628585086042065,0.0033460803059273425,0.033460803059273424,0.5607989034658312,0.016730401529636712,0.02390057361376673,0.24444444444444444,0.0,0.02631578947368421,0.0,0.0,29.22222222222222,34.60526315789474,1.511111111111111,2092,45,1.1665334793918782,0.2558139534883721,0.0,0.021032504780114723,0.09560229445506692,2.801941320365617,0.0,0.008604206500956023,0.038871951219512195,0.0,38,-0.05245288289801045,0.4445496252370314,0.0,0.5111111111111111,3.041825095057034,0.18181818181818182,0.8695652173913043,24,1.0,0.0,0.0,0.0,0.0
493,eb6dd33615f28549e7c7eb4d,714,transition,model_assisted_original,2024-05-08,2024-05,transition_exploratory_only,jiqizhixin,model_assisted_substantive,editorial_source_only_unverified,28.011204481792717,0.0,14.005602240896359,0.0,0.0,0.0,0.0,14.005602240896359,0.05128205128205128,0.0,14.005602240896359,1.4005602240896358,0.0,0.0,0.0,0.05263157894736842,0.6475256769374416,0.3661242603550296,1466,714,7.549695869409176,0.4861488372093023,0.4117647058823529,0.5281065088757396,0.010355029585798817,0.022928994082840236,0.5924342105263158,0.0073964497041420114,0.029585798816568046,0.0,0.0,0.05263157894736842,0.0,0.0,19.833333333333332,37.578947368421055,1.1388888888888888,1352,36,0.9579463357202777,0.0,0.0014792899408284023,0.015532544378698224,0.07544378698224852,3.2364671534868785,0.05263157894736842,0.0073964497041420114,0.03234880450070324,0.0,19,0.2678186806446208,0.8001061138421321,0.0,0.4722222222222222,4.201680672268908,0.28125,0.8636363636363636,22,0.0,0.0,0.0,0.0,0.0
502,045d4c5b6a5c14baa17f288e,2054,transition,model_assisted_original,2024-05-17,2024-05,transition_exploratory_only,jiqizhixin,model_assisted_substantive,editorial_source_only_unverified,24.342745861733206,4.868549172346641,0.0,0.0,19.474196689386563,0.0,24.342745861733206,9.737098344693282,0.07692307692307693,0.0,0.0,1.4605647517039921,0.0,0.0,0.0,0.13725490196078433,0.5005647517039922,0.2527702905061396,3549,2054,8.296537134219784,0.5057389067524115,0.2721518987341772,0.6151542377957472,0.004492362982929021,0.025157232704402517,0.535977054495573,0.00868523510032944,0.041928721174004195,0.0,0.0,0.0,0.0,0.0,37.345454545454544,40.27450980392157,1.309090909090909,3339,55,0.8143067291646132,0.0,0.009583707696915245,0.020664869721473494,0.08984725965858041,3.4310458501607903,0.0,0.0035938903863432167,0.04973183812774257,0.0,51,-0.023151518266391922,0.4458517280578971,0.0,0.18181818181818182,3.8948393378773125,0.21428571428571427,1.0,21,0.0,0.0,0.0,1.0,0.0
505,646b73aae2b0dc8f311a9f0c,2636,transition,model_assisted_original,2024-05-20,2024-05,transition_exploratory_only,jiqizhixin,model_assisted_substantive,editorial_source_only_unverified,45.52352048558422,3.7936267071320184,11.380880121396055,7.587253414264037,7.587253414264037,15.174506828528074,3.7936267071320184,56.90440060698027,0.2564102564102564,3.7936267071320184,3.7936267071320184,6.4491654021244305,0.0,0.37936267071320184,0.0,0.15584415584415584,0.4335516332561297,0.10886850152905199,3510,2636,7.706924290162842,0.38056621431913895,0.16084977238239756,0.8061162079510703,0.004892966360856269,0.02874617737003058,0.45263386082809454,0.0021406727828746177,0.012232415902140673,0.21551724137931033,0.0,0.0,0.0,0.0,22.724137931034484,34.23376623376623,1.3362068965517242,3270,116,1.296172495790311,0.17582417582417584,0.009174311926605505,0.02507645259938838,0.072782874617737,2.719111584411464,0.06493506493506493,0.0009174311926605505,0.09304975313330802,0.0006116207951070336,77,0.23429345298235998,0.4453730679628534,0.07792207792207792,0.5775862068965517,0.37936267071320184,0.08,1.0,19,0.0,0.0,0.0,1.0,0.0
508,1a6cb392d5f940f1c2bb2716,988,transition,model_assisted_original,2024-05-23,2024-05,transition_exploratory_only,jiqizhixin,model_assisted_substantive,editorial_source_only_unverified,30.36437246963563,0.0,0.0,10.121457489878543,10.121457489878543,10.121457489878543,10.121457489878543,10.121457489878543,0.07692307692307693,0.0,0.0,4.048582995951417,0.0,0.0,0.0,0.045454545454545456,0.5934469447321346,0.28193054738081225,1863,988,8.220819959881165,0.5604785276073619,0.4423076923076923,0.581518540317834,0.003531489111241907,0.03531489111241907,0.6404000975847768,0.015891701000588582,0.022954679223072396,0.02,0.0,0.06818181818181818,0.02,0.0,19.76,22.454545454545453,1.22,1699,50,0.6237281967440583,0.0,0.0,0.03708063566804003,0.1124190700412007,3.2248849118809666,0.09090909090909091,0.009417304296645085,0.007106598984771574,0.0017657445556209534,44,-0.11481235016112583,0.6166817248134518,0.0,0.38,2.0242914979757085,0.35294117647058826,0.75,8,0.0,0.0,0.0,0.0,0.0
512,7ede63a5095c48410962fbfd,2762,transition,model_assisted_original,2024-05-27,2024-05,transition_exploratory_only,jiqizhixin,model_assisted_substantive,editorial_source_only_unverified,39.826212889210716,3.620564808110065,10.861694424330196,10.861694424330196,7.24112961622013,14.48225923244026,3.620564808110065,18.102824040550324,0.1794871794871795,0.0,0.0,3.258508327299059,0.0,0.0,0.3620564808110065,0.08235294117647059,0.6154960173787111,0.1823274764451235,4313,2762,7.834213420456063,0.41999823243482104,0.15677045619116584,0.7033358798064681,0.0056022408963585435,0.02928444104914693,0.45616067979915026,0.005092946269416858,0.01858925388337153,0.1111111111111111,0.0,0.0,0.0,0.0,30.68888888888889,32.49411764705882,1.5444444444444445,3927,90,1.023730049164299,0.041666666666666664,0.019862490450725745,0.023172905525846704,0.09116373822256175,3.288238337791276,0.0,0.0,0.09713664371148967,0.0012732365673542145,85,0.18498240831111212,0.5837700165385735,0.047619047619047616,0.4888888888888889,0.724112961622013,0.23684210526315788,0.92,26,1.0,1.0,0.0,0.0,0.0
515,48166be2de42470eebcd0ccd,2296,transition,model_assisted_original,2024-05-30,2024-05,transition_exploratory_only,jiqizhixin,model_assisted_substantive,editorial_source_only_unverified,56.62020905923345,0.0,0.0,21.777003484320556,13.066202090592336,21.777003484320556,4.355400696864112,8.710801393728223,0.20512820512820512,4.355400696864112,4.355400696864112,3.484320557491289,0.0,0.4355400696864111,0.0,0.17142857142857143,0.8134499823259103,0.08429248476641842,3245,2296,8.500580450843234,0.5203528102392877,0.2813588850174216,0.7772511848341233,0.0071090047393364926,0.05585646580907244,0.5282462554546526,0.005754908598510494,0.02234258632362898,0.27380952380952384,0.0,0.05714285714285714,0.0,0.0,13.666666666666666,32.8,1.0952380952380953,2954,168,1.1880166371779517,0.010309278350515464,0.0013540961408259986,0.024373730534867976,0.11611374407582939,2.8967412314744343,0.02857142857142857,0.01963439404197698,0.03488879197557784,0.0006770480704129993,70,-0.2147639366489539,0.6083083859170334,0.08571428571428572,0.7559523809523809,0.0,0.2413793103448276,1.0,17,0.0,1.0,0.0,0.0,1.0
515,74ba3c30169835596d1d480d,1428,transition,model_assisted_original,2024-05-30,2024-05,transition_exploratory_only,jiqizhixin,model_assisted_substantive,editorial_source_only_unverified,28.011204481792717,7.002801120448179,7.002801120448179,7.002801120448179,7.002801120448179,7.002801120448179,7.002801120448179,35.0140056022409,0.10256410256410256,0.0,0.0,13.30532212885154,0.0,0.7002801120448179,0.0,0.0975609756097561,0.6158613445378152,0.13870967741935483,1962,1428,7.730431476884108,0.4443702906350915,0.2542016806722689,0.7677419354838709,0.007526881720430108,0.023655913978494623,0.5081123862287297,0.0032258064516129032,0.016129032258064516,0.16417910447761194,0.0,0.0,0.0,0.0,21.313432835820894,34.829268292682926,1.3582089552238805,1860,67,1.1887374021176826,0.17307692307692307,0.0064516129032258064,0.025268817204301075,0.07688172043010753,3.046390324641402,0.0,0.005376344086021506,0.09192982456140351,0.0,41,-0.18979694224442764,0.47466285699797317,0.07317073170731707,0.5074626865671642,1.4005602240896358,0.3,0.95,20,0.0,0.0,0.0,0.0,0.0
515,e9d24bfa7ebff01c6a08c4fb,2019,transition,model_assisted_original,2024-05-30,2024-05,transition_exploratory_only,jiqizhixin,model_assisted_substantive,editorial_source_only_unverified,39.623576027736505,0.0,14.858841010401187,9.905894006934126,9.905894006934126,4.952947003467063,4.952947003467063,9.905894006934126,0.1282051282051282,4.952947003467063,0.0,1.4858841010401187,0.0,0.0,0.0,0.15789473684210525,0.5702314498748378,0.20376175548589343,3110,2019,7.887748224764377,0.42685,0.2204061416542843,0.703239289446186,0.0038314176245210726,0.0320445837687217,0.4955633234740522,0.0013932427725531174,0.03169627307558342,0.21212121212121213,0.0,0.0,0.0,0.0,30.59090909090909,53.13157894736842,1.2727272727272727,2871,66,1.3584218137713722,0.18518518518518517,0.0020898641588296763,0.01602229188436085,0.06130268199233716,2.7580211362597162,0.0,0.0006966213862765587,0.06597222222222222,0.00034831069313827936,38,-0.09083668732085808,0.5262708384077158,0.02631578947368421,0.5757575757575758,1.4858841010401187,0.03225806451612903,0.8,27,1.0,1.0,0.0,0.0,0.0
519,fa163cc45f188787c254bb01,1556,transition,model_assisted_original,2024-06-03,2024-06,transition_exploratory_only,jiqizhixin,model_assisted_substantive,editorial_source_only_unverified,57.840616966580974,12.853470437017993,6.4267352185089965,19.28020565552699,19.28020565552699,0.0,32.13367609254499,38.56041131105398,0.1282051282051282,0.0,0.0,6.426735218508997,37.73584905660377,0.6426735218508997,0.6426735218508997,0.09433962264150944,0.5384368202491596,0.20976645435244162,2507,1556,8.228100211514004,0.502887417218543,0.3258354755784062,0.6607218683651804,0.007218683651804671,0.030573248407643312,0.5866154873164219,0.0059447983014862,0.025902335456475585,0.0,0.0,0.03773584905660377,0.0,0.0,31.755102040816325,29.358490566037737,1.346938775510204,2355,49,0.8331136278775823,0.023255813953488372,0.0025477707006369425,0.02505307855626327,0.10318471337579618,3.451203220260503,0.18867924528301888,0.016985138004246284,0.00901481004507405,0.0,53,0.25446935445456015,0.6014346079210584,0.019230769230769232,0.32653061224489793,3.2133676092544987,0.4117647058823529,0.7777777777777778,9,0.0,0.0,0.0,0.0,0.0
527,043edbbdbc99db8af9111e6c,2366,transition,model_assisted_original,2024-06-11,2024-06,transition_exploratory_only,jiqizhixin,model_assisted_substantive,editorial_source_only_unverified,16.9061707523246,0.0,0.0,8.4530853761623,21.13271344040575,8.4530853761623,0.0,0.0,0.07692307692307693,0.0,0.0,2.53592561284869,0.0,0.42265426880811496,0.0,0.05128205128205128,0.6341816078658185,0.0,2779,2366,7.816845164809728,0.3858425281199786,0.1749788672865596,0.8600508905852418,0.0021810250817884407,0.06034169392948019,0.4022888418957582,0.0010905125408942203,0.041075972373682296,0.0,0.0,0.0,0.0,0.037037037037037035,87.62962962962963,60.666666666666664,1.5925925925925926,2751,27,0.5301220250387717,0.07407407407407407,0.007997091966557615,0.015630679752817157,0.09887313704107598,2.754131771281629,0.0,0.008724100327153763,0.19128226830300465,0.0029080334423845873,39,0.026165045232727682,0.5758453081498458,0.05128205128205128,0.0,0.0,0.0,1.0,28,0.0,0.0,0.0,0.0,0.0
542,1084f0a4134576b53eab1359,2341,transition,model_assisted_original,2024-06-26,2024-06,transition_exploratory_only,infoq,model_assisted_substantive,page_view_snapshot,25.63007261853909,4.271678769756514,4.271678769756514,8.543357539513028,17.086715079026057,8.543357539513028,0.0,29.9017513882956,0.1282051282051282,4.271678769756514,0.0,2.1358393848782575,0.0,0.42716787697565145,0.0,0.09433962264150944,0.5111392238688266,0.20622119815668202,3780,2341,8.260512347527733,0.4871932681867535,0.24263135412217002,0.6742511520737328,0.0025921658986175116,0.04118663594470046,0.5202099151406878,0.007200460829493088,0.032834101382488476,0.0,0.0,0.0,0.0,0.0,55.73809523809524,44.16981132075472,1.6666666666666667,3472,42,0.6694527486525415,0.025,0.004032258064516129,0.017569124423963134,0.08611751152073732,2.9777567906657025,0.0,0.008640552995391706,0.04961505560307956,0.0014400921658986176,53,-0.12376309676222984,0.4347922732783128,0.03773584905660377,0.2619047619047619,0.0,0.30303030303030304,0.9,20,0.0,0.0,1.0,0.0,0.0
542,fad6c64b74d0a163a882f092,3361,transition,model_assisted_original,2024-06-26,2024-06,transition_exploratory_only,infoq,model_assisted_substantive,page_view_snapshot,29.753049687592977,5.950609937518595,5.950609937518595,14.876524843796489,11.90121987503719,0.0,8.925914906277894,26.777744718833677,0.1282051282051282,0.0,0.0,5.058018446890807,0.0,0.2975304968759298,0.0,0.14285714285714285,0.5088397876571822,0.1637661758143686,4734,3361,7.763435613036975,0.38305380852550663,0.13507884558167213,0.749888442659527,0.0033467202141900937,0.03480589022757698,0.3989654597029868,0.000892458723784025,0.01740294511378849,0.0,0.0,0.0,0.057692307692307696,0.038461538461538464,64.63461538461539,43.64935064935065,1.8846153846153846,4482,52,0.9429910276891862,0.058823529411764705,0.004016064257028112,0.02030343596608657,0.06871932173136992,2.3164788740301625,0.0,0.0,0.14919594997022037,0.00022311468094600624,77,-0.30610244634124684,0.40818668529895497,0.06493506493506493,0.36538461538461536,0.2975304968759298,0.35294117647058826,1.0,24,0.0,1.0,1.0,0.0,0.0
605,b23cfe70ba1f735d92672ae1,3832,transition,model_assisted_original,2024-08-28,2024-08,transition_exploratory_only,infoq,model_assisted_substantive,page_view_snapshot,18.267223382045927,7.828810020876827,5.21920668058455,7.828810020876827,10.4384133611691,2.609603340292275,2.609603340292275,26.096033402922757,0.15384615384615385,0.0,0.0,2.8705636743215033,9.900990099009901,0.2609603340292275,0.2609603340292275,0.1485148514851485,0.5545511482254697,0.1642101284958428,5569,3832,8.646380810178927,0.5377467746774678,0.21346555323590813,0.7241118669690099,0.0024565381708238853,0.03136810279667423,0.5454349078341014,0.009259259259259259,0.02947845804988662,0.0,0.0,0.0,0.0,0.0,63.86666666666667,37.94059405940594,1.9333333333333333,5292,60,0.6889736340308641,0.0,0.0015117157974300832,0.02305366591080877,0.082010582010582,3.165000776339566,0.039603960396039604,0.007180650037792895,0.02768346826847741,0.0,101,0.03227286877485886,0.5038681165486735,0.01,0.11666666666666667,1.3048016701461378,0.13636363636363635,0.75,12,0.0,0.0,0.0,1.0,1.0
622,8c4909bcd038fb2bd4269b78,5500,transition,model_assisted_original,2024-09-14,2024-09,transition_exploratory_only,infoq,model_assisted_substantive,page_view_snapshot,60.0,5.454545454545455,18.181818181818183,10.90909090909091,27.272727272727273,5.454545454545455,21.81818181818182,45.45454545454545,0.3333333333333333,3.6363636363636362,0.0,7.454545454545454,0.0,1.2727272727272727,0.0,0.11392405063291139,0.5042825709322525,0.0852024687641126,7073,5500,8.364325806078769,0.46844591081783643,0.132,0.8279391841035677,0.0006021375884389584,0.048171007075116665,0.4590446358653093,0.0003010687942194792,0.004516031913292187,0.03260869565217391,0.0,0.0,0.0,0.0,29.891304347826086,34.81012658227848,1.5054347826086956,6643,184,0.988915759893273,0.04878048780487805,0.0012042751768779167,0.023784434743338852,0.08143910883636911,1.944099360648999,0.0949367088607595,0.007225651061267499,0.04911770056394397,0.0001505343971097396,158,0.15991502101274732,0.49606917672757456,0.06962025316455696,0.45652173913043476,0.0,0.19230769230769232,0.8333333333333334,19,1.0,0.0,0.0,1.0,0.0
654,38edb35e93d5075f63c4a6cc,2345,transition,human_reviewed_original,2024-10-16,2024-10,transition_exploratory_only,infoq,model_assisted_substantive,page_view_snapshot,63.96588486140725,0.0,21.321961620469082,4.264392324093817,4.264392324093817,34.11513859275053,4.264392324093817,21.321961620469082,0.2564102564102564,0.0,0.0,4.264392324093817,0.0,0.0,0.0,0.0851063829787234,0.5433299341800315,0.19114990969295606,3531,2345,8.110450783622925,0.4453586132177681,0.21918976545842217,0.705900060204696,0.0009030704394942806,0.04334738109572547,0.4905248650511083,0.010836845273931367,0.014148103552077062,0.0,0.02127659574468085,0.0,0.0,0.08,93.8,49.8936170212766,2.2,3322,25,0.6926586174183271,0.041666666666666664,0.007826610475617099,0.018061408789885613,0.08880192655027092,2.838520352298347,0.0,0.005418422636965683,0.06831767719897523,0.0009030704394942806,47,0.010664663840308494,0.5461622862236629,0.14893617021276595,0.16,0.42643923240938164,0.12195121951219512,1.0,25,1.0,1.0,1.0,0.0,0.0
662,829bd7620f174a03524a93eb,601,transition,model_assisted_original,2024-10-24,2024-10,transition_exploratory_only,infoq,model_assisted_substantive,page_view_snapshot,16.638935108153078,0.0,0.0,0.0,16.638935108153078,16.638935108153078,0.0,33.277870216306155,0.02564102564102564,0.0,0.0,3.327787021630616,0.0,0.0,0.0,0.07142857142857142,0.6397030590042236,0.14213197969543148,821,601,7.4464165887712195,0.4811372549019608,0.43427620632279534,0.7626903553299492,0.0038071065989847717,0.03807106598984772,0.6019783325482807,0.0025380710659898475,0.017766497461928935,0.16666666666666666,0.0,0.0,0.0,0.0,50.083333333333336,42.92857142857143,1.5833333333333333,788,12,0.9242909731886012,0.0,0.0025380710659898475,0.01903553299492386,0.07360406091370558,2.5231292360055733,0.0,0.0,0.016722408026755852,0.0,14,-0.23089563247334732,0.5150039371602363,0.0,0.0,1.663893510815308,0.1724137931034483,0.8181818181818182,22,0.0,1.0,1.0,0.0,0.0
712,f290056b9bb19e8ab3b06ea1,12785,transition,model_assisted_original,2024-12-13,2024-12,transition_exploratory_only,infoq,model_assisted_substantive,page_view_snapshot,14.078998826750096,1.564333202972233,0.0,6.257332811888932,17.98983183418068,2.34649980445835,5.475166210402816,7.821666014861165,0.1794871794871795,0.0,0.0,10.246382479468126,0.0,0.234649980445835,0.0,0.09090909090909091,0.4246089485464313,0.066711140760507,15744,12785,8.18344242465695,0.38402344131531824,0.06053969495502542,0.8529019346230821,0.011541027351567711,0.03462308205470314,0.3553260969552019,0.001067378252168112,0.0032688458972648434,0.023923444976076555,0.0,0.0,0.04784688995215311,0.0,30.586124401913874,41.50974025974026,1.291866028708134,14990,418,1.1350780188527434,0.18469656992084432,0.005603735823882588,0.021881254169446297,0.07571714476317545,2.352582034400657,0.0,0.000133422281521014,0.17931466124237208,0.00020013342228152102,308,0.06192519915878834,0.5476543711849902,0.12987012987012986,0.48086124401913877,0.0,0.0,1.0,22,1.0,0.0,0.0,0.0,0.0
746,3d2cea36287cf278258bee81,44572,transition,model_assisted_original,2025-01-16,2025-01,transition_exploratory_only,infoq,model_assisted_substantive,page_view_snapshot,48.46091716772862,10.096024409943462,12.339585389930898,9.422956115947231,33.877770797810285,14.583146369918335,9.871668311944719,36.57004397379521,0.6923076923076923,1.5704926859912052,0.6730682939962309,9.714619043345598,7.3461891643709825,0.8525531723952258,0.02243560979987436,0.1487603305785124,0.5433509595842285,0.10538266087614655,58160,44572,8.808428744868092,0.47963224650012476,0.03188100152562147,0.803200403654515,0.0023606581010217503,0.046816715621790135,0.4136431283998768,0.0007208116338997711,0.010794154217649073,0.055226824457593686,0.0,0.0,0.013806706114398421,0.09270216962524655,87.91321499013807,40.92929292929293,2.4615384615384617,55493,507,0.8664574934118066,0.12269938650306748,0.0024868001369542105,0.02012866487665111,0.07837024489575262,2.2830974082392093,0.02295684113865932,0.004306849512551132,0.08494693621126792,0.0006126898888148054,1089,0.07645492505145861,0.5808777481370336,0.08539944903581267,0.2445759368836292,0.02243560979987436,0.16666666666666666,1.0,27,1.0,1.0,0.0,0.0,1.0
750,9f693cf901d640ffb7312bd9,4776,transition,model_assisted_original,2025-01-20,2025-01,transition_exploratory_only,infoq,model_assisted_substantive,page_view_snapshot,43.969849246231156,2.0938023450586263,4.187604690117253,18.844221105527637,10.469011725293132,10.469011725293132,6.28140703517588,20.938023450586265,0.3333333333333333,2.0938023450586263,2.0938023450586263,4.187604690117253,0.0,0.628140703517588,0.0,0.09166666666666666,0.5603648494573709,0.12056400506970849,6800,4776,8.718626298926056,0.522313771335048,0.17755443886097153,0.7566539923954373,0.0012674271229404308,0.04673637515842839,0.5198367065317387,0.0009505703422053232,0.036755386565272496,0.0,0.0,0.0,0.0,0.0,77.03225806451613,39.8,2.0806451612903225,6312,62,0.6325919891282631,0.01639344262295082,0.0028517110266159697,0.020595690747782003,0.08555133079847908,2.5637583576338145,0.058333333333333334,0.010139416983523447,0.024722396815420072,0.002217997465145754,120,0.14013107299139443,0.5942587308056503,0.016666666666666666,0.1935483870967742,0.0,0.3235294117647059,0.7333333333333333,15,1.0,0.0,0.0,1.0,1.0
774,3729e9b9209e427e19e16173,2158,transition,model_assisted_original,2025-02-13,2025-02,transition_exploratory_only,infoq,model_assisted_substantive,page_view_snapshot,23.169601482854493,0.0,9.267840593141798,0.0,13.901760889712698,9.267840593141798,0.0,9.267840593141798,0.1282051282051282,4.633920296570899,0.0,0.9267840593141798,0.0,0.4633920296570899,0.0,0.0625,0.5877782817029163,0.1260135135135135,3127,2158,8.103642541333409,0.4460952380952381,0.23262279888785914,0.7290540540540541,0.0037162162162162164,0.037162162162162164,0.50057099352874,0.007094594594594595,0.04527027027027027,0.0,0.0,0.0,0.08108108108108109,0.0,58.32432432432432,44.958333333333336,1.7027027027027026,2960,37,0.7443838754712337,0.09375,0.0013513513513513514,0.022635135135135136,0.09864864864864865,3.216286928757291,0.041666666666666664,0.016216216216216217,0.10255220417633411,0.0006756756756756757,48,-0.023541173295906,0.5662817451418857,0.020833333333333332,0.16216216216216217,1.8535681186283597,0.0,0.8333333333333334,24,1.0,1.0,0.0,0.0,1.0
795,82ff13fc3eaf733f81673809,1200,transition,model_assisted_original,2025-03-06,2025-03,transition_exploratory_only,infoq,model_assisted_substantive,page_view_snapshot,8.333333333333334,0.0,8.333333333333334,0.0,8.333333333333334,0.0,0.0,16.666666666666668,0.02564102564102564,0.0,0.0,10.833333333333334,0.0,0.0,0.0,0.13636363636363635,0.46880952380952384,0.23168103448275862,1932,1200,7.614039668965658,0.43316405135520686,0.275,0.646551724137931,0.00646551724137931,0.036637931034482756,0.5074365704286964,0.0026939655172413795,0.028017241379310345,0.0,0.0,0.0,0.0,0.0,57.142857142857146,54.54545454545455,1.619047619047619,1856,21,1.2483639293090776,0.0,0.0,0.018318965517241378,0.09105603448275862,3.0733223051674163,0.045454545454545456,0.010775862068965518,0.06766917293233082,0.0,22,-0.07984957176536633,0.37318077239976993,0.0,0.23809523809523808,4.166666666666667,0.1111111111111111,0.8571428571428571,22,0.0,0.0,0.0,0.0,0.0
801,e0f34b610111eba1f25d9db2,884,transition,model_assisted_original,2025-03-12,2025-03,transition_exploratory_only,infoq,model_assisted_substantive,page_view_snapshot,33.93665158371041,0.0,0.0,11.312217194570136,11.312217194570136,22.624434389140273,0.0,0.0,0.07692307692307693,0.0,0.0,22.62443438914027,0.0,0.0,0.0,0.1875,0.4935143288084464,0.2045633359559402,1336,884,7.222240392294609,0.3677974025974026,0.2816742081447964,0.6955153422501967,0.003933910306845004,0.040912667191188044,0.4887057387057387,0.0015735641227380016,0.011014948859166011,0.0,0.0,0.0625,0.0,0.0,73.66666666666667,55.25,1.6666666666666667,1271,12,0.8708144502479924,0.1,0.00944138473642801,0.013375295043273014,0.0889063729346971,3.1252580432314288,0.0,0.003147128245476003,0.1191827468785471,0.0,16,0.06456260748399703,0.4335635064691297,0.0,0.25,2.2624434389140275,0.08823529411764706,1.0,28,0.0,1.0,0.0,0.0,0.0
865,541fb2742943bdd8ef751db1,2051,transition,model_assisted_original,2025-05-15,2025-05,transition_exploratory_only,infoq,model_assisted_substantive,page_view_snapshot,63.38371526084837,0.0,0.0,9.751340809361286,0.0,53.632374451487074,0.0,0.0,0.1282051282051282,0.0,0.0,8.288639687957094,0.0,0.0,0.0,0.047619047619047616,0.5573961541663198,0.0649452269170579,2735,2051,8.163238195312536,0.479284793814433,0.2379327157484154,0.8024256651017214,0.000782472613458529,0.04968701095461659,0.49164710755211927,0.000782472613458529,0.04381846635367762,0.0,0.0,0.0,0.0,0.04,82.04,48.833333333333336,1.84,2556,25,0.6594826814930926,0.04,0.003129890453834116,0.017996870109546165,0.08763693270735524,2.716233385492466,0.0,0.007042253521126761,0.08984375,0.002347417840375587,42,-0.11834961181010949,0.5966228998451809,0.07142857142857142,0.08,0.0,0.18181818181818182,0.9375,16,1.0,1.0,0.0,0.0,0.0
871,c43904af3434cd97a9c1c348,1246,transition,model_assisted_original,2025-05-21,2025-05,transition_exploratory_only,infoq,model_assisted_substantive,page_view_snapshot,8.025682182985554,0.0,0.0,0.0,16.051364365971107,0.0,0.0,0.0,0.02564102564102564,8.025682182985554,0.0,3.2102728731942216,0.0,0.8025682182985554,0.0,0.06451612903225806,0.6195024077046548,0.3005464480874317,2176,1246,8.029041316273625,0.5209129852744311,0.33707865168539325,0.618976651763537,0.007948335817188276,0.03129657228017884,0.5784035656401945,0.0004967709885742673,0.007451564828614009,0.0,0.0,0.0,0.0,0.0,51.916666666666664,40.193548387096776,1.75,2013,24,0.8550647824437128,0.0,0.001987083954297069,0.01838052657724789,0.07004470938897168,2.70447999919231,0.03225806451612903,0.009935419771485345,0.02252614641995173,0.0,31,-0.25754684302128406,0.6681109273922122,0.0,0.2916666666666667,0.0,0.16666666666666666,0.9,33,1.0,1.0,0.0,1.0,0.0
873,d4407ed937d0f78f325c3fbd,3967,transition,model_assisted_original,2025-05-23,2025-05,transition_exploratory_only,infoq,model_assisted_substantive,page_view_snapshot,63.01991429291656,0.0,7.562389715149988,10.08318628686665,45.37433829089992,37.81194857574994,5.041593143433325,15.124779430299975,0.3333333333333333,0.0,2.5207965717166627,11.595664229896647,0.0,1.008318628686665,0.5041593143433325,0.08163265306122448,0.7367846590037916,0.16700686583781776,5726,3967,8.39206173787165,0.4849838523644752,0.16637257373329972,0.736129151976248,0.0016700686583781777,0.05102987567266654,0.47495894909688013,0.0016700686583781777,0.004824642790870292,0.015873015873015872,0.01020408163265306,0.0,0.0,0.0,62.96825396825397,40.47959183673469,1.8888888888888888,5389,63,0.7473108807653288,0.0,0.0033401373167563555,0.020411950269066618,0.09166821302653554,2.7084000225198177,0.16326530612244897,0.011876043792911486,0.03910191725529768,0.001113379105585452,98,0.02523745399589798,0.7224024645828561,0.07142857142857142,0.23809523809523808,0.0,0.22727272727272727,1.0,16,1.0,0.0,0.0,0.0,0.0
878,3c33241e2bb2fd68fb3c6147,4465,transition,model_assisted_original,2025-05-28,2025-05,transition_exploratory_only,infoq,model_assisted_substantive,page_view_snapshot,47.03247480403135,6.718924972004479,4.479283314669653,4.479283314669653,4.479283314669653,22.396416573348265,15.677491601343784,11.198208286674133,0.23076923076923078,0.0,0.0,10.526315789473683,21.73913043478261,0.6718924972004479,0.0,0.13043478260869565,0.5133061787037151,0.12887663680220537,6167,4465,8.404740813346782,0.4788028240040343,0.16170212765957448,0.7692970365265335,0.002929014472777395,0.04807029634734666,0.4786154516590923,0.002067539627842867,0.016195727084769126,0.024691358024691357,0.0,0.0,0.0,0.0,55.123456790123456,48.53260869565217,1.5679012345679013,5804,81,0.8360051627506584,0.041666666666666664,0.0013783597518952446,0.016712611991729843,0.08270158511371468,2.561021575261564,0.021739130434782608,0.00861474844934528,0.0761990138951143,0.0022398345968297727,92,0.14480078858434756,0.523695222440979,0.07608695652173914,0.25925925925925924,0.22396416573348266,0.17857142857142858,1.0,18,0.0,0.0,0.0,1.0,1.0
892,31826e80d78937e1f27fd934,1824,transition,model_assisted_original,2025-06-11,2025-06,transition_exploratory_only,infoq,model_assisted_substantive,page_view_snapshot,10.964912280701753,5.482456140350877,0.0,0.0,27.412280701754383,5.482456140350877,5.482456140350877,10.964912280701753,0.05128205128205128,0.0,0.0,2.7412280701754383,0.0,0.0,0.0,0.06382978723404255,0.6088982646834477,0.20285383725414577,2782,1824,8.176042903764381,0.4829252830188679,0.26480263157894735,0.7034323177786348,0.008484381025838797,0.03432317778634786,0.5336270190895741,0.0019282684149633628,0.014269186270728885,0.10909090909090909,0.0,0.0425531914893617,0.0,0.0,33.163636363636364,38.808510638297875,1.4727272727272727,2593,55,1.0495967192795999,0.0,0.009255688391824142,0.018897030466640957,0.07867335133050521,3.135106021443312,0.1702127659574468,0.0023139220979560356,0.03844041735310269,0.0003856536829926726,47,-0.09379271458607626,0.5563372174941186,0.02127659574468085,0.4727272727272727,0.5482456140350876,0.2857142857142857,1.0,14,0.0,0.0,0.0,0.0,0.0
