feature_id,family,pattern,hedges_g,loo_stability,translation_removed_g,source_to_time_abs_g_ratio,pre_presence,post_presence,permutation_p_value,q_value,ranking_score
50877b5a63702941918b63d4,punctuation_run,”,1.2771894952810747,1.0,1.1826914163379174,0.0921864273712143,9,10,0.008198359981179237,0.959922602972177,1.1693878107926543
f759de06ea91ef4f3f99cfff,pos_4gram,X>VERB>DET>NOUN,1.1260551018014702,1.0,1.0799385398879036,0.0,0,5,0.032393522560596466,0.959922602972177,1.1260551018014702
b397e796de29508c05062511,pos_4gram,VERB>VERB>NOUN>PART,-1.294664564291418,1.0,-1.3330252011986028,0.1521151732360881,9,5,0.006798640359193087,0.959922602972177,1.123728420879081
9ac21a5a9caca18e38b005ea,pos_3gram,SCONJ>DET>NUM,1.044492061667123,1.0,0.9361651016802577,0.0,0,5,0.03459307923913002,0.959922602972177,1.044492061667123
f9c4ab4f91c4a4e3f3d83814,pos_4gram,SCONJ>DET>NUM>NOUN,1.0400486472073012,1.0,0.931519955057537,0.0,0,5,0.03459307923913002,0.959922602972177,1.0400486472073012
d10fcc2c9f7ede3fb57690a8,pos_4gram,VERB>SCONJ>NOUN>NOUN,1.5114433676785903,1.0,1.7822539964963955,0.46492889031018386,10,10,0.002999400021508336,0.959922602972177,1.0317520377105522
38af8c7c86ecb4d5524a1a7a,punctuation_run,，,-1.501716284556526,1.0,-1.5839960346471742,0.46717219853463393,10,10,0.002399520017206669,0.959922602972177,1.0235446705276952
18fe454b58fad3d460e69876,pos_3gram,ADV>VERB>PRON,1.0996096023275543,1.0,0.9956962557195588,0.0768971530400205,4,8,0.020395921543240547,0.959922602972177,1.0210906391788834
b7f3e05b93f849766b5548a2,pos_3gram,PART>PART>VERB,-1.0740771846543236,1.0,-1.0774750479430457,0.05880507731977415,6,3,0.022195560857653618,0.959922602972177,1.0144239082921747
b9992293d186869af4cd4948,pos_4gram,NOUN>ADV>VERB>PRON,1.247424669488391,1.0,1.1546367291898307,0.23816875780900726,1,7,0.005598880350589752,0.959922602972177,1.00747548476006
7ef16235b777e021c4ff8136,pos_4gram,NUM>NOUN>NOUN>ADP,1.154449710421118,1.0,1.112768962399067,0.15583612421535062,5,9,0.014997000806033611,0.959922602972177,0.9988005100678319
b3672912728d307462f9e64e,pos_2gram,VERB>PART,-1.1991129446409232,1.0,-1.1117966557483814,0.2549063976992977,10,10,0.012197560630738735,0.959922602972177,0.9555397492907326
78bbb563d0a1647e635ca948,dependency_path,parataxis>cc,-1.0225488792882644,1.0,-0.9911214892439144,0.07228013066204066,4,0,0.07978404313325882,0.959922602972177,0.9536210268644338
c3b3c3f05ec690cd75cfc403,pos_2gram,ADV>VERB,0.9670183321979556,1.0,0.8692133919157679,0.014837803652537488,10,10,0.035592880100011826,0.959922602972177,0.9528796904466181
5f45c493378ecde677e71dd1,dependency_treelet,PART>nmod>NOUN,-0.956118657517906,1.0,-0.8835721394780888,0.01026994038143089,10,10,0.0315936803817749,0.959922602972177,0.9463991942162707
c95e76dc1738b25f3d8f5d72,function_word,可以,-1.4171503261955207,1.0,-1.3860532058613413,0.5020943237560614,10,9,0.0031993601005524397,0.959922602972177,0.9434496248224052
a2ad35417115134dbc6d76ef,dependency_treelet,NOUN>appos>X,0.9457580506181456,1.0,1.1454493986681635,0.037422615313647746,8,10,0.040591880679130554,0.959922602972177,0.9116420219277861
7cd06c95ec7ca09edf475426,pos_4gram,VERB>VERB>DET>NUM,0.925139582734025,1.0,0.9822754818858253,0.01549169822610224,1,6,0.059788040816783905,0.959922602972177,0.9110262391608838
0b5934726a244d50903f503a,pos_4gram,AUX>X>NOUN>PART,-1.1892249958231662,1.0,-1.166895106127459,0.3142795570597258,6,2,0.011597679927945137,0.959922602972177,0.9048493445973331
80193780153d5560ca7a34e4,pos_3gram,VERB>PART>ADP,-1.0302040430738277,1.0,-0.9968742452303075,0.14355276248905904,8,5,0.02779444120824337,0.959922602972177,0.9008802014797146
8fc0f2196442ec865a46f3b3,pos_3gram,NOUN>PART>CCONJ,-1.018778046244727,1.0,-0.9860993287804185,0.1496250277504182,6,4,0.024795040488243103,0.959922602972177,0.8861829045582521
8383da654a20bed4093177bd,pos_3gram,PART>DET>NUM,0.9314630503431046,1.0,1.0585671370394993,0.05221275783508169,1,6,0.03619275987148285,0.959922602972177,0.8852421180100319
609b8b4a58fef41020d90c88,pos_2gram,PART>PART,-1.0496342150875109,1.0,-1.0071342127929106,0.20321559572351103,8,8,0.022995401173830032,0.959922602972177,0.8723575548872025
b2fc42c3b83ee7d5dfdd820d,pos_2gram,AUX>ADJ,-0.9067420371589417,1.0,-1.0083154615964285,0.04277974139791198,10,9,0.05418916046619415,0.959922602972177,0.869543203767458
4f1b51c7b983029b2c684155,pos_3gram,AUX>X>NOUN,-1.2953731295431516,1.0,-1.260312653606113,0.4993902076810682,8,4,0.01139772031456232,0.959922602972177,0.8639332996222205
7ad1e47d2ab91463108f780b,dependency_path,appos>punct,1.0781004618319634,1.0,1.304680155327276,0.2523708997666097,9,10,0.024795040488243103,0.959922602972177,0.8608475827990549
b0eb64ce5c338c88c0fc8a5c,function_word,每,1.069827868907125,1.0,1.1384853931485244,0.2594493799622479,2,7,0.01759648136794567,0.959922602972177,0.8494409429453951
78b963c294130c9b2cb1cb20,dependency_treelet,PART>nmod>PROPN,-1.219303896291255,1.0,-1.17352567668209,0.43827300289496307,9,3,0.0019996000919491053,0.959922602972177,0.847755533085189
3729eab2f27f482a3059ce48,function_word,正是,0.8405543706379975,1.0,0.8493711773951251,0.0,0,5,0.030593881383538246,0.959922602972177,0.8405543706379975
6ca5909987c2dc3ee65943ce,pos_4gram,ADV>VERB>ADP>NOUN,-1.0871968296440881,1.0,-1.1040641220500313,0.29434498480404525,6,4,0.023395320400595665,0.959922602972177,0.8399590854123657
78bae7fc65d8ccddf7453dca,dependency_path,nsubj>compound,-1.047562572349665,1.0,-0.962854230023215,0.25164304458635756,10,9,0.021795639768242836,0.959922602972177,0.8369499410240107
d0ef117cf3efa1f06a885981,pos_4gram,VERB>AUX>X>NOUN,-1.0780318141851648,1.0,-1.0337215987078427,0.2891668695300843,7,3,0.024995001032948494,0.959922602972177,0.8362236415353426
5e03c1631a197b26f8703b2d,dependency_path,amod>nsubj,1.2648493713020779,1.0,1.3325296542288718,0.5164089232422566,3,10,0.005398920271545649,0.959922602972177,0.8341083674169395
ae722ebda797029ddd122c7f,pos_4gram,NOUN>VERB>VERB>DET,0.9132396129331051,1.0,0.9386774355825854,0.10034684777744056,1,7,0.04999000206589699,0.959922602972177,0.8299561313577913
ac78e080bd3959bd05690369,pos_2gram,PROPN>CCONJ,-1.3004599463309519,1.0,-1.251036383867524,0.5747607708924952,7,1,0.0071985600516200066,0.959922602972177,0.8258142889817586
fb35a7b141b25e67c14517bd,pos_4gram,DET>NUM>NOUN>NOUN,1.0315561802774995,1.0,1.0059205828046187,0.2531837853514654,6,9,0.029994001612067223,0.959922602972177,0.8231483620642214
4d7ae013f476700b7ba5b178,pos_4gram,PART>DET>NUM>NOUN,0.8603434432411028,1.0,0.9749964705051617,0.0530723787452506,1,6,0.045990802347660065,0.959922602972177,0.8169841509528654
c545dd50e8adaa4f23abdf07,punctuation_run,：“,0.8153136508759036,1.0,1.1152892362676337,0.0,0,5,0.0349930003285408,0.959922602972177,0.8153136508759036
10adc9bc81c1242f9cc10b6c,punctuation_run,——,1.1235504903822973,1.0,1.1228503169589201,0.3881991493175528,3,8,0.004399120341986418,0.959922602972177,0.8093582905123099
7ad6a77694851b45756f3bf7,pos_4gram,NOUN>VERB>AUX>ADJ,-0.9656591957345648,1.0,-0.8783163915544916,0.20036569199412446,9,7,0.045790839940309525,0.959922602972177,0.8044708393242646
4027453b9f33d04a27eb1ec4,punctuation_run,“,0.8866454510710535,1.0,0.83253461347994,0.10238580552597008,9,10,0.05058988183736801,0.959922602972177,0.8042968683255292
583969517aced3ba63360326,pos_3gram,VERB>ADP>VERB,1.0672677501417922,1.0,1.1264725427752658,0.33659984708463436,6,9,0.024995001032948494,0.959922602972177,0.7984945924314565
9a05f7716f2ecdc6b78e2eee,dependency_treelet,PRON>nmod>NOUN,1.1039845523395437,1.0,1.03440961418855,0.38797394898927157,0,5,0.03459307923913002,0.959922602972177,0.7953928480743244
417587cec0666d9c64bfb4aa,pos_4gram,ADV>VERB>VERB>NOUN,1.298264912355388,1.0,1.3151548701523288,0.6359651387705307,3,8,0.008798240683972836,0.959922602972177,0.7935773700722418
0c701cea0fbaa0441c9bb760,dependency_path,root>advmod,0.9764253969624697,1.0,0.863521694709101,0.23186872626673172,9,10,0.033793240785598755,0.959922602972177,0.7926375401391984
25753fb3b1abb6a0aa8b0067,pos_4gram,VERB>ADP>ADV>VERB,0.7933947107805035,1.0,0.8264274270398878,0.018064127524417883,1,5,0.10677864402532578,0.959922602972177,0.7793170285940304
7554931332093c745aa93c73,pos_4gram,ADP>X>NOUN>NOUN,-0.8298182995358648,1.0,-0.7736141210848784,0.06939524447572044,6,3,0.06718656420707703,0.959922602972177,0.7759696929853938
d337e9aea2c4787f0f7478d4,dependency_treelet,PART>acl>VERB,0.8042952170917255,1.0,0.9705208904219483,0.0376097610025791,8,10,0.07998400181531906,0.959922602972177,0.7751423004295795
97ede5ec71bf3ecba787ce53,function_word,但是,-1.0167636471530044,1.0,-0.9855140625422081,0.3275619759382819,5,0,0.0349930003285408,0.959922602972177,0.7658878949394325
739b4cdd28663435751fd69b,pos_3gram,VERB>NUM>ADJ,-0.8255556431521731,1.0,-0.9018796238447022,0.07875746591195916,4,1,0.08378323912620544,0.959922602972177,0.7652838281441375
bd9b750c76f8d40ce6818ab1,pos_4gram,ADV>VERB>VERB>NUM,0.8373580145534337,1.0,0.8663505528032777,0.09954511499759171,2,6,0.07738452404737473,0.959922602972177,0.7615494836292077
764b74be65e42e407f748669,pos_4gram,ADP>NOUN>ADP>VERB,-0.8836854048660562,1.0,-1.0164281717327208,0.17574490039345747,9,5,0.05698860064148903,0.959922602972177,0.7515962047297292
c2911cd8742cdb81f7b2d1c2,pos_3gram,ADP>ADJ>SCONJ,-0.9690903282921641,1.0,-0.9619764935105225,0.29334679923136286,8,7,0.03479304164648056,0.959922602972177,0.7492888441585005
d7c42ade533c4f3462d04838,pos_4gram,VERB>AUX>DET>NOUN,1.1231349315615777,1.0,1.0067623716465395,0.5010963678021603,1,6,0.02619476057589054,0.959922602972177,0.7482097456581172
a2ec7bc18f1b7d89297981bb,dependency_path,nsubj>punct,0.9190684355945871,1.0,0.8945468563834744,0.23142253784174605,10,9,0.04379124194383621,0.959922602972177,0.7463469340145368
8e9a4b927a2b99c82d2f0bb1,pos_4gram,SCONJ>NOUN>NOUN>PART,0.8753234466866486,1.0,0.9297647436642124,0.17763074858765035,2,8,0.04999000206589699,0.959922602972177,0.7432919425180065
986a7f4b54dbfe240a2d972a,dependency_treelet,PART>compound>VERB,-0.9716056401116676,1.0,-0.8758836750583741,0.312535991223336,10,10,0.03699260205030441,0.959922602972177,0.7402506648264117
d089b0322f935e2874387f76,dependency_path,obj>punct,1.1008663477911378,1.0,1.087320835464434,0.4914644924164763,10,9,0.02259548008441925,0.959922602972177,0.7381109998854282
3f0285269890cd2e2776f15c,pos_4gram,NOUN>NOUN>PROPN>NOUN,-0.8743538672446836,1.0,-0.8474811567275973,0.19002459579753278,4,0,0.0825834795832634,0.959922602972177,0.7347359628804205
81bbbc0451f764f16390a9b4,pos_3gram,VERB>PRON>ADV,0.9376726144397561,1.0,0.8602620396238356,0.2797374403851519,3,8,0.0315936803817749,0.959922602972177,0.7327070263393659
53768ef42d67288406983f1d,pos_4gram,VERB>ADP>NOUN>ADP,-0.9815339358466648,1.0,-1.024284133786889,0.3417982699082995,6,3,0.023195359855890274,0.959922602972177,0.7315063358322442
1612292f46511bd4f6705d64,pos_3gram,NUM>NOUN>NUM,-0.7525615318025524,1.0,-0.6896127777069272,0.0349934498748626,9,8,0.08718255907297134,0.959922602972177,0.7271171927644006
990ff5ce45dc28f920106334,pos_4gram,NOUN>AUX>VERB>VERB,-0.7495891093801277,1.0,-0.6884061237312181,0.03207870801780264,9,8,0.09998000413179398,0.959922602972177,0.7262906438790692
3f3585622577b3a5c22ce262,function_word,是否,0.7871168045017047,1.0,0.8762691962054996,0.08453896645716114,1,5,0.10817836225032806,0.959922602972177,0.7257616635693241
c70cc590501c480b790844e6,pos_3gram,VERB>PROPN>PART,-0.8501916676777416,1.0,-0.8590183121805318,0.17173657757248573,5,3,0.07398520410060883,0.959922602972177,0.7255825959099985
ba22e669355da4289f55f075,dependency_path,parataxis>aux,-0.889792843750835,1.0,-0.9498724051826188,0.228250352780595,10,9,0.05558888241648674,0.959922602972177,0.7244393146205598
ad0393f39d7eb0d9a47c1ac5,pos_4gram,SCONJ>NOUN>AUX>VERB,-0.7287084044236535,1.0,-0.7342605194681303,0.00987218612728162,5,5,0.11277744174003601,0.959922602972177,0.7215847851183506
546c70d8410fa5cdddbe98af,pos_3gram,SCONJ>NOUN>DET,0.7549512616881751,1.0,0.8378717428052829,0.048303285520931404,2,7,0.10017996281385422,0.959922602972177,0.7201649294774638
ec1b5ba43f4ad1ee5b5c97c7,pos_3gram,AUX>ADV>ADP,-0.7564559876371413,1.0,-0.772057533275677,0.054318062594886245,4,2,0.08538292348384857,0.959922602972177,0.7174836650103033
bf06b3d461b6c7b14d58dce4,pos_3gram,NOUN>ADJ>SCONJ,0.996090010863558,1.0,1.028220434653406,0.40172768316500773,9,10,0.03519296273589134,0.959922602972177,0.7106159226408749
f71fc69844b6133a13ac8d5d,pos_4gram,VERB>DET>NOUN>VERB,1.3050470072115583,1.0,1.280322561602425,0.8419797177730797,1,8,0.0071985600516200066,0.959922602972177,0.7085023763395922
fefe5f92574be04803ac011c,pos_3gram,CCONJ>ADV>VERB,1.1373926038888345,1.0,1.1303976899108068,0.6088728629493836,0,6,0.011597679927945137,0.959922602972177,0.7069499586211976
007e36e8cd67a0a2d56f4f78,pos_4gram,AUX>NUM>NOUN>AUX,1.0060891225295088,1.0,1.049416444610528,0.4257249549795856,0,5,0.03139372169971466,0.959922602972177,0.7056684524007049
01e6fb99cd7109c06260de61,pos_4gram,ADP>ADJ>NOUN>VERB,1.0027404868830374,1.0,1.016050619332589,0.427146656584822,1,6,0.04139172285795212,0.959922602972177,0.7026190912170208
da108b30abaa4401b90d5f38,pos_2gram,NUM>CCONJ,0.9069639223057581,1.0,0.885991907457481,0.30228365599554013,2,6,0.040591880679130554,0.959922602972177,0.6964411463894346
b089639bab5722172e099bc5,pos_4gram,DET>NUM>NOUN>ADV,0.8149402722459977,1.0,0.7913496230945277,0.17015879737199957,1,5,0.0791841596364975,0.959922602972177,0.6964356240163565
6df76740eabddaaeaa0b383b,pos_4gram,NOUN>SCONJ>AUX>ADP,0.9252128302782474,1.0,0.869928876691544,0.3299697354693048,2,6,0.05438912287354469,0.959922602972177,0.6956645746166312
20cf934c4cbc062ca664e963,pos_4gram,SCONJ>NOUN>DET>NOUN,0.7900758268963409,1.0,0.8604497491796514,0.1490591312039388,1,7,0.08778244256973267,0.959922602972177,0.6875850036268635
33d22e2efce64c35081f8baa,pos_2gram,DET>NUM,0.711140197015969,1.0,0.7103117651575651,0.03573961855475338,9,10,0.10557888448238373,0.959922602972177,0.6866013274729003
0e43afcb09ecf1a3d50d25d7,pos_4gram,NOUN>AUX>VERB>X,-0.7630624144086677,1.0,-0.7265360062689535,0.11958808951922718,4,2,0.090381920337677,0.959922602972177,0.6815563880608462
f301f0d742a696f05b07e3f2,pos_3gram,NOUN>CCONJ>VERB,-0.7991513517649547,1.0,-0.7750050435836074,0.1755736342437026,9,7,0.07598480582237244,0.959922602972177,0.6797969335873063
cbeaca4b6d811a79f4656efb,pos_4gram,ADP>NOUN>VERB>ADV,-1.0303401502066971,1.0,-0.998673300401494,0.5188795814079664,4,0,0.08498300611972809,0.959922602972177,0.678355389603431
03b621d04871d20e298e3d2d,pos_3gram,DET>NOUN>ADV,0.9414453811205642,1.0,0.8877971760227192,0.3923300189256363,2,6,0.02099580131471157,0.959922602972177,0.6761653978034688
7f38187fadc2c2564466880b,dependency_treelet,X>appos>VERB,0.9711290668071652,1.0,1.0108643594798252,0.4410507944145141,0,6,0.012597480788826942,0.959922602972177,0.6739034255914109
a8137cf35ead734003eb2e9b,pos_3gram,ADV>ADJ>VERB,-0.7328295662428648,1.0,-0.7609896215981526,0.08764311316641665,3,2,0.22095580399036407,0.959922602972177,0.6737775998134206
3af49fa6f272513d505f7370,pos_4gram,NOUN>ADP>ADJ>SCONJ,-0.9913391337186502,1.0,-1.0212255838430346,0.4725631941072364,5,3,0.03659268096089363,0.959922602972177,0.6732065134356863
c2a2948e96adb763cbef51a2,pos_4gram,SCONJ>NOUN>NOUN>VERB,1.0431433440690698,1.0,1.2250727272864337,0.5593116692100141,8,10,0.023595280945301056,0.959922602972177,0.6689768085924426
a775c81ec2ed52929dd3ec78,pos_4gram,ADP>NOUN>VERB>ADJ,-0.7561782822994775,1.0,-0.7262296667024907,0.13956217023562487,3,1,0.203159362077713,0.959922602972177,0.6635691338745687
de1d4beff279918f1d45a220,pos_4gram,AUX>VERB>ADP>NOUN,-1.0292339779154889,1.0,-0.9976011256127585,0.5532685966644926,4,0,0.08338332176208496,0.959922602972177,0.6626245970115395
91798f3ce96572c0596bde7b,pos_3gram,PRON>AUX>PRON,0.6628723785626969,1.0,0.5946445018266011,0.0016501985061317809,1,4,0.08378323912620544,0.959922602972177,0.6617803096842685
4cde7a91a4e6da74207f2096,pos_4gram,NUM>NOUN>NUM>NOUN,-0.7360482682155832,1.0,-0.6716888578063143,0.11354805035256016,9,8,0.09678064286708832,0.959922602972177,0.6609937200128393
1097f57f308f355bd1f80dd4,dependency_treelet,NOUN>acl>NOUN,-0.7463188971135766,1.0,-0.6949635640019635,0.13031992384256103,9,8,0.07958408445119858,0.959922602972177,0.6602722657284852
d04cfaa764a675ec8182e341,function_word,大家,-0.7756109145708706,1.0,-0.813199822440076,0.17524030479097602,3,1,0.20675864815711975,0.959922602972177,0.6599594239654825
fb95aed284cf0daa2c8275ae,dependency_path,nmod>acl,-0.7123163558762383,1.0,-0.6542250939178986,0.07967589395417882,8,8,0.11137772351503372,0.959922602972177,0.659750171199496
e94eaba0e840c31c5f1e55a0,pos_3gram,PART>NOUN>PART,-0.8068760427475685,1.0,-0.7468428399492872,0.22301883367327635,9,9,0.0723855197429657,0.959922602972177,0.6597413061286689
65f125b852accc417f5d5578,pos_4gram,AUX>ADP>NOUN>ADP,0.9544274619483456,1.0,0.8773347626657068,0.44876877863506703,0,4,0.08378323912620544,0.959922602972177,0.658785222337234
2bf6efd1c3a45ae72527c8d7,dependency_path,acl>conj,0.8139999260687198,1.0,0.8988806581107456,0.235722824392531,7,9,0.052589479833841324,0.959922602972177,0.6587237121470779
87813d0ad56959624e7680c8,pos_3gram,VERB>PART>PART,-0.8634713972969741,1.0,-0.8254718376172078,0.3132007423932728,7,6,0.058188360184431076,0.959922602972177,0.6575319137600554
117b5e88f757ead27a6c34dd,pos_3gram,DET>NUM>NOUN,0.6770350047703637,1.0,0.6809115548400921,0.030634391303188627,9,10,0.12557488679885864,0.959922602972177,0.6569109380430095
45f0e6aa4d49e551a3f24ca5,punctuation_run,-,1.0996133276205284,1.0,1.3056180707408627,0.6745891480180815,7,10,0.014997000806033611,0.959922602972177,0.6566466341442309
34e9e4904b43e8ccc15f7c3b,pos_4gram,NOUN>VERB>PART>ADP,-0.9011461430565063,1.0,-0.8630213914527605,0.3726808970579556,4,1,0.08498300611972809,0.959922602972177,0.6564862561924756
aaeb705d8b15a431ab98574f,dependency_path,advcl>amod,-0.8188249025654342,1.0,-0.8361197034475342,0.24744000114094275,7,5,0.07118576020002365,0.959922602972177,0.6564042373312661
c669fa42cc07a8f48e6e2581,function_word,当,0.7156136216767245,1.0,0.7116450853441171,0.0902931070749706,4,9,0.10477904230356216,0.959922602972177,0.6563497623098498
6b951741569589491a76f8be,function_word,对于,-0.9715170916389746,1.0,-0.9129962518226218,0.4822941533945657,8,6,0.03679263964295387,0.959922602972177,0.6554145069075035
42ce416857f7019577465e34,pos_4gram,AUX>VERB>NOUN>ADP,-1.2791142033966834,1.0,-1.348240735752032,0.960216229281156,8,3,0.002399520017206669,0.959922602972177,0.652537298839606
9c249531bd538ebfd4028850,function_word,过,0.7296014237013846,1.0,0.5729570765051535,0.12068429203608144,1,4,0.13617277145385742,0.959922602972177,0.6510320782455425
4711fc20a04859b74cb28b91,pos_4gram,NOUN>NOUN>VERB>PART,-0.652844724496328,1.0,-0.5870008830966986,0.003832328936860971,8,9,0.14997000992298126,0.959922602972177,0.6503523603266922
b48864a0b2df366800ccaafd,pos_4gram,PART>PART>VERB>VERB,-0.7581360434898037,1.0,-0.8019395397103488,0.1671962907963901,3,1,0.2157568484544754,0.959922602972177,0.649536028745019
68b880701f4e79b335b1f4d9,pos_4gram,X>NOUN>NOUN>PART,-0.8084819455558977,1.0,-0.7623370613550088,0.24503950214194775,7,4,0.07458508014678955,0.959922602972177,0.649362485419135
46c2c40e2697a2661c5d5628,pos_4gram,VERB>NOUN>NOUN>VERB,1.1207582306287263,1.0,1.1916545619318897,0.7297836517972907,7,9,0.023595280945301056,0.959922602972177,0.6479181540791121
a72ebd01d5552991171b3893,pos_3gram,AUX>ADP>X,-1.1670143688867423,1.0,-1.183774167647341,0.8011956883870317,7,1,0.0035992800258100033,0.959922602972177,0.6479109273972347
47aade6b62112953bbd6ad27,pos_4gram,AUX>PRON>VERB>NOUN,0.9409688237733267,1.0,0.8321404267730641,0.45518749991817453,0,4,0.090381920337677,0.959922602972177,0.6466306395747885
010da5ad2d5189febf6976d4,pos_4gram,ADJ>SCONJ>NOUN>ADJ,0.9409547521859343,1.0,0.8318611982794628,0.45519430705812475,0,4,0.08818235993385315,0.959922602972177,0.6466179448490309
57a012d7a9975f1df1dc3bbb,pos_4gram,VERB>DET>NUM>NOUN,0.7032657505100258,1.0,0.6664969274809543,0.0905731644074992,5,8,0.11157768219709396,0.959922602972177,0.6448588443785018
850fd404accc0e8dc7306c9b,pos_4gram,AUX>VERB>X>NOUN,-1.1251975250711397,1.0,-1.0906152941249168,0.7454673312501425,5,0,0.03319336101412773,0.959922602972177,0.6446396932936282
04722e65b840b64b4a2a8122,function_word,和,-1.052856898840734,1.0,-0.9819314879117093,0.6350258567938318,10,10,0.02079584077000618,0.959922602972177,0.6439389899957367
041f42d04120ffb25daa24b7,pos_4gram,NOUN>VERB>NOUN>CCONJ,-1.0120011318316393,1.0,-0.9679786306113821,0.5715809799355548,7,5,0.03139372169971466,0.959922602972177,0.6439382664666367
5f6a6af2a6a7f94af641947f,pos_3gram,VERB>NOUN>CCONJ,-0.9456189186938343,1.0,-0.9056168203022841,0.4698082710444624,10,7,0.03799240291118622,0.959922602972177,0.6433620883231708
38c3b3a01003659a4d95880f,pos_4gram,NOUN>PART>NOUN>PART,-0.8000142456847493,1.0,-0.7662245006141801,0.2464304428532242,7,7,0.07898420095443726,0.959922602972177,0.641844276406972
52c1716265e86c29f308c592,function_word,上,-0.6571269156969485,1.0,-0.729074923404797,0.02390090852402711,8,7,0.13857229053974152,0.959922602972177,0.6417876087679321
ba38fe5fb6b49a9e1bc1976a,pos_4gram,NOUN>ADJ>NOUN>PART,0.7095490596277778,1.0,0.8686919497503978,0.10581402378496899,5,8,0.11897620558738708,0.959922602972177,0.6416531571910623
1dd766ad6e963a5cc6e28d8d,pos_2gram,AUX>PROPN,-0.9578299104560563,1.0,-0.9794359407189563,0.49614858531770284,7,4,0.04879024252295494,0.959922602972177,0.6401970498489385
6b8d1b2d10c4ae7fd33acb8b,dependency_treelet,VERB>ccomp>PRON,0.7345735320657558,1.0,0.5970208933508214,0.14923125381352464,1,4,0.14157168567180634,0.959922602972177,0.6391868735106192
126a8dda5d80216187c68d46,pos_4gram,PART>NOUN>NOUN>X,0.692365376561719,1.0,0.773453434318071,0.084284348257376,4,8,0.13337332010269165,0.959922602972177,0.6385459475408498
9b1264ba76c04de59b5febd0,pos_4gram,VERB>PROPN>PART>NOUN,-0.7791735734772285,1.0,-0.7672793528999889,0.22475325225567505,3,2,0.21595680713653564,0.959922602972177,0.6361882052913064
8fb4dc8a9bd966344812f1b3,pos_4gram,NOUN>ADP>VERB>ADP,0.8038173685443458,1.0,0.9374259357298986,0.2644655635642765,2,7,0.07438512146472931,0.959922602972177,0.6356973188566281
ed3d9091b7264971ea1473ad,pos_3gram,VERB>PART>PROPN,-0.7070777501882127,1.0,-0.6740701642990912,0.1129777745113065,4,3,0.15536892414093018,0.959922602972177,0.635302668553899
a3ce6375d5f8cc9438c9ed0f,dependency_treelet,PROPN>conj>NOUN,-0.8131892659801233,1.0,-0.7881964106169407,0.2807931537862138,4,0,0.08518296480178833,0.959922602972177,0.6349106907514424
13d04d6112c4806ff2ae8119,pos_4gram,NOUN>VERB>CCONJ>NOUN,0.9271923703402706,1.0,1.028752133694874,0.4619507883106692,0,4,0.08518296480178833,0.959922602972177,0.6342158557961249
84b798b2dfce3b5a3820f226,pos_3gram,PART>AUX>ADV,-0.8297587172099558,1.0,-0.795196557674722,0.31006796880919313,4,1,0.090381920337677,0.959922602972177,0.6333707387443248
9d9d5aa21edf94fff765fc6b,pos_4gram,SCONJ>AUX>VERB>NOUN,-0.6580801434420815,1.0,-0.5914493971647703,0.042525502224716294,7,4,0.14277143776416779,0.959922602972177,0.6312364944912708
1facc2435cb0ca1d5629cddf,pos_4gram,NOUN>ADP>NOUN>VERB,0.7552004604653625,1.0,0.9277727312124996,0.19867343233246443,8,10,0.10657868534326553,0.959922602972177,0.6300301984635127
54f21e281a7b005376d59de3,pos_4gram,SCONJ>ADJ>NOUN>VERB,0.6335959802251822,1.0,0.6558255436489192,0.0056864481360488555,1,5,0.16316737234592438,0.959922602972177,0.6300134414652763
fb98a27a2cc91b8f59742f36,pos_4gram,X>VERB>ADP>X,0.8261931995623766,1.0,0.8444844678297659,0.31176332413525076,1,5,0.07178564369678497,0.959922602972177,0.6298340442678751
e86d8918ad50a445f1eeec39,pos_4gram,NOUN>VERB>NUM>NUM,0.9212868181172266,1.0,1.0218014352045446,0.4649119448703823,0,4,0.09018196165561676,0.959922602972177,0.6289025230105169
fbccf390cfa83bb2030e7a19,pos_4gram,PRON>VERB>VERB>VERB,0.7431774625694774,1.0,0.6567426047036825,0.1832048363949628,2,5,0.08758248388767242,0.959922602972177,0.6281054976362512
de29b448f73a0275fea377fb,pos_3gram,VERB>VERB>NUM,0.7530461461516297,1.0,0.7874724810436158,0.20203252067467434,10,10,0.09498099982738495,0.959922602972177,0.6264773483241215
fd4865984d73e627d1392e4c,pos_4gram,ADP>ADP>NOUN>NOUN,-0.6305462414923348,1.0,-0.5983616773774063,0.006793048293730718,3,2,0.20955808460712433,0.959922602972177,0.6262918109744177
13e3a6b60a7655df18e2eaf6,dependency_path,xcomp>nmod,-0.930260027780941,1.0,-1.1238629575059949,0.48623750202632127,7,4,0.04319136217236519,0.959922602972177,0.6259161315150733
254bf22b26c65ff5f4ba6fef,pos_4gram,VERB>VERB>NUM>NOUN,0.6417323299377917,1.0,0.6588685238012036,0.02584025218528386,10,10,0.13837231695652008,0.959922602972177,0.6255675077778915
28342a082d97c1b2444a4b7f,pos_4gram,NOUN>NUM>NOUN>ADJ,-1.0126033193488517,1.0,-1.015409722646548,0.6191131510229627,5,2,0.032193560153245926,0.959922602972177,0.625406148241761
e93b1215b0b06c6a1f90b952,pos_3gram,ADJ>NOUN>VERB,0.9231701194666475,1.0,1.0643956372819867,0.4785194576006464,7,10,0.04379124194383621,0.959922602972177,0.6243882112750654
bea4a04340324a80c98e4da9,pos_3gram,PART>SCONJ>ADP,-0.8810315242079967,1.0,-0.8453028981159634,0.41106438801472933,6,4,0.059788040816783905,0.959922602972177,0.6243737221995571
7e02c644a3e275caa0529a05,pos_4gram,DET>NUM>NOUN>X,0.871078945966834,1.0,0.7923779605145969,0.39560100860529984,2,7,0.049190159887075424,0.959922602972177,0.6241604445652777
ceb3c7b143dc8b2d413852ee,pos_4gram,NOUN>AUX>X>NOUN,-0.8314662185366939,1.0,-0.801520679837532,0.33443221898709263,4,1,0.090381920337677,0.959922602972177,0.6230861385884571
4052fdd2342bca50c1b14025,dependency_path,nmod>appos,0.647028368115194,1.0,0.7017435555496857,0.04159519922835356,7,10,0.14957007765769958,0.959922602972177,0.6211898524441481
e633ad71b245b5ee2d92688a,dependency_treelet,VERB>nmod>DET,0.6349927903194252,1.0,0.5033078133567946,0.02484464655827594,1,4,0.14177164435386658,0.959922602972177,0.6195990704073191
20b16baf8bf8d3b103bd66d9,pos_3gram,NOUN>PART>PART,-0.8593241844365624,1.0,-0.8083865094834733,0.3871449664174655,8,7,0.06058788299560547,0.959922602972177,0.6194912610005796
db0afd7d58389a7a8ff36789,dependency_path,conj>aux,0.6703776083173347,1.0,0.7237103913260852,0.08386802642529594,4,7,0.09018196165561676,0.959922602972177,0.6185048289765558
07f578c9791176551397836d,pos_4gram,ADP>VERB>VERB>NOUN,-0.6822215749924944,1.0,-0.6436308203378153,0.10449172018750957,8,6,0.1243751272559166,0.959922602972177,0.6176792116437719
70ec7cb67674c8c1c832a016,dependency_treelet,PART>acl>NOUN,-0.7940571936556333,1.0,-0.7852772056545334,0.2858906248801058,6,3,0.033793240785598755,0.959922602972177,0.6175153456225484
0a911605a4abd0bf98dbfc44,pos_3gram,VERB>ADP>NOUN,-0.753619520227251,1.0,-0.7051104508995322,0.2213783861798897,9,9,0.09518096596002579,0.959922602972177,0.6170237894780093
1770cd38dcebfaaa72ecf98d,pos_4gram,PART>ADJ>VERB>PART,0.9069692654955714,1.0,1.0049834665647535,0.4722511144413386,0,4,0.09178164601325989,0.959922602972177,0.6160425056561976
35b71ab60a64e3385e904fc8,dependency_treelet,VERB>advmod>ADV,0.6679457021078142,1.0,0.5379922657749724,0.0861567388817641,10,10,0.13517296314239502,0.959922602972177,0.6149625355135092
077477ed9785db333fca3c4d,pos_4gram,X>NOUN>NOUN>VERB,-1.0898096225806244,1.0,-1.0149848883428971,0.7726164469177471,10,7,0.023795241490006447,0.959922602972177,0.6148028381862316
8887bda62bbf8dd984c2778f,function_word,却,0.9869733977794724,1.0,1.045734380408458,0.6161565658375375,0,6,0.005398920271545649,0.959922602972177,0.6106916982192224
5eaa7f16a0cf4a42bc10c3af,pos_3gram,PROPN>VERB>PART,-1.0421054885274947,1.0,-1.007483073550211,0.7084839423605971,6,4,0.031993601471185684,0.959922602972177,0.6099591940487464
73936e0c4180d51517d3b1b1,function_word,各个,-0.6899423552572661,1.0,-0.659852220813973,0.1346995249499397,3,1,0.2089582085609436,0.959922602972177,0.6080396969300792
472e4dbd63b8f612bf89f42c,pos_4gram,DET>NOUN>ADV>VERB,0.7014972496822781,1.0,0.7122658102568588,0.15526307938872905,2,5,0.11997600644826889,0.959922602972177,0.6072186172983673
379b1c780c85143cc2ac1555,dependency_path,parataxis>obl,-0.8351518024390534,1.0,-0.7703313154429325,0.37537449289210334,10,10,0.06358728557825089,0.959922602972177,0.607217748151572
d8d97fba0252a468348830ee,pos_3gram,AUX>DET>NOUN,0.8882626105556448,1.0,0.7595527280523978,0.4664021751421007,2,6,0.05018996074795723,0.959922602972177,0.6057428348192189
a40b2a4b3403dd7ee447506f,dependency_treelet,VERB>parataxis>VERB,-0.8383108563318565,1.0,-0.8164369741735356,0.3849442335993191,10,10,0.0655868798494339,0.959922602972177,0.6053029688806877
967d39d3246a172fac6ac473,pos_4gram,ADJ>NOUN>X>X,1.038795018994451,1.0,1.193226459582402,0.7224093964834144,1,6,0.026994600892066956,0.959922602972177,0.603105754715066
004e7841b01bea1143379571,pos_4gram,NOUN>VERB>PART>PART,-0.8794824950683592,1.0,-0.8824475250188027,0.458478650484558,4,2,0.09138172119855881,0.959922602972177,0.6030136229804695
dea3ad76a17d99b3b69b2247,pos_4gram,ADP>PRON>VERB>AUX,0.9556649945592804,1.0,0.8308490917302326,0.5854879475874118,0,4,0.08298340439796448,0.959922602972177,0.6027576532596709
d51706e9daf35d99865501f3,pos_4gram,X>ADV>VERB>NOUN,0.7569015891433688,1.0,0.880736674254612,0.26065906382741905,2,6,0.09298140555620193,0.959922602972177,0.6004014970117144
7a451c93f46f076d3c28c490,pos_4gram,SCONJ>NOUN>VERB>NUM,1.059670644936086,1.0,0.9677514799592211,0.7741923648534261,0,5,0.03299340233206749,0.959922602972177,0.5972693073919468
1f6685826ed5f57341dc19b2,dependency_treelet,ADJ>mark>ADP,-1.1211072949003544,1.0,-1.123459218342575,0.8775795723629782,5,2,0.028394320979714394,0.959922602972177,0.597102413875016
b24e1408e21def1c4e14628e,pos_4gram,VERB>PART>SCONJ>ADP,-0.9492238533442379,1.0,-0.9443711984659251,0.5919117914756298,5,2,0.049390122294425964,0.959922602972177,0.5962791772930777
0060eb99591ac96fb7411e6d,pos_4gram,NOUN>ADJ>NOUN>ADJ,0.6059513119370317,1.0,0.6431820479931809,0.017315483537812197,1,4,0.2863427400588989,0.9866415868883264,0.5956375595796279
8931016e8ad6ea2a0c8431ba,pos_4gram,NOUN>NOUN>NOUN>PROPN,-0.6066003231659168,1.0,-0.5774196426098511,0.019954187187890382,3,1,0.20195960998535156,0.959922602972177,0.5947329113265087
4358148ca64d41e49031b854,dependency_treelet,ADJ>nummod>NUM,-0.6342928696713864,1.0,-0.7102542325033276,0.06739627710273512,4,2,0.17416515946388245,0.959922602972177,0.5942430972244591
d82c6c6c2f02a2957f986ab8,dependency_treelet,AUX>nsubj>NOUN,0.6059391591975328,1.0,0.45643227649864704,0.020109385280655683,2,6,0.1787642389535904,0.959922602972177,0.5939942989847358
2ed11e265f795b4404710f90,pos_4gram,AUX>X>NOUN>NOUN,-0.770666255255452,1.0,-0.759344668626505,0.2979353131835928,4,2,0.14637072384357452,0.959922602972177,0.593763223349823
112fa6b3f4c84cf7b489a90f,pos_4gram,PART>ADP>PART>NOUN,-0.6790843480236843,1.0,-0.6741715177741117,0.14632741154280396,3,2,0.21895620226860046,0.959922602972177,0.5923999907755214
485feb7a3ac4270c23c6607a,pos_4gram,X>X>NOUN>ADJ,0.6281794670792483,1.0,0.6450321463890493,0.06225623924900747,1,6,0.13577283918857574,0.959922602972177,0.5913634054278258
e403b22c4509b90ac6c6c847,pos_4gram,VERB>X>PART>X,-0.8468488789261219,1.0,-0.856448697131778,0.43390111356031424,4,1,0.08338332176208496,0.959922602972177,0.5905908510130332
2d3cebbbaef6b3fc3c2a566b,pos_4gram,NOUN>AUX>DET>NOUN,0.8764174758404896,1.0,0.7845410562368813,0.48871372171529004,0,4,0.0869826003909111,0.959922602972177,0.5887078644178042
edf7235497e9028a619b6fd7,pos_3gram,DET>NOUN>CCONJ,0.8762187746737479,1.0,0.8726663164838747,0.4888245479033544,0,4,0.08498300611972809,0.959922602972177,0.588530579985189
80993b997bad5d462de0cf3e,dependency_path,conj>case,0.6282030496492694,1.0,0.8041796891009146,0.0683881225313155,7,10,0.1545690894126892,0.959922602972177,0.5879914203472028
bbd090b70f9ca92ea0969846,pos_3gram,CCONJ>ADJ>NOUN,0.6829652562156305,1.0,0.8160167619941693,0.16273871862139183,5,6,0.13517296314239502,0.959922602972177,0.587376377235801
6ffbc01c31136d980093c18f,pos_3gram,NUM>AUX>VERB,-0.7708124704368932,1.0,-0.8032526342938644,0.31674311837758634,3,1,0.203159362077713,0.959922602972177,0.5853932021202761
3aced2ebd7db78b195e1dced,pos_4gram,ADV>VERB>PRON>PART,0.8714188510868406,1.0,0.7411965078534597,0.49151707684556656,0,4,0.08218356221914291,0.959922602972177,0.5842499992891924
f7d280030ef1eafc05d8d4c2,function_word,而是,0.9598237021339978,1.0,0.9784308328832814,0.6496808828204964,1,6,0.009598080068826675,0.959922602972177,0.5818238618931958
240e5a1d4ccd9bc40ec539a5,pos_4gram,NOUN>ADJ>SCONJ>NOUN,0.8636146883566311,1.0,0.9763311337916256,0.48438268432694453,8,10,0.05778844282031059,0.959922602972177,0.5818005676536271
d2904e03f5bc54cb9a441ae3,function_word,体,0.8685191187495767,1.0,0.9472884322325675,0.49315810918587766,1,6,0.04639071971178055,0.959922602972177,0.5816658754397576
133ee97f75515cb49837aea5,pos_4gram,AUX>DET>NOUN>PART,0.9409688237733267,1.0,0.8321404267730641,0.6186905988147812,0,4,0.090381920337677,0.959922602972177,0.5813148136291839
f3f780933da4a6185c8fdfe7,pos_4gram,AUX>VERB>VERB>X,-0.7567348744377138,1.0,-0.701806137748467,0.3038549531357289,5,3,0.1117776408791542,0.959922602972177,0.5803827125231921
a62d58389848a4f0fcd609f8,pos_4gram,PART>VERB>PART>SCONJ,-0.8761131872182207,1.0,-0.9894806506497285,0.5109248415923354,4,1,0.09138172119855881,0.959922602972177,0.5798522620720838
bcc6ce70852b2ad4d8436ed8,pos_4gram,ADV>NUM>NOUN>NOUN,0.9626182994144309,1.0,0.8688869410201568,0.6657699725738172,0,4,0.08618276566267014,0.959922602972177,0.5778818896147279
fc082ca78c83515d80be9d04,pos_4gram,ADV>AUX>NOUN>VERB,0.585947638343889,1.0,0.6607487386421831,0.017906617042124654,1,4,0.24135172367095947,0.9866415868883264,0.5756398755384456
cf06e1fa1c792fd16b577e22,pos_3gram,NUM>VERB>X,0.861379191891397,1.0,0.8383720663447622,0.4972458708386449,0,4,0.08958208560943604,0.959922602972177,0.5753091116617453
696a8faf60cd24096c3180d6,pos_3gram,X>NOUN>ADV,-0.9075621641292501,1.0,-0.851756726302974,0.5804867302302085,8,8,0.05018996074795723,0.959922602972177,0.5742295375027019
fd1237f5489460719823cf91,pos_4gram,ADP>X>X>VERB,-0.7813783486612677,1.0,-0.7782198701987345,0.3640409577213923,5,3,0.08678264170885086,0.959922602972177,0.5728408258110864
97bbe2701e05f6f79befe27a,pos_3gram,ADP>ADP>X,-0.6987209499769501,1.0,-0.7790186827258936,0.22232393250141527,3,1,0.2167566418647766,0.959922602972177,0.5716332073667724
8910b5e2f42f944630114706,pos_3gram,NOUN>VERB>PRON,0.6953469698675581,1.0,0.5309424805695949,0.2182719136952657,6,8,0.12357528507709503,0.959922602972177,0.5707650008596437
52da4a2af3c2df457ea03cd6,pos_3gram,ADV>VERB>SCONJ,0.6137945960059885,1.0,0.6098491575646664,0.07828684632957071,9,9,0.15616875886917114,0.959922602972177,0.5692312746791929
215e5a34e276e5b5a3abe6a8,dependency_path,advmod>mark,-0.7431041556086274,1.0,-0.7373606078533599,0.308412642741085,9,6,0.10197960585355759,0.959922602972177,0.5679432705968407
bc9a92a3b9e903d3993cbfe6,dependency_path,appos>det,0.630015958928915,1.0,0.49284925773078864,0.1099577710705124,1,4,0.20055988430976868,0.959922602972177,0.5676035389357997
99dba203d66389a3d7600db0,pos_4gram,ADV>AUX>VERB>SCONJ,0.8519958316314925,1.0,0.75537045733597,0.5027222323073323,1,5,0.08998200297355652,0.959922602972177,0.5669682748509738
c882d068d538d5dc2c35348c,pos_4gram,DET>NOUN>ADV>ADV,0.8518900350460572,1.0,0.8834395944569624,0.502784665594978,0,4,0.08618276566267014,0.959922602972177,0.5668743197541076
08a2c3ab595a5960c1de20bc,pos_3gram,ADV>ADV>ADV,0.851603107657266,1.0,0.7695562935419271,0.5029540669157649,1,5,0.08138372004032135,0.959922602972177,0.5666195171252664
ef4f6c2b22e0dcce6d9a2561,pos_3gram,ADP>AUX>ADP,-0.6446665605788994,1.0,-0.6478101038441894,0.1380396744652061,3,2,0.2191561609506607,0.959922602972177,0.5664710774532923
0b2cd30a8aedabcbbd8512be,pos_3gram,VERB>DET>NUM,0.693994853218503,1.0,0.6595155386590611,0.22572016344294518,5,8,0.11917616426944733,0.959922602972177,0.5661935520984901
4aad79181f070631d59729a3,dependency_treelet,PART>case>PART,-0.8195199805709606,1.0,-0.7969830558596824,0.45152190916243107,8,7,0.05498900264501572,0.959922602972177,0.5645936002742437
42347f0131171e9e190b8c05,pos_3gram,X>NOUN>VERB,-0.746905837775699,1.0,-0.6971800619455887,0.32297135484333794,10,9,0.06378724426031113,0.959922602972177,0.564566900894196
726d9cf6131bb4f5de2355cf,dependency_treelet,ADJ>nsubj>PART,-0.8177855417621946,1.0,-0.8462409655483356,0.44918424893123027,6,4,0.07378524541854858,0.959922602972177,0.5643075008338722
f26f37e5f75261c4872744b9,pos_4gram,PART>SCONJ>VERB>AUX,1.0168974023999855,1.0,0.9677514799592211,0.8039679373790751,0,5,0.03299340233206749,0.959922602972177,0.5637003747845994
601aba4243cbdb9a6ebe72df,function_word,不会,0.6622155362276515,1.0,0.6615664999045515,0.1759010055766525,3,5,0.14497099816799164,0.959922602972177,0.5631558550312713
aad867c583f939eb83805925,dependency_treelet,ADJ>conj>PART,0.9380600073838508,1.0,0.9271326741737508,0.6702553384817471,0,5,0.032393522560596466,0.959922602972177,0.5616267080676073
a7f664c198ec37e8cc0c6db8,pos_3gram,VERB>CCONJ>NOUN,0.8246106188219567,1.0,0.923319218621368,0.46866287054287975,1,5,0.07658468186855316,0.959922602972177,0.561470324715941
6b20665322a9378e1c726e50,pos_4gram,NOUN>NOUN>VERB>PRON,0.9012818369974884,1.0,0.8363163803824992,0.6070665451509656,3,7,0.05238952115178108,0.959922602972177,0.5608242170910374
08d41222db3713cf19db2e55,dependency_path,nummod>conj,1.016195658120392,1.0,1.0248432888653918,0.8127169801607369,0,6,0.012797440402209759,0.959922602972177,0.5605925631205175
93f2d1cea908d6226819f9dd,pos_4gram,AUX>DET>NOUN>NOUN,0.7190288134086125,1.0,0.6436877978153024,0.28606116208747007,1,5,0.11237752437591553,0.959922602972177,0.5590937932077203
58274499ba4f630a2c46db34,pos_3gram,VERB>SCONJ>ADV,0.5758963533605126,1.0,0.549609948558217,0.030187224563294503,4,5,0.19516097009181976,0.959922602972177,0.5590210591134442
b192f3a0b09aa9ac76994eb1,pos_3gram,PROPN>CCONJ>PROPN,-0.8360431106948572,1.0,-0.810347856936438,0.49894386418970965,4,0,0.0825834795832634,0.959922602972177,0.5577547836634966
770811e476eab25201205bd4,pos_2gram,NOUN>PROPN,-0.6939525556804317,1.0,-0.6507630031409816,0.24585289407268549,7,8,0.11037792265415192,0.959922602972177,0.557010028216016
f821fd83354385d741e9f5df,dependency_treelet,VERB>conj>NOUN,1.0411970867646059,1.0,1.1173678518718946,0.8693118980324055,4,8,0.029994001612067223,0.959922602972177,0.556994842787095
b7a96f4165e013eec36e1edb,pos_4gram,NOUN>PART>PART>NUM,-0.8398858495366711,1.0,-0.8140724916417491,0.5129395196402197,4,0,0.08538292348384857,0.959922602972177,0.5551351119021585
0b9555f53bf7455349725f88,pos_4gram,ADJ>NOUN>VERB>VERB,0.569399704856322,1.0,0.5537391450471352,0.025865479773622777,3,7,0.20775844156742096,0.959922602972177,0.55504324502855
2117c46a6449584ef0e6fe5e,pos_2gram,ADP>NOUN,-0.6617046688108303,1.0,-0.5718377129752577,0.19753372917076517,10,10,0.14797040820121765,0.959922602972177,0.5525561850095272
3a23e81954ba36f0232ad90b,dependency_path,advmod>case,-0.7667090507825874,1.0,-0.7964115627095493,0.3884142320080889,3,1,0.21455708146095276,0.959922602972177,0.552219239119785
78266c8c7eeb1ca9742138f9,dependency_treelet,NUM>nsubj>NOUN,0.6640728403904657,1.0,0.709054215215757,0.20426712467472685,1,5,0.1573685258626938,0.959922602972177,0.5514331719134424
e0b51de3777dd578f98a86ea,dependency_treelet,PART>punct>PUNCT,0.7607929074503901,1.0,0.7849154524819593,0.3808068739371694,10,9,0.09838031977415085,0.959922602972177,0.550977056828447
f6fa97c314422fc4ccc6c2ce,pos_4gram,VERB>CCONJ>NOUN>NOUN,0.9142153846986425,1.0,1.013489162220731,0.6598723488366772,0,5,0.03319336101412773,0.959922602972177,0.5507745130758825
db14e778d1f1a0c6ebd6fca9,dependency_treelet,NOUN>punct>PUNCT,0.6965765700169603,1.0,0.8026093033464643,0.2663620869605484,10,10,0.1311737596988678,0.959922602972177,0.5500611374814959
b74873ce7485fc7fe8894912,function_word,下,0.7166749587130733,1.0,0.8331682162556141,0.3032374246499094,7,9,0.10417916625738144,0.959922602972177,0.5499189519558147
c6b800e28d874fd0d2f13858,pos_4gram,SCONJ>AUX>VERB>SCONJ,0.559408630823923,1.0,0.5101980249408362,0.018756128147518515,1,4,0.2545490860939026,0.9866415868883264,0.5491094633620885
c335a83c9f89c44d89ce334b,pos_4gram,VERB>ADP>NOUN>ADJ,-0.9625865121359923,1.0,-0.9947864413678925,0.7540612861177517,4,1,0.08058388531208038,0.959922602972177,0.5487758721740427
11eb1394ffc85580e9b769ff,pos_3gram,PART>ADP>PART,-0.6788242413827829,1.0,-0.6733904780602535,0.2420261447976747,3,2,0.21895620226860046,0.959922602972177,0.5465458551143163
4383e03c6caa433b5997c237,pos_4gram,PART>VERB>VERB>PART,-0.7494691797549563,1.0,-0.71898926371118,0.3735104613265153,3,1,0.20195960998535156,0.959922602972177,0.5456596078861536
7194eaea44d052e73626f2f9,pos_3gram,ADP>ADV>VERB,0.593071426224285,1.0,0.5780819775819601,0.08844532301025665,9,8,0.19496101140975952,0.959922602972177,0.5448793923649359
267f6f2c2bccdc6e94fa2c98,pos_3gram,NOUN>ADP>ADJ,-0.8536419307763866,1.0,-0.8147897181284213,0.5673560243593618,7,6,0.06518696248531342,0.959922602972177,0.5446381788881072
db2d86f257b6ecfc6a9eb98b,function_word,那,0.6221563881238698,1.0,0.52013945246116,0.14689165022303188,2,4,0.12057588249444962,0.959922602972177,0.5424718089131446
a052a95025ef1a772948237d,dependency_treelet,X>cc>CCONJ,-0.9639589303511877,1.0,-0.9352673960868264,0.7778897704671633,8,6,0.03339331969618797,0.959922602972177,0.5421927424093874
562d7d91bd991eee66bcdf73,pos_4gram,VERB>NUM>NUM>NOUN,0.5862445161027522,1.0,0.6183330242355896,0.0821816128702456,2,5,0.25634872913360596,0.9866415868883264,0.5417247060295816
79a18b69a6eb809448c51c16,dependency_path,obl>acl,-0.5863692399280991,1.0,-0.494282624190913,0.08293879410216569,10,9,0.1885622888803482,0.959922602972177,0.5414611085331387
155f99c46a99eba442e540da,pos_4gram,PART>AUX>VERB>VERB,-0.5870760213134351,1.0,-0.586349316131,0.08521496855509822,3,3,0.27914416790008545,0.9866415868883264,0.5409767081402252
5d074c8aa04f92b18607012e,pos_3gram,ADP>PART>X,0.7518788990125191,1.0,0.8088722938295506,0.3905106701131736,1,6,0.10857828706502914,0.959922602972177,0.5407214163637621
378e8c6323a2aba5b487a683,pos_4gram,NOUN>ADJ>NOUN>ADP,-0.7099663119363536,1.0,-0.6806979360810892,0.3131016967781564,4,1,0.07998400181531906,0.959922602972177,0.5406788474025556
45b2b23a138d40c3d22f937a,dependency_path,nmod>case,-0.6514302092280329,1.0,-0.5806040046728335,0.20626971701041413,10,10,0.15276944637298584,0.959922602972177,0.5400369420219879
35bf320f6fd203c7ffab05cc,punctuation_run,：,0.8905832519079464,1.0,0.7614664613533206,0.6499059177588218,8,10,0.06098780035972595,0.959922602972177,0.5397782033036681
7e52e06a0a67223a9995cf41,pos_4gram,PRON>PART>NOUN>NOUN,0.7898450959208186,1.0,0.7201240815899883,0.46358803708281165,4,8,0.07438512146472931,0.959922602972177,0.5396635363972494
66abffa52e0a4d4b9c7cac7d,pos_4gram,AUX>VERB>VERB>NUM,0.5414892390932213,1.0,0.5927754565788226,0.003955444809293885,2,8,0.2351529747247696,0.9832953145565905,0.5393558468085999
cdb5e3ca0da4efcf6068be0d,pos_4gram,X>X>PART>ADJ,0.5666268020343883,1.0,0.6178035352366913,0.05164758937018211,2,4,0.2157568484544754,0.959922602972177,0.5387991260206602
48872012652924827b100650,pos_4gram,VERB>PRON>ADV>VERB,0.5751542384936155,1.0,0.4748662822332295,0.06752286165472907,3,6,0.19376124441623688,0.959922602972177,0.5387746334557083
9ef9b17131c4ee139c41708d,dependency_treelet,VERB>nsubj>PART,-0.7742013374698296,1.0,-0.6731655000263688,0.43721079376206456,10,9,0.07998400181531906,0.959922602972177,0.5386832194902103
5e9e2e427f27c35e9b4e79ee,dependency_treelet,X>conj>PART,0.8192174228485319,1.0,0.8592400831616495,0.5228370814002073,1,6,0.052989400923252106,0.959922602972177,0.5379547378077264
949f6a2ede8afa1b9726cfd2,pos_4gram,ADP>ADV>VERB>ADP,0.8181484540742004,1.0,0.8101841008426859,0.5235202049962933,0,4,0.090381920337677,0.959922602972177,0.5370118830003905
d272e919560d3f73c4feedc6,dependency_path,ccomp>nummod,-0.584663868799253,1.0,-0.8565472561777706,0.08904395120813759,6,5,0.19536092877388,0.959922602972177,0.5368597549719206
67ab2fc523c7db9ea144452a,pos_4gram,X>VERB>VERB>AUX,0.9409688237733267,1.0,0.8321404267730641,0.7562028070791416,0,4,0.090381920337677,0.959922602972177,0.5357973577882584
96ef82cceda0eef612b486ff,dependency_path,nmod>cop,-0.9565795332548359,1.0,-0.9075918349931862,0.78818348879338,5,3,0.042391519993543625,0.959922602972177,0.5349448416506245
810d906db99a008b8d00986f,pos_3gram,CCONJ>AUX>VERB,-0.6390180437343767,1.0,-0.6164284977911211,0.1961942317256396,3,1,0.20835833251476288,0.959922602972177,0.5342092670122008
14605c150661b62755b16b9e,pos_4gram,X>NOUN>DET>NOUN,0.5409877733315238,1.0,0.6174471024823913,0.013763322075209873,1,4,0.25054988265037537,0.9866415868883264,0.5336430718603061
ed567110ff76ff519d46aea2,pos_3gram,SCONJ>X>AUX,-1.1166246147436385,1.0,-1.1854544018497861,1.0953044220399635,5,1,0.03639272227883339,0.959922602972177,0.5329176051929037
3cb9a1f23660f86945fe98be,pos_4gram,NOUN>PART>ADJ>PART,-0.694278007687394,1.0,-0.6488436404052274,0.3033054377937845,5,2,0.11697660386562347,0.959922602972177,0.532705525162741
5db7563f33f559bc066c20e8,dependency_treelet,VERB>obl>NOUN,-0.6319000541780131,1.0,-0.6125674981984834,0.1863859015569049,10,10,0.15216957032680511,0.959922602972177,0.5326260648822317
e4d002f0149cc1c53f59d038,pos_4gram,VERB>VERB>PART>PART,-0.7720750748284534,1.0,-0.7314292616695532,0.4503288161383287,5,2,0.0553889200091362,0.959922602972177,0.5323448491385521
795e8a9bafa8b8ee90339551,pos_4gram,PROPN>PART>NOUN>VERB,0.8128074089261967,1.0,0.8176079071951844,0.5269603127266981,0,4,0.090381920337677,0.959922602972177,0.532304213902432
0c49edd6bd9ccc96fab15b12,pos_2gram,ADV>PRON,0.7797229495814788,1.0,0.6480264499529865,0.4666797398239626,2,5,0.09598080068826675,0.959922602972177,0.5316245451614847
5e0d4876331c608b56a02567,pos_3gram,ADV>ADP>ADJ,0.6668000198168011,1.0,0.7552636303889327,0.2557668928967941,2,4,0.1311737596988678,0.959922602972177,0.5309902845731437
18bc42fdb944b5a7520d5b1f,dependency_path,nsubj>nmod,-0.7776282849953161,1.0,-0.658544518942244,0.465143182192717,10,10,0.0825834795832634,0.959922602972177,0.530752416860396
17644b457c65ecd159dfe28e,pos_3gram,ADP>VERB>ADP,0.5829685664615667,1.0,0.6371248576131949,0.10145030709254219,4,9,0.20635873079299927,0.959922602972177,0.5292735974629735
6d4246b92f6a8a4386621fa7,root_pos,VERB,-0.6431439437135578,1.0,-0.550535338174137,0.21577268374941505,10,10,0.1423715204000473,0.959922602972177,0.5290001595776248
76a5ff88c80c343f9e2a1e72,pos_3gram,PART>ADJ>X,0.5663190463842056,1.0,0.6292015044537528,0.07231398039602939,1,3,0.3405318856239319,0.9866415868883264,0.5281280079693184
a6d52c54faf9735e3cb80e33,pos_4gram,ADV>VERB>PRON>VERB,0.6140684130116201,1.0,0.4271568379277553,0.16705891137959264,1,4,0.19396120309829712,0.959922602972177,0.526167451380602
181bd7759bc35c00a124fd97,function_word,于,-0.5624809287988206,1.0,-0.4994406883557625,0.07143598016073446,8,5,0.20395921170711517,0.959922602972177,0.5249785700816566
061c7fb15e166950b8070824,pos_4gram,NOUN>ADP>NOUN>ADV,0.5331386814047931,1.0,0.571303542669019,0.015669482958006947,2,4,0.22755448520183563,0.9653870989559548,0.5249135573632627
45e86c18baeb6ee04b04abbe,pos_4gram,NOUN>NOUN>PART>X,-0.6133212541995186,1.0,-0.577998527780446,0.17016631828422368,6,6,0.16216756403446198,0.959922602972177,0.5241316936030181
008145d85eca678fe30628e4,pos_4gram,NOUN>PROPN>PART>NOUN,0.5496652526258163,1.0,0.5817154308596352,0.05046130539743393,1,3,0.34573084115982056,0.9866415868883264,0.5232608281728709
b389db2b2d67f12b827b8555,punctuation_run,.,0.9552798597340841,1.0,1.1013583169213779,0.8264009680201296,7,9,0.03459307923913002,0.959922602972177,0.5230395058154369
ab5786f19925dc83f49d75b5,pos_4gram,NOUN>NOUN>NOUN>VERB,-0.5793854378829629,1.0,-0.48944446494760324,0.10812576944662694,10,10,0.18436312675476074,0.959922602972177,0.5228516959517104
787c7da30286bfd3d615713f,pos_4gram,VERB>NOUN>VERB>SCONJ,-0.9309682100099543,1.0,-0.886187958864951,0.782789458198697,9,7,0.031993601471185684,0.959922602972177,0.5221975066817987
f4da517a04f8410d71b0fb4b,pos_4gram,PART>X>NOUN>VERB,-0.7399061268092549,1.0,-0.7415934418442286,0.4180556296324569,4,3,0.11037792265415192,0.959922602972177,0.5217751062425032
828efdfcd02c977f5d484f97,function_word,级,0.5836216728976142,1.0,0.6559946456487039,0.11942211727890009,3,6,0.17796440422534943,0.959922602972177,0.5213597836679217
13a271fafdd5ee46b1f0f9dd,pos_4gram,PRON>VERB>VERB>SCONJ,0.8917637480355247,1.0,0.873266723398781,0.7108876898051937,0,5,0.03299340233206749,0.959922602972177,0.5212286892642634
a7ce8b7018616d1989ff1fbe,dependency_path,dislocated>nsubj,0.6000107130590631,1.0,0.41164610191905476,0.15208308442918858,2,4,0.2001599669456482,0.959922602972177,0.5208050714123145
592d249c6cf7ebe26ac113b5,pos_3gram,PART>PART>ADP,-0.6616061910135538,1.0,-0.6290092029748372,0.2770457880850431,3,1,0.2079584002494812,0.959922602972177,0.5180755437169141
ec55a9e8333e6bc7747c7c0a,dependency_path,ccomp>conj,0.7015476558775084,1.0,0.6681409537212835,0.35579280838891025,7,9,0.11577684432268143,0.959922602972177,0.517444591486776
9923266dc134de657d8bf8df,pos_4gram,X>VERB>ADP>VERB,0.8818013145382984,1.0,0.9080774401562554,0.7059500858605555,0,5,0.03139372169971466,0.959922602972177,0.5168974882951979
f9dc4ab1e1d1b666e233d490,pos_3gram,PART>PROPN>PROPN,-0.6048817475458936,1.0,-0.579040720048906,0.17157290661451477,3,2,0.33213356137275696,0.9866415868883264,0.5162988527054758
0e3a939d2c0f23c9abfc26c9,pos_3gram,CCONJ>PROPN>NOUN,-0.8989629971100097,1.0,-0.8713339406239483,0.7421003179224779,4,0,0.08718255907297134,0.959922602972177,0.5160225205526958
9c6e531a13e055eac4950473,pos_3gram,AUX>AUX>ADV,0.7942092035211105,1.0,0.7762743575490766,0.5393002807010925,0,4,0.08638272434473038,0.959922602972177,0.5159546928422429
a9936c74fe6bc6f49d7bc294,pos_3gram,ADP>NOUN>SCONJ,-0.71063359503559,1.0,-0.725890417903527,0.3779473256596041,5,4,0.12757448852062225,0.959922602972177,0.5157189841748266
26254eedb224f3181488c36e,pos_3gram,ADJ>AUX>VERB,0.9477256668838587,1.0,0.9556162859034513,0.837913381416866,0,5,0.032393522560596466,0.959922602972177,0.5156530642120073
0fbdbd93bdd64beab51ffcff,pos_3gram,NOUN>PRON>PART,0.8013896193618291,1.0,0.6588257729108619,0.55500414374609,1,4,0.14317137002944946,0.959922602972177,0.5153617259380657
1acd811f562b02131c193753,pos_4gram,SCONJ>ADJ>NOUN>ADP,-0.5929830129911684,1.0,-0.5565086999592913,0.15073294236276438,3,1,0.21015796065330505,0.959922602972177,0.5153089749682621
67db6656b959836c4054de21,pos_3gram,PART>ADJ>SCONJ,-0.5176871895278645,1.0,-0.5118282900032047,0.00718852251149657,3,3,0.32373523712158203,0.9866415868883264,0.5139923439923387
fea04e8021fe651f108a8013,dependency_path,advcl>acl,-0.7333691392149481,1.0,-0.7359686406290739,0.43031853203036724,5,5,0.08298340439796448,0.959922602972177,0.51273134116071
1324c768895edfafb6973ae8,function_word,这,0.7220089143083632,1.0,0.6183058209563594,0.41054534711428986,8,9,0.09338132292032242,0.959922602972177,0.5118650852207322
01289efda7a108e134e71a43,pos_3gram,AUX>VERB>NOUN,-0.5596677351902616,1.0,-0.5170565863440568,0.09362740615593064,10,9,0.21095781028270721,0.959922602972177,0.5117535753401407
280a008abbad108860a835ea,pos_3gram,ADJ>PART>VERB,0.751150135056795,1.0,0.8009321595462496,0.46827595491282387,6,7,0.0835832804441452,0.959922602972177,0.5115864851858812
74132184afb24165f96c79f1,pos_4gram,NUM>NUM>NOUN>NOUN,0.6546388657553125,1.0,0.7234647399489912,0.2805667877940073,2,7,0.135972797870636,0.959922602972177,0.5112102484580586
3f3d458747ee57b31f53d274,dependency_treelet,NOUN>nmod>PRON,0.6224800009178992,1.0,0.4741998541303117,0.219384462709501,7,10,0.1559688001871109,0.959922602972177,0.5104870694635013
3f6b219b3e1c487321b1eb7b,pos_4gram,VERB>SCONJ>X>X,-0.5196268248696599,1.0,-0.46238477441965486,0.018600391909211405,5,3,0.24255149066448212,0.9866415868883264,0.5101380570801651
e81089f4b9585533949e770e,pos_3gram,ADV>ADJ>CCONJ,0.5955831736109541,1.0,0.57429934551124,0.16877201746769235,1,4,0.1933613270521164,0.959922602972177,0.5095802814490444
15a95f10af78942fad59eb3d,dependency_treelet,X>nmod>X,-0.7347457690592669,1.0,-0.7176781565672853,0.4419262811841628,6,5,0.10357928276062012,0.959922602972177,0.5095584834308359
f0ba879b52bb7ef9c8d664a4,pos_4gram,VERB>PART>PART>VERB,-0.936751701074635,1.0,-0.9320047691879133,0.8383895848261149,5,3,0.0417916402220726,0.959922602972177,0.5095501567276548
1d2ef5bfc493ac50fd252afb,pos_3gram,X>PART>ADJ,0.6562309155711331,1.0,0.7325493883632457,0.28836056503530044,3,7,0.16536691784858704,0.959922602972177,0.5093534631379785
e33ff5ba24cb54bc065113b8,dependency_path,root>dislocated,0.6368395302507049,1.0,0.4760303987093096,0.25042722523010585,2,5,0.14617076516151428,0.959922602972177,0.5092975563879878
eb4a1801275f1fbcd580b8d5,pos_4gram,VERB>NOUN>PART>NUM,-0.723083279133196,1.0,-0.6850895362856945,0.42046788308973976,4,1,0.14297141134738922,0.959922602972177,0.5090458487244195
90d2059cf019b6669247ef3a,pos_3gram,AUX>PRON>VERB,0.9173090574192138,1.0,0.791153343162441,0.802545821864082,0,5,0.032393522560596466,0.959922602972177,0.5088963877049124
a621ec4790295b1ef971c979,pos_4gram,PART>NOUN>PART>PART,-0.6673751531519988,1.0,-0.6410239091820998,0.3117423379612187,4,2,0.08278344571590424,0.959922602972177,0.5087700029483454
e457fd9825bf809b9ec19673,function_word,什么,0.6969126023343086,1.0,0.6100648349587026,0.370837958047381,4,9,0.118576280772686,0.959922602972177,0.5083843777764876
1eb289715233ffbc722226ff,pos_4gram,VERB>VERB>PART>ADP,-0.7811826299981001,1.0,-0.7571734782537749,0.536724952694141,4,0,0.08558288216590881,0.959922602972177,0.5083425167454682
e8e3bce54f58936f2879b160,pos_4gram,ADP>ADJ>SCONJ>NOUN,-0.5148178544604927,1.0,-0.5403185373127474,0.013213100311034417,5,5,0.24515096843242645,0.9866415868883264,0.5081042224014423
1b811af24e0300f93a8b253c,pos_4gram,AUX>VERB>PART>NOUN,0.8439866045779011,1.0,0.9322836791799621,0.6628283693664563,2,7,0.05918816104531288,0.959922602972177,0.5075608644441537
bc3d90fa2c61cd4ee3eea496,dependency_path,nmod>det,0.5919992096162495,1.0,0.5381471982936621,0.16864250277951184,9,10,0.17236553132534027,0.959922602972177,0.5065699803046974
a354f6d5361d7b9d3023085e,root_pos,NUM,0.7461782403283557,1.0,0.8043369818623496,0.4761439472604828,1,5,0.10037992149591446,0.959922602972177,0.5054915150471323
c2c7c39718731ffc52f4f72f,pos_3gram,DET>NOUN>X,0.6226266484686183,1.0,0.6144900620421461,0.23226062229427308,3,7,0.1603679209947586,0.959922602972177,0.5052718858364447
4ccd00512a6584144a619f23,function_word,你,0.5688011488584016,1.0,0.3961492393487205,0.12600757424451894,5,4,0.3231353759765625,0.9866415868883264,0.505148599235695
24d7bbcba04f1bb20c41f5fb,function_word,家,-0.5777019370787477,1.0,-0.5689874942550548,0.1464089359770079,3,3,0.26254749298095703,0.9866415868883264,0.503923093190486
b3e02451727bc047bca4f219,pos_4gram,PRON>NOUN>NOUN>NOUN,0.8742018681433982,1.0,0.9666674475358271,0.7349228630879342,0,4,0.08638272434473038,0.959922602972177,0.5038851505982428
9a9d84a3c1b15b39f44afd7e,pos_4gram,PRON>PART>ADJ>NOUN,0.5208521326163217,1.0,0.5371890961873795,0.036581620692651425,1,4,0.3275344967842102,0.9866415868883264,0.5024709315878902
3562660adfecfacaedb7d790,pos_4gram,NOUN>ADP>NOUN>SCONJ,-0.5236930278237132,1.0,-0.5372570790312143,0.046027692435584744,2,2,0.46810638904571533,0.9866415868883264,0.5006492960089225
57df75c1aafaff258611d0fc,pos_4gram,NOUN>ADP>ADP>NOUN,-0.5999081827351275,1.0,-0.5715722926186557,0.19969854401793513,3,1,0.20955808460712433,0.959922602972177,0.5000491046075314
60d5abe51f09d612b799d0b0,dependency_treelet,VERB>nmod>NOUN,-0.5125958299249792,1.0,-0.7387138083549797,0.026320595953692107,10,10,0.23595280945301056,0.9845545123096209,0.4994500080636672
7aac850e74922d5f46d769bc,dependency_treelet,VERB>xcomp>ADP,0.7747670637784498,1.0,0.643290642142591,0.552833575946649,1,4,0.090381920337677,0.959922602972177,0.4989376039902609
dce9e9f938f69dc84f71b4f8,pos_2gram,ADJ>NUM,-0.9248926640681115,1.0,-0.9147565745165318,0.8543297348794093,5,4,0.04679064080119133,0.959922602972177,0.49877464976759334
af5b17acbcb56fdcad8f2964,pos_4gram,NOUN>VERB>SCONJ>VERB,-0.6440788516810585,1.0,-0.6009213212063413,0.2914571187116253,6,5,0.1579684019088745,0.959922602972177,0.49872259972797245
5a256f74417a8a4a4e4e2241,dependency_treelet,NUM>parataxis>VERB,0.7007602699561776,1.0,0.7827284662281776,0.4095612162363716,1,3,0.21175764501094818,0.959922602972177,0.49714780875374626
242b826c35a0345a518f698c,pos_4gram,NOUN>PRON>PART>NOUN,0.7350128016420101,1.0,0.5792620093268277,0.4800318908429333,1,4,0.19536092877388,0.959922602972177,0.4966195702873625
a6f796442fe6b1bc49ee041b,pos_4gram,DET>NOUN>VERB>VERB,0.9513236254547467,1.0,0.9525917795947644,0.9165018750654713,1,6,0.038992200046777725,0.959922602972177,0.4963854394466729
154d55626e22276fb5d951df,pos_4gram,X>VERB>PART>VERB,-0.6397727734263552,1.0,-0.6125152123126709,0.2888914449677292,3,1,0.2079584002494812,0.959922602972177,0.49637444326614605
d872675acf5f1795f006c627,function_word,机,-0.6501198932464624,1.0,-0.6102304275882484,0.31109582615071063,5,2,0.20135971903800964,0.959922602972177,0.4958599366113236
35867891f2a3f6c5826068d6,pos_4gram,VERB>DET>NOUN>ADJ,0.5140983964619016,1.0,0.45094410592972173,0.03706219525962063,1,4,0.23635272681713104,0.9848005373400158,0.4957257132810641
00602806445476ca098ed46e,function_word,之后,-0.4998861008934569,1.0,-0.6493567624993213,0.009359335942630288,5,4,0.2657468616962433,0.9866415868883264,0.49525088151745134
215dbcd59be9bbcc3d93d3a1,pos_4gram,NOUN>SCONJ>NOUN>ADV,0.8161640521945068,1.0,0.8157967661207043,0.6480936881312278,1,5,0.07738452404737473,0.959922602972177,0.4952170244156172
5c6942e6922e212ebf578991,dependency_path,advcl>obl,-0.6264849405760455,1.0,-0.6096336097391921,0.26657027160468205,10,10,0.16116777062416077,0.959922602972177,0.4946310162343539
d0a07e2f89333c5041725ff2,pos_4gram,NOUN>VERB>ADP>PRON,1.0141198117858439,1.0,0.9053388887490984,1.0504614554462985,0,4,0.090381920337677,0.959922602972177,0.4945812607655738
166d04a33f5d2ff46e9ae69a,pos_3gram,ADP>SCONJ>AUX,-0.5055844257628508,1.0,-0.5381122637923567,0.02231438739210864,5,4,0.26214757561683655,0.9866415868883264,0.49454887067820746
effebe94b2148310f09c9597,pos_3gram,PART>PART>X,-0.9251047116753126,1.0,-0.9343273910857548,0.8712227794527105,5,2,0.03439312055706978,0.959922602972177,0.49438512711238175
ff0c1f61acb4e4e1bb5e5c71,pos_3gram,PROPN>PROPN>CCONJ,-0.8525730433729289,1.0,-0.8263697526373021,0.7247627588641853,4,0,0.09218156337738037,0.959922602972177,0.4943132259733954
5f25ce485406261473d51594,dependency_path,csubj>nsubj,0.8771035994172237,1.0,0.7768098148372385,0.780027325713233,3,7,0.052989400923252106,0.959922602972177,0.49274726671163893
b5ea3e1a2e238a5fbf89902d,pos_4gram,SCONJ>NOUN>SCONJ>VERB,-0.7676736046659592,1.0,-0.873552007509525,0.5580037262569083,6,6,0.09178164601325989,0.959922602972177,0.49272899141922405
0aadba76e53615c67f1b4ba1,pos_4gram,NOUN>PART>NOUN>PRON,-0.6323083919060576,1.0,-0.6451970108961685,0.28338961379381605,3,2,0.20435912907123566,0.959922602972177,0.49268623114137305
bd3a906b30aafb4de33ac36a,pos_4gram,NOUN>PRON>ADP>NOUN,-0.8958272345719516,1.0,-0.8750090314725215,0.8190650564607165,6,3,0.023395320400595665,0.959922602972177,0.4924657484845141
5050f62c9597ffbb65831893,dependency_treelet,VERB>obl>NUM,0.5912974665841367,1.0,0.5791304487929465,0.2008315244122176,5,7,0.1943611204624176,0.959922602972177,0.49240668200609133
2b66e5808895f361e0d37ad1,pos_4gram,AUX>NUM>NOUN>NOUN,-0.5695362836192379,1.0,-0.788440287708698,0.15733950353673848,10,7,0.2011597603559494,0.959922602972177,0.49210822051677994
900336b26a937f8c0ce18ff0,function_word,版,-0.533627188049061,1.0,-0.5194513676543049,0.08485116135932481,4,2,0.24175164103507996,0.9866415868883264,0.4918897698191363
4e164e105c91e7beaa03327d,dependency_path,conj>amod,0.7032276393961171,1.0,0.8489438321709917,0.43095368764530323,5,10,0.11977604031562805,0.959922602972177,0.4914398316784863
b6af0b7cc70abb089093713f,pos_4gram,ADJ>SCONJ>NOUN>AUX,-0.888712153679837,1.0,-0.8628055572123553,0.8110708765548293,5,3,0.06938612461090088,0.959922602972177,0.4907108634922227
d5c9177d4a3d2d29ee6027b4,pos_4gram,NOUN>NOUN>ADP>PART,0.8529280273854959,1.0,0.9400054665815785,0.7427952127684411,6,9,0.061587680131196976,0.959922602972177,0.48940232400031347
f5149b570ce8caf2f9873cd6,pos_2gram,NUM>DET,-0.8843737197876772,1.0,-0.9859052731041913,0.8113487821009098,4,1,0.090381920337677,0.959922602972177,0.4882404363680462
f0e6e03cacd0ed2f390c24f9,dependency_treelet,NUM>advmod>ADV,0.9050308940028922,1.0,0.8910251445191375,0.8546099356834528,0,5,0.03179364278912544,0.959922602972177,0.48798988757135825
aa4e5ab557ab4dc83251cfc1,dependency_treelet,VERB>advmod>ADJ,-0.6708625492325,1.0,-0.6978741981154863,0.3757162861823848,9,8,0.13297340273857117,0.959922602972177,0.48764600373682043
1659d787ff7f7185207e21ea,pos_4gram,PART>SCONJ>VERB>NOUN,-0.5893436958140236,1.0,-0.6136489043186799,0.20863136106696353,3,2,0.2025594860315323,0.959922602972177,0.48761244726742725
1478bd10f391988de6fa255a,pos_4gram,PART>VERB>AUX>NOUN,0.8106921311059962,1.0,0.7845410562368813,0.6636218224004582,0,4,0.0869826003909111,0.959922602972177,0.4873055403518569
4b902cff25e59386913e202d,punctuation_run,，“,-0.5828983471530158,1.0,-0.5924894509483043,0.1963927760031695,4,5,0.2619476020336151,0.9866415868883264,0.4872131952353677
f8888d7a4ff9859679e520a2,pos_4gram,SCONJ>NOUN>VERB>ADJ,-0.8980160068584088,1.0,-0.9897876582486417,0.8477621909681246,4,1,0.08678264170885086,0.959922602972177,0.4860019385870745
d20a7992d4e526d3d817b86b,pos_3gram,ADV>VERB>VERB,0.7353764466555215,1.0,0.7292503156976285,0.5140817862495731,10,10,0.10237952321767807,0.959922602972177,0.48569136313109706
9e439486f20e84eee9bba007,pos_4gram,DET>NOUN>VERB>NUM,0.6134723861336417,1.0,0.539802527154647,0.2631619943772575,1,4,0.255548894405365,0.9866415868883264,0.4856640627761171
422b5ef3fa6bad55905bb0cf,pos_4gram,NOUN>AUX>ADP>X,-0.8211376042209844,1.0,-0.8327739513111526,0.6911698351786832,4,1,0.08558288216590881,0.959922602972177,0.4855441405943867
716c65a2b66ef42b704dee2d,pos_3gram,SCONJ>NOUN>X,-0.6155186180441807,1.0,-0.5455698451107998,0.27157286129687513,6,4,0.16636672616004944,0.959922602972177,0.4840608326733352
20f8156e330cf328ec35044f,pos_2gram,CCONJ>ADV,0.6079387843793851,1.0,0.5611035463588265,0.25602209554763466,3,7,0.17276544868946075,0.959922602972177,0.48401917970584696
df56a6f94533f622abaf3d73,dependency_path,appos>obj,0.7573813353716121,1.0,0.8318851319699488,0.56552389977259,0,4,0.09058188647031784,0.959922602972177,0.48378778214860235
0758e88d2006c85bd39480c3,pos_2gram,PART>PROPN,-0.6331317010905259,1.0,-0.5940216567582921,0.31355531599062303,5,7,0.1753649264574051,0.959922602972177,0.4819985069399586
b58039500ba71d58b4904740,pos_3gram,NOUN>PROPN>NOUN,-0.564295416473259,1.0,-0.5555656916305896,0.1739867142877599,5,5,0.1661667674779892,0.959922602972177,0.4806659305472708
d7a98cb0a3618142672610d3,dependency_treelet,VERB>iobj>NOUN,-0.49306240719996947,1.0,-0.5333687995051664,0.025932923819090997,5,5,0.24755048751831055,0.9866415868883264,0.48059906817739884
34b6dd1773755a711ba9b71e,pos_2gram,PRON>ADJ,0.8158102649010441,1.0,0.6840555125550033,0.6982073813633106,4,7,0.07878424227237701,0.959922602972177,0.4803949587394424
2eb8bf96845e5964e7ae4073,pos_4gram,ADV>AUX>VERB>NOUN,-0.6402456630967848,1.0,-0.6678823821075682,0.3364965919690474,5,3,0.135972797870636,0.959922602972177,0.47904773341286044
3a166b527613ad50707707d0,pos_4gram,AUX>AUX>ADV>VERB,0.7512142548816872,1.0,0.773681973205465,0.5701665584897398,0,4,0.08638272434473038,0.959922602972177,0.4784296613756954
8256157f28f95f9564d67c82,pos_4gram,SCONJ>VERB>VERB>PRON,-0.7102853774215154,1.0,-0.7533222477094773,0.48576011480978154,5,3,0.12037592381238937,0.959922602972177,0.4780619498003226
cdc0285c538ef60ab2921ca0,dependency_treelet,NOUN>amod>PART,0.7759784250688462,1.0,0.8531635228783195,0.6247251973959883,0,5,0.03179364278912544,0.959922602972177,0.4776059522635198
55d11709bde08888726f90f1,pos_3gram,PART>SCONJ>AUX,-0.9205857399485795,1.0,-0.8723129751635178,0.9276496156019647,5,3,0.0645870789885521,0.959922602972177,0.477569021100912
6b4392fb8f0020f866b3455f,pos_4gram,PART>ADP>NOUN>NOUN,-0.6359631335083247,1.0,-0.5935508149777701,0.3338580604725106,4,1,0.18396320939064026,0.959922602972177,0.4767847137221174
0c2386c4ac3638ac196890ba,pos_3gram,PRON>AUX>AUX,0.674675834461445,1.0,0.5083039474997054,0.4172791721805372,1,4,0.19836032390594482,0.959922602972177,0.47603594810712624
9fde8135b830d2a222a74890,pos_3gram,AUX>PRON>AUX,0.5862268038527242,1.0,0.474676739117742,0.23230022288953137,1,3,0.2035592794418335,0.959922602972177,0.4757175183155639
1c72f93cbd90da44f52b998e,pos_4gram,PART>NOUN>PART>NOUN,-0.5125848276013469,1.0,-0.4806780328614041,0.07758168697776092,7,8,0.2599480152130127,0.9866415868883264,0.47568071524950256
5b399a6ce463b0f8eaa3a0cd,pos_4gram,PRON>ADV>VERB>VERB,0.7390104566008088,1.0,0.6006214927975477,0.5585607659295869,1,4,0.13397321105003357,0.959922602972177,0.47416210696156846
fd190fd5d4b22180c85b0a44,dependency_path,root>parataxis,-0.7588731973870275,1.0,-0.7816746250171124,0.6010567806571091,10,10,0.09198160469532013,0.959922602972177,0.4739826885312395
0d1e7a34ee3aa31660470977,pos_4gram,X>X>X>PART,0.49342744538670413,1.0,0.5558108695358874,0.04112608776800319,1,6,0.2939411997795105,0.9866415868883264,0.473936299535562
f7afd68de07fe721b58ea73c,pos_4gram,NOUN>NUM>NOUN>PART,0.770868442757107,1.0,0.8832778062803787,0.6277765835862961,1,5,0.07938412576913834,0.959922602972177,0.47357140441149465
85c05eb4062b97c6508d09e0,pos_3gram,AUX>VERB>X,-0.5629597782922644,1.0,-0.5732618609872276,0.18984667839871502,7,6,0.1987602412700653,0.959922602972177,0.47313640363302156
9658ff369361e05fbab45017,pos_3gram,NOUN>AUX>ADP,-0.5166727592826612,1.0,-0.5544456434672408,0.09272227663285731,8,6,0.2395520806312561,0.9866415868883264,0.47283081010734956
68c345885bae6be76b218d52,pos_4gram,ADV>ADV>ADV>VERB,0.7447127724048577,1.0,0.6564976344813819,0.5751442197119648,1,4,0.14497099816799164,0.959922602972177,0.4727902138008911
b4c79163d83128185f1972de,dependency_treelet,PART>appos>PROPN,-0.6105769383307377,1.0,-0.5872942386126487,0.29369853456444955,4,2,0.1885622888803482,0.959922602972177,0.4719623018946226
d6f9db7c472ee9d1072c484c,pos_4gram,SCONJ>VERB>PRON>VERB,0.4898653888222658,1.0,0.3977280619218475,0.03889561415665138,1,3,0.45950809121131897,0.9866415868883264,0.47152512932680524
6111c4c28b3ad8f94175b097,pos_4gram,PROPN>NOUN>VERB>PART,-0.8555368573928839,1.0,-0.829242475716657,0.8173928793223852,4,0,0.08138372004032135,0.959922602972177,0.4707495374978418
e960e357606d1be7b5381662,dependency_treelet,ADJ>conj>VERB,0.7706968381719657,1.0,0.8059284622294772,0.6374402837852329,2,7,0.08238352090120316,0.959922602972177,0.4706717220797595
7b89a39f146dc966db84c7a3,pos_3gram,NOUN>NOUN>PROPN,-0.7206013032238118,1.0,-0.678816147908819,0.5310075989992414,4,3,0.11457708477973938,0.959922602972177,0.47067127798375397
2df8a37407107ca334e2ce20,pos_3gram,VERB>NOUN>PART,-0.7809083074315136,1.0,-0.7480186837817592,0.6596516502726528,10,10,0.08618276566267014,0.959922602972177,0.47052543062468777
dbdb71b1d6d414f4b87d4466,pos_3gram,VERB>NUM>VERB,0.8608439613613145,1.0,0.9684569507226927,0.830797636114885,1,6,0.040991801768541336,0.959922602972177,0.4702015910333497
681ac74f8f36ce98376b03b6,pos_3gram,VERB>VERB>X,-0.9263211110231933,1.0,-0.8704350355150702,0.9704640285128422,9,8,0.0485902801156044,0.959922602972177,0.47010303036199586
50c9717bd20a38d99151cea8,pos_4gram,VERB>VERB>PROPN>PART,-0.6479609070062474,1.0,-0.6447779462087319,0.37909350052139923,3,2,0.20915816724300385,0.959922602972177,0.4698455229912043
f553e75f159bb252b053271f,pos_4gram,NOUN>VERB>PART>AUX,0.845410670994771,1.0,0.9331935252266792,0.8020285579691088,0,4,0.09198160469532013,0.959922602972177,0.46914388079817737
f7160c8e23f229ff0adf4b50,dependency_path,csubj>mark,0.6463100337527355,1.0,0.5601106977710838,0.3793390147489894,5,7,0.14897020161151886,0.959922602972177,0.4685650350217566
e0b73c145521204968ba0b85,pos_3gram,AUX>NOUN>PART,-0.6011437651332019,1.0,-0.6217924747356316,0.2835162430401286,6,6,0.1705658882856369,0.959922602972177,0.4683569595577042
f6aef9156dc09011567d6b6a,pos_3gram,VERB>AUX>PROPN,-0.8103781925070487,1.0,-0.8318578821899044,0.7331305705371799,4,1,0.0835832804441452,0.959922602972177,0.46758057718402246
15db4760aef20b5199e5d987,pos_4gram,NOUN>ADP>PART>X,0.5816814609165922,1.0,0.6188199417622016,0.24413179039843033,1,4,0.20035992562770844,0.959922602972177,0.46754006722254887
a15adccc9024df10f496081a,pos_2gram,DET>SCONJ,0.7384379788588006,1.0,0.6269575187789819,0.5800314429334438,1,5,0.12317536026239395,0.959922602972177,0.4673565087336722
3880b408d378409c5c033806,pos_3gram,ADJ>SCONJ>AUX,0.8531061338209467,1.0,0.7727764143208334,0.8265461733900038,0,4,0.08638272434473038,0.959922602972177,0.46705971425710663
02e4e9da7abc1e5fcf279564,pos_2gram,AUX>PRON,0.6885723376789638,1.0,0.5368755831368531,0.47433239105545216,3,7,0.12997400760650635,0.959922602972177,0.4670400934391906
2339c15b4ad1771ad70d613a,pos_3gram,SCONJ>AUX>ADP,0.5017509806564061,1.0,0.47600103364813184,0.07479550947899159,4,8,0.29274144768714905,0.9866415868883264,0.4668339011758902
b7cb67394efe7e7db57aedbb,pos_4gram,VERB>VERB>SCONJ>VERB,0.6338631534718521,1.0,0.5317664019339244,0.357841441893447,2,5,0.16216756403446198,0.959922602972177,0.46681676808152156
39747d6f858529fd0ebf92b6,pos_4gram,VERB>X>X>CCONJ,-0.8683916190329419,1.0,-0.8812843913041883,0.8603009040668953,5,1,0.0315936803817749,0.959922602972177,0.46680169704509006
5275d6c629f0e6bef96601a8,pos_4gram,VERB>PART>VERB>NOUN,-0.6926361840873955,1.0,-0.6472611525104404,0.48567923251402023,8,5,0.05558888241648674,0.959922602972177,0.46620843108598753
5d2a952d7de24d35e1169321,pos_4gram,VERB>PART>X>VERB,0.7365025861904845,1.0,0.7735289547683986,0.5815556583579308,0,5,0.033793240785598755,0.959922602972177,0.4656823693167822
dc78ad0d32a0221fc3b38034,dependency_path,nummod>advmod,0.7354909375437586,1.0,0.7494672627390772,0.5823555730336146,0,4,0.08738252520561218,0.959922602972177,0.46480762609740833
cec06ec30ceae5b3aa09e5e5,pos_4gram,SCONJ>X>AUX>VERB,-0.9569169228414259,1.0,-0.9827498630620178,1.0595609437938025,4,1,0.090381920337677,0.959922602972177,0.4646218048195955
246b03b050ea5b1e49ef5a7a,pos_4gram,PRON>ADV>VERB>PRON,0.5501110333441395,1.0,0.4688596418041272,0.1864816271120664,1,4,0.24955008924007416,0.9866415868883264,0.46364901130675495
edd26254a0e5f2edc720f8a7,dependency_treelet,ADJ>cc>CCONJ,0.8863393147819494,1.0,0.9551282083396339,0.9139605132586848,2,7,0.04319136217236519,0.959922602972177,0.4630917454367328
d66a7af0eba2a162d4a8671f,function_word,关于,0.6644176846326744,1.0,0.647128468513535,0.4360512911608453,1,5,0.14797040820121765,0.959922602972177,0.46266988423205013
db5884a5d07cfeaa00b2a414,dependency_treelet,PRON>punct>PUNCT,0.579758772963259,1.0,0.498213041781309,0.2540327114008876,4,6,0.19596080482006073,0.959922602972177,0.46231551034710006
37186e169f134175ec95ed9b,pos_4gram,NOUN>ADP>VERB>ADV,0.5015384622259258,1.0,0.5164690368420473,0.08530741125146993,2,4,0.3337332606315613,0.9866415868883264,0.46211649992106923
acf3860ba4469fdedce9c512,pos_4gram,AUX>ADP>X>VERB,-0.952869814865693,1.0,-0.9840511667603357,1.0654701709402155,4,1,0.08618276566267014,0.959922602972177,0.46133312805574944
23fa87f460878da0c36b69d6,pos_4gram,ADJ>SCONJ>VERB>VERB,0.549498314791245,1.0,0.5514557425400053,0.19714569985976962,3,7,0.21115776896476746,0.959922602972177,0.45900704889606314
6eda19a1aa7de1008a2566e9,pos_3gram,PART>NOUN>NUM,-0.8113196218880667,1.0,-0.8130926306882762,0.7681778510044898,5,3,0.06618676334619522,0.959922602972177,0.45884503158274587
4ee284e6d29e14efe0ddabb9,pos_3gram,PART>X>CCONJ,-0.6282616289699877,1.0,-0.5994032422235146,0.3699481365417943,3,1,0.2089582085609436,0.959922602972177,0.45860249173806644
e02017313a7a0d5523f8e93f,pos_4gram,VERB>ADP>VERB>NOUN,0.6593767891003485,1.0,0.6894422414434884,0.43992067297077,3,7,0.10637872666120529,0.959922602972177,0.45792577429974407
955b14db86104692df1a3e60,pos_4gram,ADP>X>NOUN>VERB,-0.6195134472030027,1.0,-0.5926957753546005,0.3543495141887802,3,2,0.21355728805065155,0.959922602972177,0.4574250891019627
e15e521fd8ba77a9a3a97772,function_word,将,-0.591682150614159,1.0,-0.5184272756909072,0.29410380099911887,8,5,0.18496300280094147,0.959922602972177,0.45721382640043867
0139454120c4d68abe788955,pos_4gram,PART>NOUN>VERB>SCONJ,0.7636273553542499,1.0,0.7704939914151524,0.6713509049882904,3,7,0.08858228474855423,0.959922602972177,0.4568922977665183
5cf60334af4cee477410042d,pos_4gram,X>NOUN>ADV>VERB,-0.7310522331533806,1.0,-0.7091417172257906,0.602061521149064,5,6,0.12477504462003708,0.959922602972177,0.45631970027533036
d0c995ee4e3f613b785c2e5b,pos_4gram,VERB>NOUN>ADV>ADJ,-0.5633501334804537,1.0,-0.5671048634738044,0.23611259857412348,5,2,0.21195760369300842,0.959922602972177,0.455743379794274
ca20305a07771b8f02b55e98,pos_4gram,NOUN>PART>VERB>SCONJ,-0.6340970986078064,1.0,-0.6369531605433332,0.39146736608436195,3,2,0.21975605189800262,0.959922602972177,0.45570389508463854
2b879091679572a70d18520d,pos_3gram,ADJ>PART>CCONJ,0.6812525982133895,1.0,0.7462052046778526,0.49808103716266183,2,5,0.11897620558738708,0.959922602972177,0.45475016458633605
28cb711ac0c704f5b1444210,pos_3gram,PART>ADJ>VERB,0.812695363652994,1.0,0.8953660592140253,0.7878535365107369,0,5,0.03119376115500927,0.959922602972177,0.454564843851298
46459f855604cb417701db8c,pos_4gram,NOUN>ADP>DET>NOUN,0.5030394992449254,1.0,0.473953964150343,0.10695560944051412,4,7,0.26114776730537415,0.9866415868883264,0.45443511461058084
fb7c1088f9944075d75b55eb,pos_4gram,AUX>ADJ>NOUN>NOUN,-0.6025335222108779,1.0,-0.5917416564302723,0.3276005206569343,4,2,0.21975605189800262,0.959922602972177,0.45385152599422546
795df2e80285d32656f5ce18,pos_3gram,X>CCONJ>X,-0.830569662327934,1.0,-0.7814469200581808,0.8335554873248704,7,6,0.06578683853149414,0.959922602972177,0.45298310744864484
60e39a0e755b794204bf16bd,pos_4gram,VERB>ADJ>NUM>NOUN,-0.4975601703702721,1.0,-0.5256470209043359,0.09869548166021712,2,2,0.46470704674720764,0.9866415868883264,0.45286449127689027
96ea6cefc4c20a8719e07414,function_word,或,0.783036874171586,1.0,0.8557679041758323,0.7299276535813377,3,8,0.10277944058179855,0.959922602972177,0.45264139951201093
6a8f157595e1a8b8a80242bf,pos_4gram,NOUN>ADP>VERB>PART,-0.6837492461023403,1.0,-0.6231700076773966,0.5107660389053048,5,4,0.1291741579771042,0.959922602972177,0.45258446939791047
25b8c5d52ce84dd5b738988b,pos_3gram,ADP>X>ADV,0.48629317220520574,1.0,0.4674922694966835,0.07526998883806088,3,5,0.2823435366153717,0.9866415868883264,0.4522521573681185
35a194b695df9d8d13f266ca,pos_4gram,NUM>NOUN>VERB>NOUN,-0.46118336546240285,1.0,-0.38728584835536217,0.020502350530828144,8,8,0.29374125599861145,0.9866415868883264,0.4519179845323355
3623da3a19fbfe9ed92ca4bc,pos_4gram,X>VERB>ADV>VERB,0.5551112100214106,1.0,0.5406282956380027,0.2291115141538128,1,5,0.2137572467327118,0.959922602972177,0.4516361645213122
ba1717c5181fd97c6dd8cf7f,pos_4gram,AUX>ADV>ADP>NOUN,-0.7564445346525687,1.0,-0.8008183959679187,0.6785502405505529,3,1,0.20155969262123108,0.959922602972177,0.45065349631981233
77c69be1a804ece13b65883a,pos_4gram,X>VERB>NOUN>PART,0.5512153239342265,1.0,0.6114734100894268,0.2235638045219912,1,3,0.33313336968421936,0.9866415868883264,0.45049986105920264
c04a225c7764e379d096a204,pos_4gram,ADV>AUX>NUM>NOUN,0.6784100736298923,1.0,0.5553870636464838,0.5067626821259807,2,5,0.13777244091033936,0.959922602972177,0.4502434800632859
67923b856d898d44057a2b6e,pos_4gram,VERB>VERB>X>ADP,-0.5314697605003323,1.0,-0.5551989427271115,0.1813868905089865,2,2,0.46530693769454956,0.9866415868883264,0.4498693567450668
cd8dee6085f4380b3151afa3,dependency_path,nmod>advmod,-0.8037912300809896,1.0,-0.8719580856399743,0.7870100415189005,7,5,0.07458508014678955,0.959922602972177,0.44979670589751874
51f8c0e1733e9a67df0c830a,pos_4gram,PART>VERB>PART>PART,0.8071733789465642,1.0,0.8890023875672266,0.7949940326569682,0,4,0.09298140555620193,0.959922602972177,0.449680257572655
f2d277bfa4ef83cebb7d2a12,pos_3gram,PROPN>NOUN>PROPN,-0.7038546503430348,1.0,-0.6797964235215329,0.5667112969751276,3,1,0.2157568484544754,0.959922602972177,0.44925612759796735
a5485c913597094114237dfc,pos_4gram,NOUN>ADJ>VERB>VERB,0.7172926666871061,1.0,0.7307645218253495,0.5971303852478452,0,4,0.0869826003909111,0.959922602972177,0.4491134057134575
5b8947ec6bb7efc20762211d,pos_4gram,NOUN>VERB>AUX>X,-0.7855684111769312,1.0,-0.7551030195156686,0.7503736722636348,8,5,0.08498300611972809,0.959922602972177,0.44880040395089527
31abe48d711b588c5a93bef6,pos_3gram,VERB>AUX>PART,-0.4607899738556418,1.0,-0.5734266431939214,0.026730819038728527,3,2,0.32533493638038635,0.9866415868883264,0.4487933597698509
e0fd906b407808f3fede7110,pos_4gram,X>SCONJ>AUX>VERB,-0.4921657051835358,1.0,-0.5294403823948288,0.09706064779282937,2,2,0.48230352997779846,0.9866415868883264,0.44862214880619544
13832e2a673df426c3250bd3,pos_3gram,ADJ>NOUN>PRON,0.5719579602266853,1.0,0.6458810519648424,0.27508928455191334,1,4,0.1899619996547699,0.959922602972177,0.44856306703861953
ae01b2a642cde2fcb94cf61d,function_word,来,-0.6020443268288486,1.0,-0.6277167239932244,0.34487104491227416,8,8,0.16596680879592896,0.959922602972177,0.44765952029855755
d584115f1a8b8dc68ef2d319,dependency_path,root>punct,0.522548312163093,1.0,0.4372891326013734,0.16766317838351164,10,10,0.23435312509536743,0.9828528711087978,0.44751630593207364
6c432aba04074824b4dfa728,dependency_path,acl>punct,0.487952993446561,1.0,0.4860033471799435,0.0904990212704704,8,9,0.2653469145298004,0.9866415868883264,0.4474584423542887
d0eaeddcd695b2a29758cab9,pos_4gram,PART>NOUN>NUM>NOUN,-0.6820775824389009,1.0,-0.6922842091725915,0.524437807230733,4,2,0.1559688001871109,0.959922602972177,0.4474289336066462
77b9be6e4293a3b6c5da495b,pos_4gram,NUM>NOUN>NOUN>X,0.452311298155462,1.0,0.4827147185486331,0.01117524015172417,6,8,0.3057388365268707,0.9866415868883264,0.4473124738374665
11c7e1c549cb0c8cbee5053a,pos_3gram,NUM>NUM>NUM,0.4672832637606753,1.0,0.4852658823850028,0.04590851207651431,1,3,0.33593282103538513,0.9866415868883264,0.446772598525798
de9f9b942692eb7336fb5dd9,pos_3gram,PART>SCONJ>X,-0.7545197646458218,1.0,-0.7941942623896411,0.6922177201064154,3,1,0.22475504875183105,0.9621733008538802,0.44587629338757534
4fc865f453dbe4ad0b7b2aff,pos_4gram,CCONJ>NOUN>NOUN>ADV,0.47742043286520264,1.0,0.5600832346556535,0.07144617599603063,3,4,0.31793642044067383,0.9866415868883264,0.44558508263038626
472a1c143b55f16f360e04af,pos_4gram,X>NOUN>VERB>NOUN,-0.6044127922392715,1.0,-0.5687694192911704,0.35916350353629406,7,5,0.1719655990600586,0.959922602972177,0.4446946895400739
d4f06c2a01e200fc3bbb1df1,pos_4gram,ADP>VERB>X>X,0.8188657248873451,1.0,0.7866260618961484,0.8422179370380551,0,4,0.08298340439796448,0.959922602972177,0.4444999195936228
32f63f8294ce712776f6964a,dependency_path,aux>nsubj,0.4588037463440799,1.0,0.33329035869948404,0.03336624819776779,1,4,0.30093979835510254,0.9866415868883264,0.44398948305525954
613822afcc236b8c76f9f4b5,function_word,而且,-0.9126399602479537,1.0,-0.9371911372756422,1.0561499329268136,6,2,0.016796641051769257,0.959922602972177,0.44385866304450966
71c237077760ff021b011f11,pos_4gram,VERB>X>X>ADV,0.7111601542531382,1.0,0.6818967684216495,0.602279590374612,1,5,0.13077384233474731,0.959922602972177,0.4438427341428404
241498806bd941f3837d2270,pos_4gram,NOUN>ADV>AUX>ADP,-0.49552992936901485,1.0,-0.6103348077886436,0.11657512504820865,3,2,0.3187362551689148,0.9866415868883264,0.4437945268999434
146d47d267a934d60879e0fc,pos_4gram,PRON>ADP>PRON>VERB,0.46111433838930665,1.0,0.33832690259471626,0.041320803900577026,1,3,0.331333726644516,0.9866415868883264,0.44281679254084394
9132e6f5b3c481826e9cfc11,pos_3gram,ADV>NOUN>NOUN,0.4659927774763302,1.0,0.5065919855311958,0.0538277796694451,2,6,0.37012597918510437,0.9866415868883264,0.4421906372808833
18902a1125b34f37337d01fa,dependency_treelet,X>appos>PART,0.8122031661138873,1.0,0.8669685868098028,0.8398959678662344,2,6,0.07978404313325882,0.959922602972177,0.441439722842491
a2e29a15d82f592126977275,pos_3gram,NOUN>PROPN>VERB,-0.7034515005013394,1.0,-0.6698801386358989,0.5954850950563573,4,3,0.11297740042209625,0.959922602972177,0.4409013300600539
d52b578f98ca6ef09bb12204,dependency_treelet,NOUN>det>DET,0.465476149601526,1.0,0.3400072512011864,0.05643190897226438,10,10,0.278944194316864,0.9866415868883264,0.4406115961173098
0779c5339b844794c69d8109,pos_4gram,SCONJ>VERB>ADJ>SCONJ,-0.5281921463110085,1.0,-0.5390149112868208,0.19944652238601307,4,4,0.25734853744506836,0.9866415868883264,0.4403632312512742
71ad6f6f016794de3e535b37,pos_4gram,ADP>VERB>PRON>VERB,0.7068896563835915,1.0,0.7185055760933022,0.6059181125744197,0,4,0.07998400181531906,0.959922602972177,0.4401778962754139
72ece606966232aa6f7eec18,pos_4gram,PRON>AUX>VERB>VERB,0.6388311923985978,1.0,0.5679595849183496,0.4514655645851823,2,5,0.16236752271652222,0.959922602972177,0.44012838332900495
dc54bb72a5ec42a22836edb1,pos_4gram,SCONJ>NOUN>VERB>AUX,0.6713041912717695,1.0,0.5345890036455802,0.5259642835472792,1,4,0.1885622888803482,0.959922602972177,0.43992129993452134
b106b20a22359ce22a0e7c89,pos_4gram,VERB>VERB>NOUN>ADP,0.6301043384873036,1.0,0.5674849819761645,0.43269713899271794,3,6,0.17316536605358124,0.959922602972177,0.43980288739203405
c12e90395211518913b7c8db,dependency_treelet,VERB>case>PART,0.5847094065419072,1.0,0.6961921423892079,0.3309516875181885,5,10,0.19836032390594482,0.959922602972177,0.43931677763015475
523a36b5d6a8e432c8b6d7be,pos_4gram,NOUN>SCONJ>NOUN>X,-0.6663069637541761,1.0,-0.6328579964253056,0.5180868364483429,3,1,0.21455708146095276,0.959922602972177,0.43891228601457477
3034324a05c27bc03eaccf82,pos_3gram,ADV>ADV>AUX,0.560158457414862,1.0,0.43011626905031564,0.2766099138442298,3,7,0.2055588811635971,0.959922602972177,0.43878592147860435
768e84ea6d45607cf3d3a959,pos_4gram,PRON>SCONJ>ADV>VERB,0.5352859365545417,1.0,0.4617723028393763,0.22012157465203944,1,3,0.33553290367126465,0.9866415868883264,0.4387152458206448
f0c19d664e80d5a214f7e28f,pos_3gram,PROPN>VERB>VERB,-0.714965961451877,1.0,-0.6946586518762378,0.6327757751890697,6,4,0.11497700214385986,0.959922602972177,0.43788373903886857
c9fd4c519fa7e3fb80992874,pos_4gram,ADP>ADJ>NOUN>PART,0.5288390932570296,1.0,0.567649261577257,0.21045076303905402,2,5,0.26654669642448425,0.9866415868883264,0.436894344987056
bfce85f55b6c4cc2254bf43e,pos_4gram,NOUN>NOUN>AUX>NUM,0.498399022288584,1.0,0.5382583865455121,0.1416698002673216,2,5,0.2729454040527344,0.9866415868883264,0.43655268990375684
0dd7a41b778fa31fbb0fa1b5,pos_3gram,PROPN>X>NOUN,-0.8463832948150889,1.0,-0.8140572459658646,0.941146162981623,5,1,0.02619476057589054,0.959922602972177,0.43602244434547593
8e96731924a34ad6274cbab0,pos_4gram,NOUN>VERB>AUX>PROPN,-0.6302380383356596,1.0,-0.6354851753626666,0.44547717977008044,3,1,0.2137572467327118,0.959922602972177,0.43600690979840034
39572570eb9ee5699b433d5e,function_word,根据,-0.44072354059951446,1.0,-0.3973299061103697,0.011131099753175132,5,4,0.3181363642215729,0.9866415868883264,0.4358718080247937
04891cc28f7d8d74d5535fa4,dependency_path,appos>appos,0.9762763335086273,1.0,1.1057246783281773,1.2399209973825698,3,8,0.004599079955369234,0.959922602972177,0.43585302099915224
22414e9d3383446063f17582,pos_4gram,SCONJ>ADV>ADV>VERB,0.8431114261929734,1.0,0.729469270613807,0.9344144727997039,1,5,0.052789442241191864,0.959922602972177,0.4358483861903323
56bb3e243302282e4092d831,dependency_path,parataxis>nsubj,-0.7142619502813471,1.0,-0.7948385165009229,0.6390004397664454,10,10,0.11557688564062119,0.959922602972177,0.4357911889170257
350d9b9139d50b3daf663539,pos_4gram,NOUN>NUM>NOUN>AUX,-0.6411672369736219,1.0,-0.6376620329319609,0.47207559104229985,3,2,0.21895620226860046,0.959922602972177,0.4355532018023917
c6c9ea803e6b4cf87f150ccc,dependency_treelet,PROPN>appos>NOUN,-0.5882930709579978,1.0,-0.559687537594666,0.3516421522732824,3,2,0.2643471360206604,0.9866415868883264,0.43524321135484495
b56b2fdb31d342935505bb2d,dependency_treelet,ADJ>aux>AUX,-0.927037201389325,1.0,-1.0392369360994023,1.1300879707574076,7,4,0.03439312055706978,0.959922602972177,0.43521075848322505
768b6a9093ff9f91c15f6b54,pos_4gram,CCONJ>NOUN>NOUN>VERB,-0.7649788465396375,1.0,-0.7322862393426645,0.7590993071170664,7,6,0.10817836225032806,0.959922602972177,0.4348696196085358
2c578588b78a114d377e848d,pos_4gram,PART>PART>VERB>PART,-0.602915225757818,1.0,-0.614807369367979,0.3873147229852341,3,2,0.2167566418647766,0.959922602972177,0.4345915283451044
507c4eb8435c768a6e14c19d,pos_4gram,VERB>PART>ADV>ADJ,-0.6765369263047399,1.0,-0.794543106889337,0.5587982846321425,3,1,0.22475504875183105,0.9621733008538802,0.43401184936792153
1904371a0c6a2e8b7b82e634,dependency_treelet,ADJ>conj>ADJ,0.7226735684021064,1.0,0.740183871709538,0.6660037265717542,3,8,0.10377924144268036,0.959922602972177,0.4337766818140314
f328b71faf25fbaf124dbdc4,pos_4gram,VERB>ADV>VERB>SCONJ,0.6993602988100408,1.0,0.7562217262213985,0.6124414656123693,1,6,0.12397520244121552,0.959922602972177,0.4337275576973824
e176d14d2b014547bd68c28d,dependency_treelet,ADJ>case>PART,-0.7903398590020009,1.0,-0.815113654418623,0.8240950935237432,7,6,0.08658268302679062,0.959922602972177,0.43327777252842736
2a2c586dbaca3555d1803840,pos_3gram,ADJ>ADJ>PART,0.5982526319087533,1.0,0.5670590403379653,0.38183618085258725,2,6,0.1831633597612381,0.959922602972177,0.4329403443030663
6901dabfd5aedb5b38c4ef35,pos_4gram,VERB>VERB>DET>NOUN,0.8593089643004275,1.0,0.729911950075546,0.9881176192529264,4,7,0.05678864195942879,0.959922602972177,0.43222239769864795
ab0058d1e33aac13e0e6e191,pos_4gram,X>NOUN>VERB>AUX,-0.6951619867581912,1.0,-0.6652770118523458,0.6093221560326333,4,2,0.12557488679885864,0.959922602972177,0.4319594955878399
22b3243df265cbb21541dd5c,pos_4gram,NOUN>CCONJ>NOUN>PART,0.5502284082609447,1.0,0.6139711518752,0.2741572199333719,4,8,0.23235352337360382,0.9807013395365736,0.43183713881848673
1bf59dc1c26afbda0e0f2268,dependency_treelet,VERB>nsubj>PROPN,-0.7028548942657047,1.0,-0.6782508591289967,0.6296709903028972,8,8,0.08818235993385315,0.959922602972177,0.43128637525484165
6e9cb701a0f25a8a8cf7cde0,pos_3gram,SCONJ>ADJ>SCONJ,-0.4408679300310495,1.0,-0.511850199803491,0.022824424169493464,4,3,0.3487302362918854,0.9866415868883264,0.4310299203003709
a02304914fa02d59ac9e1211,dependency_treelet,NOUN>appos>PART,0.4688710894417625,1.0,0.5307996836687099,0.08916815595519312,1,4,0.3883223235607147,0.9866415868883264,0.4304854919583705
11fe0828fea619e52efca763,pos_3gram,ADP>PROPN>VERB,-0.8554252018139146,1.0,-0.8203984444298594,0.9902485839864115,4,1,0.08038391917943954,0.959922602972177,0.4298082202880015
81912b83b20f2788e27091e7,pos_4gram,SCONJ>NOUN>ADP>PRON,-0.4927354253611498,1.0,-0.7007758837945687,0.14857804880599693,4,3,0.2715456783771515,0.9866415868883264,0.42899603198352293
3fb580066716eba8534b8e06,function_word,员,-0.4860587893430401,1.0,-0.4688557702243125,0.13330325829412962,3,1,0.15076984465122223,0.959922602972177,0.42888678364400484
6affbef9608679ee284a3419,pos_4gram,PART>SCONJ>AUX>VERB,-0.7367359093019525,1.0,-0.6990714245093773,0.7179672531844647,4,2,0.09798040241003036,0.959922602972177,0.4288416487196257
65d5319f92d744bdc7b17d5c,pos_3gram,ADJ>NOUN>ADP,-0.5963582629050194,1.0,-0.5221059027058306,0.3910635365022139,9,9,0.17896421253681183,0.959922602972177,0.4287067033649259
a42307b3c6691f685e234b6c,dependency_path,amod>compound,0.7180423599813964,1.0,0.7870791374854457,0.6751318610070901,0,4,0.08058388531208038,0.959922602972177,0.42864826148653695
83e36841e04ad8cfa37ee1ff,pos_4gram,PART>NOUN>ADP>AUX,-0.4520985496468024,1.0,-0.508749737021606,0.05546245312593243,2,2,0.46570685505867004,0.9866415868883264,0.4283416698602923
3c66b5f3d2da002f362e2f09,pos_4gram,PART>NOUN>SCONJ>ADV,0.6327276909340013,1.0,0.6345963936357097,0.4786410795393336,2,6,0.16456708312034607,0.959922602972177,0.42791161404167516
a5b0023018b6dbd7725806eb,pos_3gram,VERB>ADP>PROPN,-0.7969505960530417,1.0,-0.8384919295956387,0.8664514525863332,4,2,0.10457908362150192,0.959922602972177,0.4269870480417323
477f1f29778f245ec8eac698,function_word,其,0.6339983459845625,1.0,0.7641944979092324,0.48493759856643925,5,8,0.1511697620153427,0.959922602972177,0.4269528541782667
08ce8da962da1a955d210982,pos_2gram,DET>NOUN,0.599100875028467,1.0,0.44487803481114613,0.4043796401926894,10,10,0.17656467854976654,0.959922602972177,0.42659467417675373
ba300b7de7ae21b2b2017ede,pos_2gram,AUX>DET,0.6808614496983098,1.0,0.5504537580085702,0.5981060639605271,6,7,0.12317536026239395,0.959922602972177,0.42604271709660874
0ff40dc9f87a5dbb966d8e3d,pos_3gram,NOUN>VERB>PART,-0.5991317832729399,1.0,-0.5312759416971208,0.40759409054487716,10,10,0.18256348371505737,0.959922602972177,0.42564244003114354
9595483fdd7c5b7c38586675,dependency_path,appos>flat,0.6940442121530868,1.0,0.8170198182877616,0.6333587070522607,10,10,0.10917816311120987,0.959922602972177,0.42491842677083197
487df6aa583e512d0cea44f3,pos_3gram,PRON>PRON>VERB,0.5375007776274493,1.0,0.46789382529046863,0.26629161402802254,1,4,0.30293941497802734,0.9866415868883264,0.424468401806501
195cee88f70078fc4dab83fc,pos_4gram,NOUN>VERB>PROPN>NOUN,-0.5968255794364677,1.0,-0.5632875213858652,0.40897169365919434,4,2,0.21535693109035492,0.959922602972177,0.42358947459510105
3cee723d7ecafbf280e4ef1f,pos_4gram,PART>ADJ>NOUN>AUX,-0.5026417145578396,1.0,-0.5189490119064342,0.18697433295960794,3,2,0.3323335349559784,0.9866415868883264,0.42346468714664637
8c5dad33e190bd904186cbff,pos_3gram,ADP>X>CCONJ,-0.8149785757322734,1.0,-0.7776684678851103,0.9281529697812932,4,2,0.11097780615091324,0.959922602972177,0.42267319476458076
83c970a24b0c5d649bdd12bb,pos_4gram,VERB>VERB>NOUN>X,0.5577584207440731,1.0,0.6491010006206929,0.3201898173758945,2,6,0.22755448520183563,0.9653870989559548,0.4224835045711187
daf231ba9f434d21e0addb63,pos_4gram,ADJ>NOUN>PART>NOUN,0.6443961142214999,1.0,0.7244989950700962,0.5253655213174043,6,8,0.17236553132534027,0.959922602972177,0.42245357274429396
feebe3b6ed82aed557b3955e,pos_3gram,ADV>VERB>ADP,-0.5203036605556095,1.0,-0.5639786653568931,0.2324650458633206,7,6,0.21555688977241516,0.959922602972177,0.4221650441949416
e85d4eeb0a044c7876600551,pos_3gram,ADP>NOUN>ADP,-0.6653155841708964,1.0,-0.7300218379236264,0.578687879725172,10,8,0.15136972069740295,0.959922602972177,0.42143579659756353
c3a4aa8ab9e0b268c18111bd,pos_3gram,VERB>PART>SCONJ,-0.796616252052969,1.0,-0.9180663014139041,0.8918496138900882,7,7,0.07658468186855316,0.959922602972177,0.4210780001772649
dc8c97638261bd63f822c9c1,pos_2gram,CCONJ>PART,0.7436218579931345,1.0,0.802884545476759,0.7666264906860418,1,5,0.10997800529003143,0.959922602972177,0.4209276051919501
244920f5b9b6f4a298108494,function_word,对,-0.6848802158377457,1.0,-0.7438676836159354,0.627408426705422,8,8,0.12477504462003708,0.959922602972177,0.4208410160590352
af15674f330653d516ba371a,pos_3gram,ADP>NOUN>PART,-0.5938560851085393,1.0,-0.5583076725556111,0.4130918861763371,9,8,0.18116377294063568,0.959922602972177,0.420252986318848
75497d6dae90084a01480b35,pos_4gram,ADJ>SCONJ>VERB>NOUN,-0.7717083613997152,1.0,-0.7193004245705311,0.8368859471145271,7,5,0.0893821194767952,0.959922602972177,0.42011773382661755
859e93ce105ed3c083ea6cf6,pos_3gram,VERB>ADJ>NUM,-0.5552019692014711,1.0,-0.5710360736524858,0.32156911034342023,2,2,0.46470704674720764,0.9866415868883264,0.420108161469662
818a271cb36e1964af054c83,pos_3gram,NOUN>PRON>NOUN,0.6585553532325243,1.0,0.49017377728820016,0.5694130394553863,1,5,0.11777644604444504,0.959922602972177,0.41961888723764806
405c5d881eb7a54d90de87e9,pos_4gram,AUX>NOUN>VERB>SCONJ,0.8237097940636577,1.0,0.9080774401562554,0.9639691818552534,0,4,0.08958208560943604,0.959922602972177,0.41941075332228206
5876e0e9e56803e202e631cc,function_word,流,0.6825122145903383,1.0,0.7096533649205441,0.6275598256529564,0,5,0.02979404106736183,0.959922602972177,0.41934692896251785
7f03ac1a7318c8a834bd3f26,dependency_path,root>conj,0.5365365761442277,1.0,0.5031900948034244,0.2803519023438521,6,7,0.22995400428771973,0.9724401065936455,0.4190539922360619
fac9d8bb021c30d9b85cdbac,pos_4gram,PART>PART>NOUN>VERB,-0.4590151067410262,1.0,-0.48141108201091115,0.09689059677461637,4,3,0.3071385622024536,0.9866415868883264,0.41846936065524715
2526c4ac9011c95344d518fc,pos_3gram,ADJ>SCONJ>PART,-0.530747883897231,1.0,-0.5956010884560083,0.2690781789925891,3,2,0.30873826146125793,0.9866415868883264,0.4182152783672836
293ff1811715d16fca5d20f0,pos_3gram,NOUN>ADJ>VERB,-0.6004278881734522,1.0,-0.5721587299537192,0.43737182512689327,7,7,0.17476505041122437,0.959922602972177,0.41772621229753515
8b2774fdf691f005b5d1b9c2,pos_4gram,AUX>ADV>VERB>SCONJ,0.5225449421721535,1.0,0.5787524401569935,0.25137574268567076,4,7,0.24935013055801392,0.9866415868883264,0.41757637162654354
5889c633651475c9886c5214,function_word,则,0.804867967492945,1.0,0.9054028564575678,0.9278065580717136,2,7,0.03799240291118622,0.959922602972177,0.41750452820225553
389c9a03711b1d8113f4f765,dependency_path,dislocated>punct,0.5549219358365239,1.0,0.3453360643960001,0.33031977632924947,3,4,0.22335532307624817,0.961011276813224,0.4171342452471989
aef775dd388274ff24450ef7,pos_4gram,X>VERB>VERB>X,-0.7515611658208768,1.0,-0.7197181178813594,0.8024467133969675,5,4,0.11117776483297348,0.959922602972177,0.41696720365422224
62c6a86ac0f4c794c7620397,pos_3gram,PRON>VERB>SCONJ,0.6768740166373488,1.0,0.5080769748270896,0.6248170628106763,2,5,0.1593681275844574,0.959922602972177,0.4165847541423918
235e39e7a8ddf57c3c845ea5,pos_4gram,ADP>X>CCONJ>X,-0.7944324988456207,1.0,-0.7551249055091314,0.9075437991543914,4,2,0.11097780615091324,0.959922602972177,0.4164688114620436
c6742e451ce7445fda885376,pos_4gram,ADJ>NOUN>VERB>NOUN,0.7790658847236753,1.0,0.9041084326434263,0.8721908788375359,5,7,0.0859827995300293,0.959922602972177,0.4161252431736052
49ccfdee815d966669d5f7df,pos_4gram,ADV>VERB>AUX>PRON,0.434093341449878,1.0,0.2675540275241208,0.04389289890669484,1,3,0.4611077606678009,0.9866415868883264,0.4158408797535829
253db41aa645ca00a379c8a3,pos_4gram,VERB>ADP>NOUN>VERB,-0.5484632276105876,1.0,-0.4908564654943846,0.31908471264853894,5,3,0.2249550074338913,0.9624047886130874,0.41579075426425766
63d00054da90b5998edc40ec,function_word,的话,-0.4838991105054876,1.0,-0.4919876761823601,0.16381494740350247,2,2,0.4645071029663086,0.9866415868883264,0.4157869870850839
a7698c762268de480c861119,function_word,比,-0.6505212880656239,1.0,-0.6700039815921898,0.5663589561923663,4,2,0.12317536026239395,0.959922602972177,0.41530792510483316
8b3633fdf5288f83d4f891ba,pos_4gram,PRON>VERB>VERB>NOUN,0.5623473396295787,1.0,0.43153882433025476,0.3543819143527446,2,6,0.21395720541477203,0.959922602972177,0.41520588370993045
9dd743070e99601d917b179a,pos_4gram,NOUN>NUM>VERB>VERB,-0.551351138856914,1.0,-0.5483683228276476,0.32906767644707235,3,1,0.19996000826358795,0.959922602972177,0.4148405296642323
d773b024cfa6b377bd57e630,pos_3gram,DET>VERB>PART,-0.7921581537433284,1.0,-0.7802115192483374,0.9095649818720918,6,1,0.01139772031456232,0.959922602972177,0.4148369713853443
fa15649c66ccc5583885fef2,pos_4gram,PRON>AUX>VERB>SCONJ,0.5358570146579554,1.0,0.5477869306287212,0.2918504829327696,1,4,0.19656068086624146,0.959922602972177,0.4147980139632324
e3b47792f24435109e160351,function_word,另,-0.6236053148481976,1.0,-0.745311192755529,0.5042402548328347,5,5,0.17276544868946075,0.959922602972177,0.41456496915613955
ba0b2a2460b38ddd02d303ac,pos_3gram,PROPN>NOUN>VERB,-0.7832134207339815,1.0,-0.7681072453082631,0.8921964256384572,6,4,0.051189761608839035,0.959922602972177,0.4139176092512239
7e11a9602377f7cd03522b22,function_word,通过,-0.48119688850331954,1.0,-0.42307034510453156,0.16292634964091998,9,8,0.29574084281921387,0.9866415868883264,0.4137810521293116
2fad205bd5ee7c4a000b128b,pos_3gram,NOUN>ADV>VERB,0.4928897230843686,1.0,0.5353082117344932,0.19490776446039845,10,10,0.27854427695274353,0.9866415868883264,0.41249185731666066
575f3911bfb6c50563cda754,pos_2gram,PROPN>X,-0.8360602065035594,1.0,-0.7850204494788183,1.0294201919765993,6,4,0.06478704512119293,0.959922602972177,0.4119699852248242
fc6fe1af3b5cf59c5e485f1b,pos_3gram,X>PART>X,-0.4179259890484489,1.0,-0.444658705334057,0.015482033690412286,4,4,0.3531293570995331,0.9866415868883264,0.4115542916398471
c376f42fc671140aa1363d9b,dependency_treelet,PART>appos>NOUN,0.7064891936314328,1.0,0.8073107123988914,0.7180334091907009,2,5,0.13057388365268707,0.959922602972177,0.41121970611982017
40c7066767b1d229c403f019,pos_2gram,ADP>SCONJ,-0.6734668380798955,1.0,-0.7777051210963069,0.6384539423024309,8,8,0.1447710394859314,0.959922602972177,0.4110380039938803
16c6c2a0d9207dcc66f56a50,pos_4gram,ADJ>NOUN>AUX>VERB,0.4522031590331177,1.0,0.4876692748628934,0.10037464925823592,1,4,0.2725454866886139,0.9866415868883264,0.41095381408318377
e34238b59754137095d30251,dependency_treelet,NOUN>nsubj>PROPN,-0.5065271354725268,1.0,-0.5299451269609072,0.2335090258581383,2,2,0.46910616755485535,0.9866415868883264,0.4106391804633465
a0976eccc5b46415b4d2a185,dependency_path,advcl>nsubj,-0.6146355475648521,1.0,-0.6041293834532729,0.4971868555939037,10,10,0.16536691784858704,0.959922602972177,0.41052694609787943
5e03a5c16e48dde641e8ef17,pos_3gram,X>NOUN>AUX,-0.5801774406191818,1.0,-0.5688167398670022,0.4140123218977744,5,3,0.19596080482006073,0.959922602972177,0.41030578845346544
c5bdef54eb5de7fc23e26703,function_word,前,0.8207707138832748,1.0,0.8540006847946926,1.0032469572697662,1,8,0.001399720087647438,0.959922602972177,0.40972018497505003
c5aa6171118406f44bdd5fdc,pos_4gram,AUX>ADV>VERB>VERB,0.6653618054308261,1.0,0.5553878251565165,0.6250322447255257,1,5,0.1311737596988678,0.959922602972177,0.4094452941413531
6a41b06e2873b3f56255313a,pos_4gram,NOUN>ADP>X>ADV,0.6707582954117284,1.0,0.7075280241006083,0.6385567637764569,1,4,0.1375724822282791,0.959922602972177,0.4093592057597083
2b9a5e8ff3f7c46df66345d1,pos_4gram,ADP>NOUN>NUM>NOUN,0.41091645511679925,1.0,0.37472574129493774,0.003951997254335074,1,4,0.3687262535095215,0.9866415868883264,0.4092989069602898
2f8c1d5d053f7b1a72f649b2,pos_4gram,NOUN>X>VERB>PART,0.41461890940877616,1.0,0.3613202301817184,0.013852747850871214,1,3,0.33593282103538513,0.9866415868883264,0.40895377586900117
fde355db059c0fb4448f087f,pos_4gram,VERB>NOUN>VERB>ADJ,-0.733966915966035,1.0,-0.7676596173697315,0.79559742117738,5,4,0.10577884316444397,0.959922602972177,0.40875917246794113
a1010d4df26354e77aabb9a3,pos_4gram,VERB>ADJ>NOUN>VERB,0.7163002907597388,1.0,0.7713859828952206,0.7530906815961391,3,9,0.11017796397209167,0.959922602972177,0.4085928345175891
afa43abbb4eeddfb14d1eea0,function_word,又,-0.7770355950946624,1.0,-0.9439845219170492,0.9058442584475116,4,1,0.07798440009355545,0.959922602972177,0.4077120109109181
875176f986b286ad798514ec,pos_4gram,ADJ>NOUN>PART>SCONJ,0.5088830045516763,1.0,0.5815528716837262,0.2485316019830066,1,4,0.2545490860939026,0.9866415868883264,0.40758520148263144
164a0f8e370a8f918df7cb0d,pos_4gram,ADJ>NOUN>X>NOUN,-0.827532628738269,1.0,-0.7995368151903256,1.0305314597312394,4,1,0.09218156337738037,0.959922602972177,0.4075448448593852
f2204fa15e9ceb4c0bf0686b,pos_3gram,AUX>NOUN>NOUN,-0.4282340210744498,1.0,-0.400959714308786,0.05125135496918085,9,9,0.368326336145401,0.9866415868883264,0.4073564510050065
d171ba5249a81bd9012611ca,pos_4gram,NOUN>ADP>X>NOUN,-0.4455679496917064,1.0,-0.4102932763280271,0.09496863066605957,3,3,0.46330732107162476,0.9866415868883264,0.40692302702833727
b500091831a7e8a33f1123b3,pos_4gram,NOUN>CCONJ>VERB>PART,-0.7995575679121901,1.0,-0.7697609960634753,0.964953870721798,5,3,0.11377724260091782,0.959922602972177,0.40690907803269905
61767b3091fe349c404bea12,dependency_path,nmod>punct,0.6322164544046924,1.0,0.7363143765898411,0.5538599844701452,10,10,0.1647670418024063,0.959922602972177,0.4068683541138191
451717233a0d95f6da946617,dependency_path,root>nsubj,0.5212732437401907,1.0,0.4156382963537635,0.28132163057357934,10,10,0.2351529747247696,0.9832953145565905,0.40682466548765317
c170f7dfe76b6a217596e790,pos_3gram,PART>PART>NUM,-0.6580287322133439,1.0,-0.6378046372614701,0.6178075935740435,4,0,0.08538292348384857,0.959922602972177,0.4067410332520654
99d0757488bcb32e9c9c67af,pos_4gram,ADV>AUX>NOUN>NOUN,-0.6470573524398503,1.0,-0.6668343046604606,0.5936232971708927,4,3,0.13817235827445984,0.959922602972177,0.4060290493923815
991c5e57055e1a98cbe47e1c,pos_3gram,VERB>VERB>DET,0.7303842631116869,1.0,0.639550436460899,0.7995581786692166,5,7,0.1049790009856224,0.959922602972177,0.4058686580790682
22276ca67b802d66a53b0fc0,pos_3gram,ADJ>SCONJ>PRON,-0.7769937640210294,1.0,-0.8776076234594132,0.9144656221660691,5,2,0.0699860006570816,0.959922602972177,0.40585412191519077
6ebace74fdec1ee7de93ea7f,pos_4gram,NOUN>NOUN>AUX>PRON,0.5885063636106058,1.0,0.45631769555459534,0.4509899997787553,1,3,0.20875824987888336,0.959922602972177,0.40558953797086156
d8b89a616f7cfa786c98f7e4,pos_3gram,PART>PROPN>NOUN,0.864869216307968,1.0,0.8974719642377197,1.136645251626432,0,5,0.035592880100011826,0.959922602972177,0.4047790411860005
4f4724414000b8d899a0b39c,pos_2gram,CCONJ>PROPN,-0.6692059787714129,1.0,-0.6355288650039919,0.6534457753183667,5,1,0.14177164435386658,0.959922602972177,0.4047341550360543
3dbb53aa5d83d79efeb7c67a,dependency_path,amod>conj,0.9140695477863673,1.0,0.9523003599231792,1.258653208752021,2,7,0.021595681086182594,0.959922602972177,0.4046967211453503
ab851fd597bd32d5586b212a,pos_4gram,VERB>SCONJ>VERB>DET,0.6649462861313893,1.0,0.6970360478409837,0.6441381136004918,1,5,0.12337532639503479,0.959922602972177,0.4044345670420753
9827cd48fa565bc866aa04ff,pos_3gram,VERB>ADP>SCONJ,-0.49932213210176446,1.0,-0.4587883741784727,0.2362884769678142,4,3,0.277944415807724,0.9866415868883264,0.40388804183181265
00f7610cde1a7c1f15c6f182,root_pos,AUX,0.5067154421232677,1.0,0.31476463240353897,0.2568580762578138,2,4,0.24315136671066284,0.9866415868883264,0.4031604297216827
7ec05e494c416ce7ae431f4b,pos_3gram,AUX>NOUN>ADV,0.7313210102804836,1.0,0.5751741492943974,0.8195155962750688,1,4,0.13857229053974152,0.959922602972177,0.40193170741578227
a105889a51366146448a2027,pos_4gram,ADV>VERB>AUX>VERB,0.45137787404360186,1.0,0.507490912651608,0.1234601542224595,2,5,0.29774045944213867,0.9866415868883264,0.4017747067816552
1ea37c82d3440530193730eb,dependency_treelet,X>nmod>PROPN,-0.8457754015577862,1.0,-0.8113306676065035,1.1054336466775583,4,2,0.08158368617296219,0.959922602972177,0.4017107843281819
091b1407a1a5156c9f710f6f,pos_3gram,ADJ>NUM>NOUN,-0.7014578688664391,1.0,-0.6869889469259017,0.7464271096678372,4,4,0.11897620558738708,0.959922602972177,0.40165310363273815
91323e82b7b1b15d923ec235,pos_3gram,ADP>X>NOUN,-0.5114557533793163,1.0,-0.4607031291019868,0.2735099006673456,9,7,0.2691461741924286,0.9866415868883264,0.4016111324390198
5ac4c594b5add759a49c6ae6,pos_4gram,NOUN>ADV>ADP>X,-0.8211376042209844,1.0,-0.8327739513111526,1.0463292727563982,4,1,0.08558288216590881,0.959922602972177,0.40127344858577674
09eb77f96ab35c60cc7a251a,pos_4gram,AUX>VERB>SCONJ>NOUN,0.6986662535704521,1.0,0.7235936983940089,0.7423297287382798,5,6,0.12457508593797684,0.959922602972177,0.4009954270116232
e7a119626354be067930c88a,pos_4gram,X>NOUN>VERB>PART,-0.40342561915806124,1.0,-0.34586084573975673,0.007126444185583425,5,4,0.42391520738601685,0.9866415868883264,0.4005709724803154
7dc8509eb0ca331f78baa272,pos_4gram,VERB>SCONJ>ADJ>PART,0.5818641507664912,1.0,0.6578939892587317,0.4526612134717058,1,4,0.2727454602718353,0.9866415868883264,0.40055048305165236
f215bbd5c388c069a77de02f,pos_4gram,NUM>NOUN>ADV>ADJ,0.49899571454224456,1.0,0.33653347462593175,0.24642534046084363,4,4,0.3051389753818512,0.9866415868883264,0.40034143910918063
27ab4d38d5d0d2ff128bd1f6,pos_3gram,SCONJ>ADJ>NOUN,0.9244754422454893,1.0,0.9587234004432496,1.3105667444475309,4,8,0.04799040034413338,0.959922602972177,0.4001076551746772
e8d7391db5188c0c06140211,pos_4gram,NOUN>ADP>PART>ADJ,0.7191032363100137,1.0,0.696849741144038,0.798859631699722,2,6,0.10957808047533035,0.959922602972177,0.39975505794776284
1f25832e40bd0471a331d5ec,pos_4gram,AUX>VERB>VERB>PART,-0.7141030865180026,1.0,-0.7206413438777848,0.7878021578926064,6,5,0.11557688564062119,0.959922602972177,0.39943071069998054
38fd8d5a0c9eb321ef155402,pos_4gram,PART>NOUN>AUX>ADP,-0.6115093811426483,1.0,-0.7069916237719236,0.530955380985761,4,3,0.18796241283416748,0.959922602972177,0.3994299172513479
60fd47cb0b741541bb1d4db3,dependency_path,compound>advmod,0.6769812835858001,1.0,0.7316050779835492,0.695018012280492,1,5,0.16056787967681885,0.959922602972177,0.3993947431124839
95fe9269b1bfee2852d4c80d,pos_4gram,NOUN>ADV>VERB>SCONJ,-0.602488285712799,1.0,-0.5490380747812177,0.5090307180353008,6,7,0.18456308543682098,0.959922602972177,0.3992551500192225
bf92dc4c685c6db7ad93783d,pos_3gram,X>NOUN>PART,-0.7033411478378618,1.0,-0.6187666158040508,0.7616623137598055,9,10,0.10297940671443939,0.959922602972177,0.39924856332810166
531d1461337696e20021374d,pos_4gram,ADJ>PART>NOUN>PART,-0.608665913760517,1.0,-0.5612464849117501,0.5262434606308968,4,2,0.16636672616004944,0.959922602972177,0.39880001419230676
97beda9f7ff91420236cc1a0,pos_3gram,ADJ>ADV>AUX,-0.7369192413874704,1.0,-0.7460178374530625,0.8480248949702026,3,1,0.20195960998535156,0.959922602972177,0.3987604514382651
e5e6d0a9c47bb34a21114ef5,pos_4gram,AUX>ADP>X>NOUN,-0.7113440236307371,1.0,-0.7134857856460517,0.7865223063008389,3,1,0.20515896379947662,0.959922602972177,0.39817248355753326
fa563a6c4afdbc30a0ffc023,pos_3gram,CCONJ>PART>NOUN,0.7221511465241073,1.0,0.7917462926604641,0.8141437865666993,0,4,0.08578284084796906,0.959922602972177,0.3980672049654849
b604205ecf797a700f79fd28,function_word,器,-0.6512157759145989,1.0,-0.6067306770329853,0.6360237818861318,8,6,0.09918016195297241,0.959922602972177,0.39804786649484286
cc41f0a4c2894c44d8285657,pos_3gram,NUM>NOUN>PROPN,-0.8125535772918885,1.0,-0.7952138677062037,1.0430083111566433,7,5,0.0835832804441452,0.959922602972177,0.3977240684017892
b42468d6ad365e84a6c5a712,pos_4gram,NOUN>NOUN>NOUN>X,0.42384234689055916,1.0,0.5230926985307743,0.06661974726703185,7,8,0.34433114528656006,0.9866415868883264,0.3973696792850103
b40a3113de0b06614f208977,pos_4gram,SCONJ>AUX>VERB>NUM,-0.5963156891131086,1.0,-0.7212166518291722,0.5030546025827656,4,2,0.17796440422534943,0.959922602972177,0.396735879114726
471d7613cc29452e88e7fbc1,pos_4gram,PART>VERB>NOUN>X,0.47804736041017754,1.0,0.5396607075960912,0.20658357664192184,1,3,0.4557088613510132,0.9866415868883264,0.3961991275736117
3de0f08890cb0a0e6e5a1d1b,pos_3gram,CCONJ>NUM>NOUN,0.42542454563181775,1.0,0.47766640680139655,0.0745127125194538,4,7,0.3949210047721863,0.9866415868883264,0.3959232316891882
77292941cf8ac914ab50b200,pos_3gram,SCONJ>NOUN>AUX,-0.571256178447862,1.0,-0.6460078888109757,0.4431088106927699,5,7,0.1987602412700653,0.959922602972177,0.3958510780442317
999063a2769db382ebae06fc,pos_4gram,DET>NOUN>SCONJ>VERB,0.7112905964218867,1.0,0.600479094071408,0.7980267448961266,2,4,0.11837632209062576,0.959922602972177,0.3955951147228227
037d72e000067d5d2e8ec2db,pos_4gram,ADP>X>X>NOUN,0.5661563556519527,1.0,0.6290646986020645,0.43126624249317014,2,6,0.24615076184272766,0.9866415868883264,0.39556327037081945
c388082bde03642e17258b7c,pos_4gram,VERB>VERB>NOUN>AUX,0.4453533225361807,1.0,0.436287024099944,0.12595622671442308,1,5,0.34813037514686584,0.9866415868883264,0.3955334248079396
8f40213aaa4a398a278219f5,dependency_treelet,PRON>cop>AUX,0.5408126915464817,1.0,0.441501904615049,0.36812706327612466,1,4,0.3135372996330261,0.9866415868883264,0.39529419895506535
98efb893db491282e5dcd9cc,pos_3gram,VERB>ADV>NOUN,-0.5973218821121788,1.0,-0.5691517240694881,0.5127179041311375,3,1,0.20955808460712433,0.959922602972177,0.3948666704353339
36a35c9f5b7a72d8f751b5a4,pos_4gram,VERB>X>NOUN>VERB,-0.40082490881857424,1.0,-0.4028834135223163,0.015303644144865302,6,4,0.42591482400894165,0.9866415868883264,0.39478328589686795
bcfcab50fbe2790975560911,pos_3gram,ADP>ADV>ADP,-0.5511295839330203,1.0,-0.5272067653755691,0.3961261389947032,3,1,0.21955609321594238,0.959922602972177,0.3947562963973065
3c6fe4d865505a6c689cbcc8,pos_4gram,VERB>NUM>NOUN>NUM,-0.6312670542910742,1.0,-0.6489332762402603,0.5996581664854009,3,3,0.20835833251476288,0.959922602972177,0.39462621922409036
c1e1cf1fdfbddc31a37c1452,dependency_path,nsubj>cop,-0.786001681915414,1.0,-0.8020563231491481,0.9926529064912833,4,2,0.08958208560943604,0.959922602972177,0.39444987100108003
254c2d7f3746db820491a1f3,pos_4gram,X>NOUN>PART>VERB,-0.5963871598988263,1.0,-0.5596180440889494,0.5127496058073553,5,5,0.19136172533035278,0.959922602972177,0.3942404992930301
60708ba8af6c3990e5b7760d,pos_3gram,VERB>AUX>PRON,0.6693937137259549,1.0,0.5131286027724591,0.6981205778471171,2,4,0.1797640472650528,0.959922602972177,0.394196809377703
374556a9585a1d6ca99ef0fb,function_word,者,-0.5293045241770267,1.0,-0.48814038605283167,0.34285864091765245,9,8,0.23675264418125153,0.9848005373400158,0.3941625038174699
a016ace315ee7e71b9ec96ff,pos_4gram,VERB>X>X>PART,-0.5589827662031118,1.0,-0.5557801371251945,0.4182325837873629,4,3,0.1875624805688858,0.959922602972177,0.39414040587782795
0708a4205ca15dd97df17b83,pos_2gram,ADV>PART,-0.8237485081825322,1.0,-0.8286137189039579,1.0913309956644677,6,5,0.09018196165561676,0.959922602972177,0.39388719905660224
a7c1a36bd98f8bf9589e6ab0,pos_4gram,NOUN>VERB>NOUN>VERB,0.6606526565405957,1.0,0.6237338718524782,0.6774370441600589,7,9,0.1375724822282791,0.959922602972177,0.3938464688380621
d15c51d1ddaedeac2b7a7652,function_word,其他,-0.4430868328843599,1.0,-0.43497709786625177,0.1260455860123309,4,5,0.38952210545539856,0.9866415868883264,0.3934892498033449
995cf5714708b36a7adb94a3,pos_4gram,NOUN>ADV>AUX>VERB,-0.3987971963205357,1.0,-0.4175923364645856,0.013641007953551228,6,6,0.3527294397354126,0.9866415868883264,0.39343040898243736
6f90bfbff8d521956a8c9f95,pos_4gram,AUX>VERB>ADJ>NOUN,0.5798634047220147,1.0,0.5040504845374582,0.4757393900050492,3,7,0.17756448686122894,0.959922602972177,0.3929307631478419
0a80e325f148b094d9af4093,pos_3gram,X>ADP>ADV,0.48009289935597294,1.0,0.4168598975369889,0.22315895846705133,2,5,0.2819436192512512,0.9866415868883264,0.3925024593350149
4e68bc1b66e721243c584e2d,dependency_path,advcl>advcl,-0.5222385744269923,1.0,-0.5091010360586967,0.33094508240010184,9,10,0.2337532490491867,0.9828528711087978,0.39238176039933675
9364f70bbbde22b3b8bf70f8,pos_4gram,NOUN>SCONJ>VERB>PRON,0.6731517086362753,1.0,0.5180617203396858,0.7170817203984455,3,5,0.16456708312034607,0.959922602972177,0.39203242375678643
59f25024390febe395323dd7,pos_3gram,NOUN>ADJ>CCONJ,0.7302409690243468,1.0,0.8134963040932374,0.8633101289254113,1,4,0.0893821194767952,0.959922602972177,0.3919052216205596
87df280d0e09ca614f68812b,pos_4gram,SCONJ>AUX>X>X,0.6500561524768096,1.0,0.6913645326513229,0.6588926891351988,1,6,0.15296940505504608,0.959922602972177,0.39186148491358525
b547af6667dd7a67c582c6f0,pos_3gram,CCONJ>VERB>PART,-0.6261579187099787,1.0,-0.5866524343902889,0.5990257562629243,5,4,0.1743651181459427,0.959922602972177,0.3915871375163896
0d12b05197bd34c4fa250d47,pos_3gram,PROPN>PROPN>PART,-0.40189206343613915,1.0,-0.43069386935394965,0.026756066512351594,2,3,0.5218955874443054,0.9895152645881432,0.391419224627785
ed23cef4a045f863147841f5,pos_4gram,ADP>DET>NOUN>SCONJ,0.7298981601134475,1.0,0.7384339555692556,0.865158437990236,0,4,0.09398120641708374,0.959922602972177,0.3913330606379663
bdc77863bc03b867dc947e73,pos_3gram,NUM>NOUN>NOUN,0.5425210570557123,1.0,0.5301075476772383,0.3872671341495588,10,10,0.23795241117477417,0.9848005373400158,0.39107180131409647
401eb8399d8c8957497bf120,function_word,所,-0.47083294807396364,1.0,-0.47513812224871455,0.20402495113365043,8,6,0.339132159948349,0.9866415868883264,0.39104916192197725
24e93287c3ad1e446bcc7328,pos_2gram,X>CCONJ,-0.7934116332113469,1.0,-0.7559885843863791,1.0291971022831907,7,7,0.07898420095443726,0.959922602972177,0.3909978150070411
6211aba914c9fa14efdcaf0c,pos_4gram,VERB>PART>NOUN>ADP,-0.6039391335189395,1.0,-0.5787699342016562,0.5449711365199086,6,5,0.1793641299009323,0.959922602972177,0.39090641840683804
e247f7da2851ee7ebbd781ec,pos_4gram,PART>NOUN>SCONJ>VERB,-0.5951686412978353,1.0,-0.6985012091880131,0.5226529676047198,7,6,0.17696461081504822,0.959922602972177,0.39087609190037115
402099177382718d49f5847b,pos_3gram,X>ADV>VERB,0.5986539996039696,1.0,0.6402788714655065,0.5322932529259876,7,9,0.16916616261005402,0.959922602972177,0.3906915327472799
5ffb76af74a8c5253fe1b0d0,function_word,由,0.4889324994155615,1.0,0.5703969997345366,0.25195240405754954,2,4,0.3075384795665741,0.9866415868883264,0.39053601225649015
5de079b4d663d03d79b9a205,pos_2gram,NOUN>VERB,-0.5041380011355169,1.0,-0.40358861049649886,0.29284236837555366,10,10,0.2639472186565399,0.9866415868883264,0.38994545156263893
6112a7a7b1225590e39dc3a1,pos_3gram,NUM>DET>NOUN,-0.6747963229060114,1.0,-0.8135100301619561,0.7319805599145459,3,1,0.22175565361976624,0.959922602972177,0.3896096402717737
4698a228cb4f0620bf9a0ce1,pos_3gram,VERB>DET>NOUN,0.5811698111099257,1.0,0.4431817474553074,0.4929051316303202,9,10,0.19476105272769928,0.959922602972177,0.38928783805255057
c79038afe2b53749f4a36f4b,pos_4gram,ADP>NUM>NOUN>VERB,-0.45891520888360776,1.0,-0.5590328414592584,0.17923905676154647,5,4,0.2911417782306671,0.9866415868883264,0.3891621518573946
78c74acf0d7f7b9578670d72,pos_2gram,PROPN>VERB,-0.7222669799544248,1.0,-0.7001028838171148,0.8573055534464695,9,8,0.08298340439796448,0.959922602972177,0.38887892119536577
75e0e1c1d61829025c48cbe4,pos_4gram,AUX>VERB>VERB>ADJ,-0.4558968004030001,1.0,-0.4371583441060027,0.17312207817899383,4,5,0.31993600726127625,0.9866415868883264,0.38861837901020213
cf0c563bdacf76588be5b17d,pos_2gram,PART>SCONJ,-0.6594495341913236,1.0,-0.6690432019206101,0.6982077151945006,9,9,0.13637273013591766,0.959922602972177,0.3883208916618277
8a12d38deb6756d9161eb87e,pos_4gram,ADV>VERB>ADJ>NOUN,0.7784913872174739,1.0,0.8270061006666453,1.0058573717497938,1,6,0.0835832804441452,0.959922602972177,0.38810904413326414
fc55e6735f2a211f1c2586c0,pos_4gram,DET>PART>NOUN>VERB,-0.5463046769977324,1.0,-0.5117930532596406,0.4082266287327938,3,2,0.322735458612442,0.9866415868883264,0.38793803912750174
acefc82f76841b104ef06f53,dependency_path,mark>obj,-0.3973278302361396,1.0,-0.34276974283868716,0.02462550048413694,4,3,0.406118780374527,0.9866415868883264,0.38777858841928264
a39491b8e0e01598eb7c385f,pos_3gram,SCONJ>NOUN>NOUN,0.7646197887881487,1.0,0.9401112910973456,0.9722176099782267,10,10,0.09398120641708374,0.959922602972177,0.3876954474595682
ce4a2a0e3b21909161a66a8d,pos_4gram,VERB>VERB>VERB>ADJ,0.42828032812812045,1.0,0.5077521377124162,0.10499265215798712,3,4,0.35892820358276367,0.9866415868883264,0.38758658466344875
b8d870ae8612efb90577d069,pos_3gram,VERB>SCONJ>X,-0.6215707084615949,1.0,-0.5416098854269716,0.6043772629546784,9,7,0.17716456949710846,0.959922602972177,0.38742178838715785
d1faa6250b9f128f8737c9e2,pos_2gram,ADP>PROPN,-0.7065706168773872,1.0,-0.6686586087583862,0.8251446578667478,7,6,0.11597680300474167,0.959922602972177,0.3871312960492873
a07bcf817fe876b38b4356c3,pos_4gram,X>ADP>PRON>VERB,0.39425648810066405,1.0,0.32746031943029336,0.018885647257151264,1,3,0.4617076516151428,0.9866415868883264,0.3869487112336952
6024fde2f7a7530ec0c28c67,pos_4gram,ADV>ADJ>ADJ>SCONJ,-0.5070816468940055,1.0,-0.8030184597932718,0.31099802463882203,3,1,0.33753249049186707,0.9866415868883264,0.3867905499199404
df088bf4abac836e757db1a2,pos_4gram,PART>PART>NUM>NOUN,-0.6595855383447637,1.0,-0.6393135959456856,0.705557058728771,4,0,0.08538292348384857,0.959922602972177,0.38672733636738177
27e7b0d67fa61d80be51fbf8,pos_4gram,NOUN>ADP>PRON>NOUN,-0.5200176390919609,1.0,-0.48809224025012954,0.3447694700589009,3,1,0.3329333961009979,0.9866415868883264,0.38669649383785015
5e87f9eaf84d734a76bcc275,function_word,部,-0.47382258716022024,1.0,-0.4718268880246538,0.22543594167465897,2,2,0.4737052619457245,0.9866415868883264,0.3866563490154391
e0dff13e0152786d2ac5eac1,root_pos,X,0.4362199749869341,1.0,0.19701520794181174,0.12903622753100855,4,5,0.3163367211818695,0.9866415868883264,0.3863649051730304
f7738bccfc4eaa888632ad7b,punctuation_run,（,0.5674733299425758,1.0,0.6695759167150035,0.4701510635080731,8,10,0.19496101140975952,0.959922602972177,0.3859966122042394
7a6048b31bed53331f440354,pos_4gram,ADV>VERB>NOUN>NOUN,0.448521418394778,1.0,0.5498354802427269,0.16234338691830869,9,10,0.308938205242157,0.9866415868883264,0.38587686172838426
7eec40094a4bafecfe15a429,pos_2gram,CCONJ>X,-0.7753782409672088,1.0,-0.733467575199962,1.0121635002495728,7,7,0.08538292348384857,0.959922602972177,0.38534554516620395
c1b590f7ed64cb4036e79ab4,pos_2gram,X>NOUN,-0.7928244847533611,1.0,-0.6915044507887294,1.0634375628410262,10,10,0.07938412576913834,0.959922602972177,0.3842250907082294
9e0484d9d9f8b33ad5b90e8f,pos_3gram,NOUN>NUM>AUX,-0.4848287831129594,1.0,-0.44977478317949865,0.26235605051206556,3,1,0.33833232522010803,0.9866415868883264,0.3840665895460255
081d23e0b6f61bf599080b8d,pos_3gram,NUM>X>X,0.596913224548923,1.0,0.6670356516582594,0.5548537257277238,2,5,0.2521495819091797,0.9866415868883264,0.383903138071427
79cb3b62074519b9221da3fb,function_word,性,0.7202721554476865,1.0,0.8822105869815466,0.8789371639895899,8,9,0.11617676168680191,0.959922602972177,0.3833402038407268
932c4e465735fab33f138a5c,pos_4gram,ADJ>NOUN>NOUN>ADP,0.7341341002929005,1.0,0.789037446384431,0.9153448924298965,3,7,0.11297740042209625,0.959922602972177,0.38329081263351145
683ee20cd8432af5cfd91cc9,dependency_treelet,PART>nmod>PART,-0.7068446768083121,1.0,-0.6667174335473056,0.8446099785582655,7,5,0.11537692695856094,0.959922602972177,0.3831946509151908
25a1ce6753e88f42548934c4,dependency_treelet,VERB>punct>PUNCT,0.4589561599452593,1.0,0.3363505172666303,0.19848435449399285,10,10,0.29854029417037964,0.9866415868883264,0.382947143385141
f516087507f7daffbb63ca18,function_word,或者,-0.7122764423675337,1.0,-0.7727595287722332,0.8607183678684612,6,2,0.0349930003285408,0.959922602972177,0.382796480470862
fb5cd3c6ab1cda3916096b3a,pos_3gram,ADP>AUX>ADJ,-0.5565518222284747,1.0,-0.5663543862427192,0.45713531629840404,2,2,0.4781043827533722,0.9866415868883264,0.381949305602102
86eafd4da387b114fa71514d,pos_4gram,VERB>AUX>DET>PART,0.39517275597861806,1.0,0.44757931715104354,0.03626763995216597,1,3,0.602679431438446,0.9895152645881432,0.38134236826777607
8f56ba20b990e83ef224354c,pos_3gram,NOUN>PART>X,-0.6478085549606636,1.0,-0.5991339813344199,0.7031945204712068,9,8,0.1549690067768097,0.959922602972177,0.38034913051589697
2b58b482ec0e8d01a1101be9,pos_4gram,AUX>VERB>PART>SCONJ,-0.794238559694268,1.0,-0.7631511377319129,1.091095541179984,4,1,0.08658268302679062,0.959922602972177,0.3798193549999572
007ccf14d97a3d5991578347,dependency_treelet,NOUN>acl>ADJ,-0.4488170611923091,1.0,-0.5004419819861119,0.18226028673354366,6,7,0.2969405949115753,0.9866415868883264,0.3796262686217277
7b49ae6eb41177cb85b2b894,pos_3gram,PRON>ADP>DET,0.5050317787364017,1.0,0.33910229575233014,0.330769711789161,2,4,0.30773845314979553,0.9866415868883264,0.37950351158609463
fe730318e910ca3cfed99bff,pos_3gram,NOUN>NOUN>X,0.45574249825677154,1.0,0.5913428177035186,0.20200325616771636,10,10,0.29574084281921387,0.9866415868883264,0.3791524656179313
360b52e9f5653592fafc55df,root_pos,NOUN,0.5400430277162538,1.0,0.5393075942292022,0.4257386520669172,9,9,0.2269546091556549,0.9647033225514532,0.3787812211819777
d30621eb7480af945b31f83e,pos_4gram,CCONJ>VERB>NOUN>NOUN,0.5806625976797871,1.0,0.6449819012127893,0.5374230527929944,1,7,0.16216756403446198,0.959922602972177,0.37768563221743895
2d5041c4771cc7954710ccea,pos_4gram,ADP>PART>NOUN>ADP,-0.5176302765591722,1.0,-0.48154455519554434,0.37061959805156575,3,1,0.322735458612442,0.9866415868883264,0.37766151694826255
7f276bd48383fb49ff774372,pos_3gram,NUM>NOUN>PART,0.5443457667379455,1.0,0.5510707251816038,0.4424729661052636,8,8,0.22655469179153442,0.9647033225514532,0.37736982219341103
83e032c6984ef8d539f3494c,pos_3gram,ADP>NOUN>ADV,0.45432764801021663,1.0,0.43472259970721777,0.20427192576807884,4,5,0.3289342224597931,0.9866415868883264,0.3772633391918097
bfee7b9d40bc65001f08a7fb,pos_4gram,VERB>NOUN>X>NOUN,0.5937827562372732,1.0,0.6751176377190655,0.5748596523900347,2,5,0.19816036522388458,0.959922602972177,0.3770385223446026
6f12d29a8cde5104184df3fc,pos_4gram,NOUN>ADP>X>X,0.44817909902492253,1.0,0.5092208666743369,0.18901463108900013,5,8,0.3265346884727478,0.9866415868883264,0.3769332078062338
49cbf5b842457077f2209419,pos_3gram,PRON>VERB>ADV,0.5649296590279247,1.0,0.3575390030758496,0.4994835176287552,2,4,0.21975605189800262,0.959922602972177,0.37674949566720817
85e9381b2034608c65bbd4ea,pos_2gram,ADJ>AUX,-0.4187208622114646,1.0,-0.5187348675661166,0.11164019705214605,4,5,0.36372724175453186,0.9866415868883264,0.3766694145478285
736b1e5ad6c7820602940888,pos_4gram,VERB>VERB>VERB>X,-0.703458700820921,1.0,-0.6458430160724887,0.870708850770085,6,3,0.12557488679885864,0.959922602972177,0.37603858052595374
53ee925a32fbc95d6c2f528d,dependency_treelet,ADP>punct>PUNCT,0.48284933174044253,1.0,0.24495229105223015,0.2870954213941851,1,3,0.46050789952278137,0.9866415868883264,0.3751464916388397
a3e8a51892a22aba78319ed2,pos_4gram,VERB>NUM>NOUN>PRON,0.5131434242263965,1.0,0.37622134054239537,0.36793394344428626,1,3,0.33893221616744995,0.9866415868883264,0.3751229558163939
b0af17f91e7b6b37d65d18f9,pos_4gram,VERB>NOUN>VERB>NOUN,0.7435720662921441,1.0,0.7094238444646525,0.9844342099766816,4,6,0.09218156337738037,0.959922602972177,0.374702301821778
0d5f6573626a53c6d7e70237,pos_4gram,X>X>SCONJ>NOUN,-0.5555053437898654,1.0,-0.5243064709774922,0.48274352950352795,3,2,0.27474504709243774,0.9866415868883264,0.3746469519080398
811abd462edc022e100e64ed,pos_3gram,NOUN>ADP>PRON,-0.4990020974616261,1.0,-0.7930283886364121,0.3335046740708405,7,7,0.25974804162979126,0.9866415868883264,0.3742034858702845
47ae21d3234b74d7f829a4ff,pos_4gram,VERB>PART>PART>X,-0.6226252184635577,1.0,-0.5999673147287392,0.6643995057872182,3,1,0.21355728805065155,0.959922602972177,0.37408399623927546
56ffef638b715301cd0e9b2b,pos_3gram,PART>ADP>ADJ,-0.5479353320990397,1.0,-0.5241047925233219,0.4663509452813606,3,1,0.20495900511741638,0.959922602972177,0.37367271038510014
f732f3d4b533498cb1d49c65,dependency_path,acl>obj,0.8302127032629734,1.0,0.8458351377761597,1.223365542640965,10,10,0.06518696248531342,0.959922602972177,0.37340360248491905
a484b723c86ce27a617bd603,pos_3gram,PART>PART>NOUN,-0.6415381303554426,1.0,-0.5901941534191151,0.7189213899684102,8,8,0.15516896545886993,0.959922602972177,0.3732213317603969
e65156bee8dfd775e8de5885,pos_4gram,VERB>AUX>PROPN>NOUN,-0.620828799930858,1.0,-0.6281836567742891,0.6637989078636723,3,1,0.20195960998535156,0.959922602972177,0.3731393241073862
ef555d0e8ed656671325a85f,dependency_treelet,VERB>conj>VERB,0.5574451466040747,1.0,0.5924204090827601,0.49568107292615904,9,10,0.2113577276468277,0.959922602972177,0.3727032164106254
848c5ce262ce040ae6f72d2f,pos_4gram,SCONJ>VERB>PART>NOUN,-0.4510344771424211,1.0,-0.49904101891167474,0.21038678670124283,4,4,0.31173765659332275,0.9866415868883264,0.37263664978668426
e9c75a32186e7a2c0cd047ff,function_word,并且,-0.661739512968066,1.0,-0.6357679807347212,0.7802328042405312,3,1,0.21535693109035492,0.959922602972177,0.3717151551144301
75203e30ec1796037515c063,pos_4gram,X>VERB>VERB>PART,-0.39921065351993557,1.0,-0.3589627022230988,0.07406710625773989,3,2,0.4717056453227997,0.9866415868883264,0.3716812955112867
6f14b7cbe2179d997bb15654,pos_2gram,CCONJ>ADJ,0.6037532293803034,1.0,0.7142518323255234,0.6244491058954041,6,9,0.18056388199329376,0.959922602972177,0.37166644814489996
f15a0ecb8192527ff2f37c8f,function_word,甚至,0.47846587864813,1.0,0.4416145121652594,0.288665501666171,3,5,0.2999400198459625,0.9866415868883264,0.3712878772881721
ef16223bb1af437c8bc5bd64,pos_3gram,PROPN>NUM>NOUN,-0.5605838838140033,1.0,-0.5679902825708449,0.510452985278284,3,2,0.20675864815711975,0.959922602972177,0.37113626791284865
864b70f389d1aaee0d949107,pos_3gram,X>VERB>VERB,-0.5935949622987658,1.0,-0.5853449424911236,0.6000319651939435,9,7,0.1851629614830017,0.959922602972177,0.37098943971835896
16f520c4b75e8875ae79857f,pos_4gram,X>X>X>NUM,0.46903087679888833,1.0,0.547445092193242,0.2680385737059355,2,5,0.3241351842880249,0.9866415868883264,0.3698869155282172
c0ab54e1e473ce15389e6207,dependency_path,conj>det,-0.671850575268234,1.0,-0.7750419719525247,0.8168440736828401,6,3,0.1447710394859314,0.959922602972177,0.3697898928147185
fb4e66d3bf0492e48c9b3452,pos_4gram,SCONJ>VERB>VERB>NUM,0.3873818307761794,1.0,0.2574919340872344,0.04771411462228457,1,4,0.383923202753067,0.9866415868883264,0.36974001339653223
cb9b38a9f1863a4764bdc1f0,pos_4gram,ADJ>NOUN>VERB>ADJ,0.42397440005239395,1.0,0.44167864933261086,0.14670277459406936,1,4,0.25974804162979126,0.9866415868883264,0.36973347361305553
6414b45252cca2900526f1bf,pos_4gram,NOUN>NOUN>NUM>VERB,0.6513761921004819,1.0,0.7239251505876313,0.7634472854435027,1,3,0.21755649149417877,0.959922602972177,0.3693766167422818
218248c674fbeaea1b42c76f,dependency_path,nummod>nmod,0.5604774237167834,1.0,0.604112822305482,0.5199050682513532,2,4,0.2273545265197754,0.9653870989559548,0.36875817801016436
fd0f5bb86f90af8bc23f07b7,pos_3gram,ADV>AUX>NUM,0.4382009996188889,1.0,0.31840447403624966,0.18834855557283314,4,5,0.338132381439209,0.9866415868883264,0.3687478707858217
0467a9ad5ef2c67070cc053e,pos_4gram,NUM>NOUN>X>X,0.46973301371291787,1.0,0.516234019808418,0.27743408340421727,4,7,0.3217356503009796,0.9866415868883264,0.3677160487695244
61cd7b5ad4979d800ad8588e,pos_3gram,VERB>AUX>DET,0.7380613117753705,1.0,0.6655904485152714,1.0081113585413735,5,7,0.10257948189973831,0.959922602972177,0.3675400314011839
af454c8861d4f5a9e9660506,punctuation_run,”（,0.6208455119227042,1.0,0.5994052485109288,0.6898934407496399,0,4,0.08318336308002472,0.959922602972177,0.3673873730448329
326e37d2129e2ce8a35f98c2,dependency_treelet,ADJ>parataxis>VERB,0.4358145056970096,1.0,0.4594102133160271,0.18876349714118476,5,5,0.3271345794200897,0.9866415868883264,0.3666116151320969
d3ca435d8ccba9e38d710e83,function_word,点,0.38814479047543926,0.95,0.43141722416065703,0.00627751472336217,2,6,0.47690460085868835,0.9866415868883264,0.36643723580869003
90b8179ccde4c7a74effc2a4,pos_4gram,ADV>VERB>DET>NOUN,0.6136131196753302,1.0,0.4679401915341273,0.6749159691845203,4,7,0.16876624524593353,0.959922602972177,0.3663545699991653
29d727765c1f20e0676f889f,dependency_treelet,PART>det>DET,-0.401671215437273,1.0,-0.4023237952994447,0.09870044817221246,3,8,0.4397120475769043,0.9866415868883264,0.365587559471273
72a1b163779177392de6dd05,pos_4gram,PART>VERB>PART>AUX,-0.5911842433490219,1.0,-0.5604592826668174,0.6193390545081606,3,1,0.2089582085609436,0.959922602972177,0.36507749362506503
cfa31e2795f1373a8a45df08,pos_3gram,NOUN>NOUN>VERB,-0.4168592360954736,1.0,-0.3125358543662979,0.1421807796400495,10,10,0.32973405718803406,0.9866415868883264,0.36496782604487876
c96549a003a1a947424bee69,pos_2gram,DET>VERB,-0.7913304299124657,1.0,-0.7977783935159167,1.1704614904245219,7,7,0.08998200297355652,0.959922602972177,0.3645908639262192
05a274f4074a4e8275ff7b0c,pos_4gram,AUX>ADV>VERB>ADP,-0.5149381894172766,1.0,-0.4768680868549798,0.41325227833450473,3,1,0.1997600495815277,0.959922602972177,0.3643639549084068
5a2c36a6bac181e393040637,pos_4gram,AUX>ADP>NUM>NOUN,0.4164360562620012,1.0,0.39718871355517665,0.14316276755499743,5,7,0.323535293340683,0.9866415868883264,0.3642841317800061
457ecfe1c4996f7d2df50675,dependency_treelet,VERB>mark>VERB,-0.3963183494519307,1.0,-0.39259444376971875,0.08972451135784752,10,10,0.3643271327018738,0.9866415868883264,0.36368673487769815
4ac69c17b0bcf9e230aeaa3e,pos_3gram,ADP>VERB>NOUN,0.560212593248892,1.0,0.627331742646311,0.5424525677562456,8,10,0.2137572467327118,0.959922602972177,0.36319599380862305
b8e8a161cdd0177f57ac3fa4,dependency_path,root>appos,0.7294854617117391,1.0,0.7997316223316414,1.0114373445799916,3,5,0.16236752271652222,0.959922602972177,0.362668747141146
2cd62e468d421c148945ef7a,pos_4gram,PRON>VERB>VERB>DET,0.3841866358522213,1.0,0.3295094929760477,0.059569435655138246,1,3,0.4549090266227722,0.9866415868883264,0.36258750292723985
3cb2d198d826612ccbdb09d7,pos_3gram,ADJ>NOUN>PART,0.5364864746210136,1.0,0.6588024138310579,0.48031974771241953,9,9,0.24935013055801392,0.9866415868883264,0.36241256353572365
4ddf9d06ebb34a58e25b7252,dependency_treelet,PART>compound>ADJ,0.43585319099040926,1.0,0.5136280636689144,0.20333428573944334,10,9,0.36752650141716003,0.9866415868883264,0.36220458118383914
6f43792270545f7c92b1f7b1,pos_4gram,ADV>ADJ>NOUN>AUX,0.3763115336778375,1.0,0.38802930828139803,0.03973247883906458,1,3,0.458708256483078,0.9866415868883264,0.36193111337448663
70a1543d93d7685e6888e626,dependency_path,iobj>nmod,-0.6710207926275827,1.0,-0.6468406542705384,0.8540153397554591,4,3,0.15536892414093018,0.959922602972177,0.3619283930607009
a3d3af338e6b06ace3b0b575,pos_3gram,PROPN>PROPN>VERB,-0.4769733991203079,1.0,-0.44194594789035035,0.3181566675199858,5,3,0.2511497735977173,0.9866415868883264,0.3618487929949162
4abb264b2fab94c9cdf59579,pos_4gram,NOUN>VERB>SCONJ>NOUN,-0.37529745903178563,1.0,-0.2975296089342151,0.039811764164449655,9,8,0.39532092213630676,0.9866415868883264,0.3609282679479582
5f016278f8777f0c84ccce35,pos_3gram,PART>X>ADP,-0.6827824797214092,1.0,-0.7264696376786749,0.8917406796837907,3,1,0.21055789291858673,0.959922602972177,0.36092815841732495
090fa14111d9884fe603706c,dependency_treelet,ADV>advmod>ADV,0.7593918545807915,1.0,0.6426561137772092,1.1066418331541863,1,5,0.10977804660797119,0.959922602972177,0.36047506634945436
6967620a767f89b62e698fe2,pos_4gram,NOUN>NUM>NOUN>PROPN,-0.7068328998070605,1.0,-0.6848464134140357,0.9611479259708952,4,2,0.14877024292945862,0.959922602972177,0.36041794218920664
03df8d6d93e9d3f2e1728767,pos_4gram,SCONJ>NOUN>ADP>ADV,-0.7485103678600193,1.0,-0.7304180563352468,1.0785108053743,5,4,0.09458108246326447,0.959922602972177,0.360118583903742
1bc6070df19e8008021373d4,dependency_treelet,VERB>parataxis>NOUN,-0.7340077838900012,1.0,-0.7553905966836004,1.0382431624133321,9,6,0.0937812402844429,0.959922602972177,0.3601178688714045
8d9f4007f13f2e913e8d95e0,pos_2gram,PART>AUX,-0.6195692023909058,1.0,-0.5731412659349393,0.7207636599237641,9,7,0.17676465213298798,0.959922602972177,0.36005479242765676
78f4ea48ca6fdfd50459eb75,dependency_treelet,VERB>obl>PART,-0.4642622774348114,1.0,-0.4545265365087486,0.29113636287351663,9,8,0.2963407337665558,0.9866415868883264,0.3595764868720469
b4d8980871596e102d28f0c9,pos_3gram,VERB>DET>VERB,-0.8130059708177774,1.0,-0.7941035926447847,1.2638749780944378,7,4,0.023795241490006447,0.959922602972177,0.3591214085073309
5cc44013da6b406b89268edc,pos_4gram,CCONJ>NOUN>PART>NOUN,0.656544434614179,1.0,0.7383051702398991,0.8299424941402667,3,9,0.11457708477973938,0.959922602972177,0.35877872485967544
86a8a612486eff5c833d53f2,dependency_path,nsubj>det,0.3672327291793877,1.0,0.28176971814523694,0.023588135974740725,10,10,0.3901219666004181,0.9866415868883264,0.3587700133215006
e5b5403ae7e055021e718b4a,pos_3gram,PRON>PART>NOUN,0.41564394135180904,1.0,0.23949092198483038,0.1598660636789201,6,8,0.35452908277511597,0.9866415868883264,0.3583551190673251
46e3111dffbe56e687656092,pos_2gram,PRON>PART,0.3762235972700005,1.0,0.16397231636312767,0.05131846140451931,6,8,0.3903219401836395,0.9866415868883264,0.35785883258188095
c91fc04def35dc534adac2fd,function_word,链,-0.41703844345975144,1.0,-0.3783517582658458,0.16540431725781177,4,3,0.4321135878562927,0.9866415868883264,0.3578487202115743
dabcb56761b01b064ac93bab,pos_4gram,PROPN>NOUN>NOUN>VERB,-0.4856184818235291,1.0,-0.5278881164152948,0.357377371091583,2,2,0.4655068814754486,0.9866415868883264,0.3577623232609233
b8bcf2e867747f83de5fd8e6,pos_3gram,PART>DET>NOUN,-0.5058295211805084,1.0,-0.5959658290341812,0.4146025504271073,6,4,0.2605478763580322,0.9866415868883264,0.35757713078333175
ff47ae164cd91657918c3542,pos_4gram,X>PART>NOUN>PART,-0.3819398698759932,1.0,-0.3417076060414248,0.06994441429161243,3,2,0.4639072120189667,0.9866415868883264,0.3569716938322142
ea0c5e23c50a4aabb2bd845f,dependency_treelet,NOUN>case>SCONJ,-0.687121834434661,1.0,-0.6900542466675221,0.9252955381421601,5,4,0.10597880184650421,0.959922602972177,0.3568916152466174
7b49959c12025189df745f70,pos_4gram,VERB>PRON>ADP>NOUN,-0.7170186902293961,1.0,-0.8536701772645988,1.0125650681427836,4,1,0.08298340439796448,0.959922602972177,0.3562710600413375
1ce5da8f0c310a0b5e7f74ce,dependency_treelet,AUX>nsubj>PRON,0.5879211093506828,1.0,0.4819410154613061,0.6508089948453681,1,3,0.20235952734947205,0.959922602972177,0.35614120784806697
53e7d80c7aff9617f852a41c,pos_4gram,NOUN>AUX>NOUN>ADJ,-0.6609078928790055,1.0,-0.6683205638329275,0.8587680931504472,3,1,0.20395921170711517,0.959922602972177,0.35556231856703824
17ec0f410fe7c8fca105c85a,function_word,为,0.37478095981250054,1.0,0.5144233374044297,0.054140441505162826,9,10,0.43411317467689514,0.9866415868883264,0.35553228493668887
f2a267d347f020661fbf5b8e,function_word,先,0.6870704833507865,1.0,0.7678762341059745,0.9347189667055836,2,6,0.14077185094356537,0.959922602972177,0.35512676268467136
ede58703b6cea85bdd97f740,pos_4gram,AUX>PART>NOUN>NOUN,0.6188066595799062,1.0,0.6842775282159926,0.742797737407099,1,3,0.3361327648162842,0.9866415868883264,0.35506510382584894
79e5d1fd45e47839f561f2ad,pos_4gram,VERB>NOUN>PART>ADP,-0.4338782220410328,1.0,-0.41047658772886186,0.22636607469519457,2,2,0.4727054536342621,0.9866415868883264,0.35379176821151914
88a6829977c37abd47ce8674,pos_3gram,PRON>ADJ>NOUN,0.6043986976665889,1.0,0.6410933889058068,0.7086667261990087,1,4,0.19276145100593567,0.959922602972177,0.35372532770688164
689d66259b4ab0c9aab9b76a,function_word,率,0.6412394210020924,1.0,0.7179670638950008,0.8149837466959903,3,4,0.23775245249271393,0.9848005373400158,0.35330312030033845
c5a6afe33556d2f9fc51c4e1,pos_3gram,AUX>ADP>NUM,0.40759344257134045,1.0,0.38993556405436064,0.1550406317946563,5,7,0.3407318592071533,0.9866415868883264,0.35288234140996233
ac817c3afa3ebd4ec23a8735,pos_3gram,SCONJ>VERB>PRON,0.5098372341915104,1.0,0.3503834881227054,0.4463653964096433,4,6,0.24515096843242645,0.9866415868883264,0.3524954589325041
e8f28f11d22179e9bbc127a0,pos_3gram,ADV>VERB>DET,0.552271719786153,1.0,0.41600985444052546,0.5691385475801651,6,9,0.21535693109035492,0.959922602972177,0.35195854479378796
7c53d4b0d42a8fc87d315899,pos_2gram,NUM>NUM,0.4902614008931849,1.0,0.5085330445109717,0.39326688196022985,7,8,0.29134172201156616,0.9866415868883264,0.3518790313908998
cc2876dbf0b296f83eee40e1,pos_4gram,PART>SCONJ>ADP>NOUN,-0.45602166801733096,1.0,-0.41279818324395035,0.29632572715422945,3,2,0.3163367211818695,0.9866415868883264,0.35178015715110167
9b78000b7a6ade12a24b1cd1,pos_3gram,VERB>X>NOUN,-0.7214281587787775,1.0,-0.6704857639986983,1.0529145703140947,10,9,0.05418916046619415,0.959922602972177,0.3514165514780283
70d859643f539a4c6c2e8f92,pos_4gram,ADP>PART>NOUN>NOUN,0.5506758202916374,1.0,0.661273257388846,0.5682623131708057,7,10,0.2167566418647766,0.959922602972177,0.35113757160831627
78bb974a856fb5e7b8fdf3ae,pos_4gram,X>PART>NOUN>AUX,-0.5175220410303998,1.0,-0.5485503928883443,0.4741027789301815,2,2,0.4757048487663269,0.9866415868883264,0.35107595510130396
130b1b383f5574509eb0ce2c,pos_4gram,X>NOUN>NUM>NOUN,-0.5667380008878254,1.0,-0.5658906025049023,0.6145929984192563,3,2,0.20915816724300385,0.959922602972177,0.3510098219444046
b898ef28dabf5be378728edf,pos_4gram,ADP>PRON>NOUN>VERB,-0.5206097889294194,1.0,-0.5527695529561061,0.48357915805051455,2,2,0.46570685505867004,0.9866415868883264,0.35091473623390784
7b9aac469f104d594dfac3aa,pos_3gram,ADV>ADP>VERB,0.5599461155707889,1.0,0.5468362447097289,0.5959379149380798,2,5,0.19696061313152313,0.959922602972177,0.350857079294663
c368c49ed7179b78a5f04679,pos_4gram,ADV>ADJ>ADV>VERB,0.39014115326146526,1.0,0.39727046890424866,0.11234873557270715,1,3,0.4529094099998474,0.9866415868883264,0.3507363660197771
011be13a851273d1d7a4846f,pos_4gram,NOUN>NOUN>CCONJ>VERB,-0.41539943479008196,1.0,-0.3855423331441882,0.18461421722163843,5,7,0.35392922163009644,0.9866415868883264,0.35066220610144994
511794d20c7e1e52ad6ea99b,pos_3gram,X>NOUN>NUM,-0.5664680677293645,1.0,-0.5648832850134602,0.6160112964945407,3,2,0.20915816724300385,0.959922602972177,0.3505347202449325
5c21f8d3e79b43587b8f264c,pos_4gram,NOUN>CCONJ>ADJ>NOUN,0.37826588277539824,1.0,0.46906912634128306,0.07978810929138469,4,4,0.3857228457927704,0.9866415868883264,0.35031491782553226
83e57b9bed2443c42abed23d,pos_2gram,PART>ADP,-0.6158648255341617,1.0,-0.5664178925019926,0.7582591186260139,9,8,0.17216557264328003,0.959922602972177,0.35026966105850615
6a8bbd67736772bc6fae7072,pos_3gram,NOUN>AUX>NOUN,-0.6294842532463434,1.0,-0.6123265862083367,0.7995111443609946,8,7,0.17576484382152557,0.959922602972177,0.3498084772739059
762185a07d74d3fa2e18a42e,pos_4gram,X>NOUN>AUX>VERB,-0.7156661925048686,1.0,-0.7036648391023063,1.0463879441453703,4,3,0.12057588249444962,0.959922602972177,0.34972166179553565
d50d6532920d232a5680bdb2,pos_4gram,DET>NOUN>ADP>VERB,0.6214314506750358,1.0,0.525122718586145,0.7772431611449172,1,4,0.19816036522388458,0.959922602972177,0.349660341511571
ea10ff3d36f6e71dcc1b46c6,function_word,端,-0.5711323688200113,1.0,-0.5569035398125418,0.634145525228057,5,2,0.20875824987888336,0.959922602972177,0.3494990868333501
b0fe6ce0e57f9012d612e44e,pos_4gram,PRON>VERB>AUX>VERB,0.5991889849233153,1.0,0.5429881545601033,0.7148283048780384,1,4,0.18836233019828796,0.959922602972177,0.3494163137025725
d98baf66440794a32d09b119,pos_4gram,NOUN>AUX>X>X,0.48301456807731113,1.0,0.5337189056848728,0.3823670117877229,3,5,0.29854029417037964,0.9866415868883264,0.34941123736211027
7ee66a462d0463f2898a2a22,pos_4gram,NOUN>ADJ>PART>VERB,0.47834241242581377,1.0,0.5195087309930092,0.3694051630491604,2,5,0.33213356137275696,0.9866415868883264,0.349306710192856
86384d97691f5dbe250b8471,pos_4gram,NOUN>VERB>SCONJ>ADJ,0.5201076644495698,1.0,0.5888954360476099,0.48956727166923364,4,6,0.26514697074890137,0.9866415868883264,0.3491669522697881
da02b54584cb4e9c2c968761,pos_4gram,X>X>ADV>VERB,0.4009637519143205,1.0,0.45610017882347365,0.14905879676823575,5,7,0.35492900013923645,0.9866415868883264,0.3489497256729105
a1e9ab66677c8ccfe8bfb531,pos_3gram,NOUN>PRON>ADP,-0.4992839836712404,1.0,-0.632230351262559,0.43278462475222623,6,5,0.2627474367618561,0.9866415868883264,0.34847106469863354
d5fda2ac7af122f92c664edc,pos_4gram,PRON>VERB>AUX>NOUN,0.5150917002346371,1.0,0.40755056680701207,0.478855890041431,1,4,0.30053988099098206,0.9866415868883264,0.3483041881925402
c4e5bf184f7e9ff245d4d0fc,dependency_path,nmod>compound,-0.6154962564607861,1.0,-0.4952777737171938,0.7699705876003257,10,10,0.16896620392799377,0.959922602972177,0.34774377651961885
32462381ed2efb7421f458a6,pos_4gram,NOUN>ADP>ADJ>NOUN,-0.4640578124271072,1.0,-0.41918333606439645,0.33603309845888785,3,3,0.3099380135536194,0.9866415868883264,0.34734005689110337
cb89941b2f6127947e1ce778,pos_4gram,VERB>VERB>NOUN>ADJ,0.4660715823300743,1.0,0.4884854873192206,0.34194859924815485,1,5,0.3843231201171875,0.9866415868883264,0.34730956356390796
7a2ea6a8a9b9104eb3e99d50,pos_3gram,AUX>NOUN>AUX,-0.48422851730326344,1.0,-0.46758310546395043,0.39509834023928064,4,3,0.3241351842880249,0.9866415868883264,0.34709274847263516
79015ab1c18778b6724e0d72,pos_4gram,NOUN>VERB>PART>VERB,-0.37415562470769814,1.0,-0.31006835632404817,0.07837254900315031,8,6,0.38652268052101135,0.9866415868883264,0.3469632318196233
5bf4aaf654fca0be539c147c,pos_2gram,X>ADV,0.5440151736562767,1.0,0.5758580085996201,0.5680311200890268,7,9,0.2099580019712448,0.959922602972177,0.34694156683917704
5fae6e11d303228b9d504514,pos_3gram,X>ADP>VERB,0.4317543234002089,1.0,0.47922826411923336,0.2448255705502903,6,7,0.3581283688545227,0.9866415868883264,0.3468392147578931
be8cfe2a057cef694d707b1a,function_word,的,-0.37965349627564254,1.0,-0.21786680424914245,0.0953766130572892,10,10,0.39372125267982483,0.9866415868883264,0.34659631377010813
a7657420be3989111304cee0,dependency_treelet,NOUN>appos>PRON,0.6754540705598586,1.0,0.5113309982621849,0.9494861583943763,2,4,0.1345730870962143,0.959922602972177,0.3464780027554399
faa306d5ee0813713de4ddf3,pos_3gram,AUX>ADV>VERB,0.6599581370811386,1.0,0.5986527994442327,0.9057572999664265,8,9,0.1399720013141632,0.959922602972177,0.3462970531939009
83fdd42d0baefd4bbdaa5021,pos_4gram,DET>NOUN>AUX>VERB,0.35859163571796954,1.0,0.3894610457617322,0.035726663292111584,2,5,0.4335132837295532,0.9866415868883264,0.34622226927920075
0b073e7772d5711b86401e9a,pos_3gram,NOUN>PART>PROPN,-0.411871806940563,0.95,-0.40903403715526493,0.13038241343118204,3,3,0.5246950387954712,0.9895152645881432,0.3461467658593894
c5f237f083192523a502efc0,pos_3gram,VERB>SCONJ>ADP,0.46084609323066505,1.0,0.5143615243195018,0.33173027861311366,2,6,0.3261347711086273,0.9866415868883264,0.34605062348706067
d0ab6d1cccdb1dedecb7c374,pos_4gram,VERB>X>PART>NOUN,-0.466880457970901,1.0,-0.468130701676386,0.3525599378792125,5,4,0.32773444056510925,0.9866415868883264,0.34518282324919397
83e369e2191b9e206fad4b27,pos_4gram,X>ADP>ADV>VERB,0.3666746277245462,1.0,0.36053289522566,0.062414411452420465,1,3,0.46430712938308716,0.9866415868883264,0.3451333338214675
4cd3fbbf69107aa9d601f440,pos_2gram,AUX>ADP,-0.6577398100305526,1.0,-0.7755048228684489,0.9085734104440146,10,9,0.15136972069740295,0.959922602972177,0.34462379410259864
52bf1eb6cb2e1d55316dedb7,pos_3gram,PRON>PART>ADJ,0.5341456850044911,1.0,0.5750592799288642,0.5507737611795599,2,5,0.22075584530830383,0.959922602972177,0.34443817555837786
bcaea41a324e0a3645ff54ec,pos_4gram,SCONJ>DET>NOUN>SCONJ,-0.449749814782463,1.0,-0.5072356288227486,0.30665176859269033,2,2,0.4913017451763153,0.9866415868883264,0.3442002112520456
b4e8541e98c3772746cc2413,pos_2gram,VERB>CCONJ,0.44494864285789887,1.0,0.5596430556144407,0.2931428628437983,9,9,0.3779244124889374,0.9866415868883264,0.3440831292834853
a775d3545eeca3238b7dcc3e,pos_4gram,NOUN>AUX>VERB>PART,0.6117012954329986,1.0,0.6668829891296806,0.7801472836364804,2,5,0.1967606395483017,0.959922602972177,0.3436239804739171
94a2d0588f8b10c179abe11a,pos_3gram,X>ADP>PRON,0.519925822943865,1.0,0.39878731680793256,0.5173307439699059,2,4,0.278944194316864,0.9866415868883264,0.3426582009295773
790b18b71417a8d011f76a8d,pos_3gram,CCONJ>VERB>X,-0.6567534667743612,1.0,-0.6344361662742809,0.9197691843260892,3,1,0.203159362077713,0.959922602972177,0.3421002233687308
08b98312e17a69f6b2a73edb,pos_4gram,ADP>SCONJ>AUX>VERB,-0.4545974350440286,1.0,-0.6191248779404784,0.3288766988950519,3,2,0.315936803817749,0.9866415868883264,0.3420915088826691
b8479b23b5a5050ff1a18816,pos_4gram,ADV>VERB>VERB>SCONJ,0.4679975220000831,1.0,0.41562178456286275,0.37121592060690506,3,5,0.29414117336273193,0.9866415868883264,0.3413011145560108
f1fdb282ab9a48d00214b8f4,pos_4gram,NOUN>ADV>ADP>DET,-0.4769623925456013,1.0,-0.5212395095864811,0.39846594241943145,2,2,0.47410517930984497,0.9866415868883264,0.3410611428408669
359596e4c21435b1b444f914,pos_3gram,PRON>ADP>NOUN,-0.6757253513563104,1.0,-0.7492705081309656,0.9835718977558174,8,5,0.13817235827445984,0.959922602972177,0.34066088157470653
b1c2b3247970c63ccf070dcf,dependency_path,obl>case,-0.36903301254292553,1.0,-0.34608568105830073,0.08328564227240907,10,10,0.39832034707069397,0.9866415868883264,0.3406608544804533
32ce6781b66d4038a96a7a67,pos_4gram,VERB>AUX>VERB>ADP,-0.5701487943545996,1.0,-0.5338349155696415,0.6739170093795741,3,1,0.2089582085609436,0.959922602972177,0.3406075636724197
972ee8368d0b4699c90bb761,function_word,不仅,0.6643014865427321,1.0,0.6650633641499585,0.9520620684083426,1,5,0.08498300611972809,0.959922602972177,0.34030756362392983
46b6ed1de89553585cea2a6f,pos_3gram,PART>SCONJ>PRON,-0.613091604695879,1.0,-0.6683089925061423,0.8018080588069888,3,1,0.21955609321594238,0.959922602972177,0.3402646589902692
ebb13f65235c46ab64a51ba9,pos_4gram,PART>SCONJ>VERB>PRON,0.3762841639326018,0.95,0.3909756465151264,0.05063623978537043,1,3,0.5994800925254822,0.9895152645881432,0.34024141010879044
7a5927baadde7b5b6cfedff2,pos_4gram,X>X>CCONJ>X,-0.7934127247222332,1.0,-0.7450025102890112,1.3342071761410537,7,6,0.07878424227237701,0.959922602972177,0.33990672843098485
d67c3cdd049a763718a5cf15,pos_4gram,ADV>VERB>X>VERB,0.5874904901141881,1.0,0.5863088037599009,0.7290624335230952,1,6,0.16536691784858704,0.959922602972177,0.33977401782833944
8d79504095e44f433f560df0,pos_4gram,PART>PART>NOUN>ADP,-0.3527397982316659,1.0,-0.5055871946052695,0.038196233230939146,2,2,0.46330732107162476,0.9866415868883264,0.33976216339556065
f4127cb23b349fab198706ad,pos_3gram,X>AUX>ADP,-0.7644782873015854,1.0,-0.7134787751874364,1.2514368950124526,6,4,0.0927814394235611,0.959922602972177,0.3395512834470793
a7580ff0d36c584dbcd42dfb,pos_4gram,NOUN>NUM>NOUN>VERB,-0.4149543516625455,1.0,-0.36554833541369536,0.22211697335685515,7,6,0.3367326557636261,0.9866415868883264,0.33953734438592065
45978cb12ad2f6046e727528,pos_3gram,PRON>VERB>PRON,0.5117249181187523,1.0,0.30638179925029263,0.5095381696670456,2,4,0.2603479325771332,0.9866415868883264,0.3389943549632945
96b0925af214539e448de374,pos_4gram,SCONJ>X>X>NOUN,-0.5753164578634268,1.0,-0.5704178668161002,0.6986123692573049,4,3,0.20235952734947205,0.959922602972177,0.3386979091144709
4609b907f49dfa2d9c206cb3,pos_4gram,ADP>NOUN>SCONJ>VERB,-0.5383144482509945,1.0,-0.581634404556791,0.5900813865550795,3,3,0.331333726644516,0.9866415868883264,0.33854521712077634
913b0306ff32e862b7ba41ea,pos_4gram,NOUN>VERB>DET>NUM,0.5005597538276008,1.0,0.5049143712052123,0.47859636619586976,3,6,0.29674065113067627,0.9866415868883264,0.3385371188997577
c10cdfad0f966bcce8623790,dependency_path,advcl>punct,0.5428182564709308,1.0,0.5208608924185041,0.6043202318806441,10,10,0.2171565741300583,0.959922602972177,0.3383478221393612
01cf7c5833049968305500b8,pos_3gram,PROPN>PART>X,-0.6348699460077019,1.0,-0.6258401073883119,0.8764020827549548,3,3,0.23775245249271393,0.9848005373400158,0.3383442982943073
0e78deb84de9911ba994e553,pos_3gram,AUX>PROPN>NOUN,-0.3827752749882177,1.0,-0.3882269479199008,0.13190092932110764,3,4,0.444111168384552,0.9866415868883264,0.3381702983650689
5cf49259b10324f27bfcb1b3,pos_3gram,NOUN>AUX>PRON,0.49347321292585256,1.0,0.35221603775444216,0.4601271505550344,1,3,0.3323335349559784,0.9866415868883264,0.3379659180628686
f26c00f959cf32ad3276bd25,pos_4gram,NOUN>NOUN>ADP>X,0.5253346937166412,1.0,0.5723209655509569,0.554830461958001,4,8,0.2887422442436218,0.9866415868883264,0.33787265336639094
5efe0c9f316c94bb6573bee5,pos_3gram,NOUN>CCONJ>AUX,0.44242781938106557,1.0,0.496730005820362,0.3130010849785088,1,3,0.3353329300880432,0.9866415868883264,0.33695921842159576
43c75c86cceb02a37cc10162,pos_4gram,NOUN>CCONJ>VERB>SCONJ,-0.4808068819441972,1.0,-0.5219379893510987,0.4272522171809289,2,2,0.4637072682380676,0.9866415868883264,0.33687590473243356
0b84636824bf36102c206d45,pos_4gram,CCONJ>NOUN>NOUN>NOUN,0.35593257795425604,0.95,0.44409076712433737,0.003803340952876636,6,7,0.5038992166519165,0.9895152645881432,0.3368547754937358
982d5cb72c5dee19b59ac108,pos_3gram,PRON>ADP>PRON,0.5671417035691725,1.0,0.37720247090827536,0.6846143564703758,1,3,0.331333726644516,0.9866415868883264,0.33665966420792864
d64d041385aa7ddbaf2d007f,pos_4gram,ADP>ADV>VERB>ADJ,0.43489599151916863,1.0,0.37304304777459524,0.29244318718020385,1,3,0.33993202447891235,0.9866415868883264,0.33649137991744593
92d9b0abddbcfbc1e789983c,pos_4gram,ADJ>NOUN>ADP>VERB,-0.4296871651588242,1.0,-0.4098757524723971,0.2776727799380971,4,4,0.37832432985305786,0.9866415868883264,0.33630454675542387
1761286f6f374c452140abb7,pos_4gram,PRON>ADP>NOUN>ADP,-0.5075248715809715,1.0,-0.5127162641260273,0.509312444818046,2,2,0.47050589323043823,0.9866415868883264,0.3362622983223038
a949d8af413636af64383f87,pos_4gram,ADP>NOUN>ADP>ADV,0.5830099029030356,1.0,0.6663219916175462,0.7346654735392417,1,4,0.19396120309829712,0.959922602972177,0.3360935648955526
bceec844da4d9fe87ac9c29a,pos_4gram,AUX>NUM>NOUN>ADV,0.6835191346783906,1.0,0.5223894273437614,1.0353029101963043,1,4,0.18836233019828796,0.959922602972177,0.3358316500478376
d43e352b4a8a564b3f265197,pos_4gram,VERB>DET>VERB>PART,-0.6709083725555918,1.0,-0.6502884300419384,1.0,5,0,0.035792842507362366,0.959922602972177,0.3354541862777959
70202c374bbbb553dd72db4f,function_word,物,-0.4506738531601127,1.0,-0.42742373097027625,0.3435241866931293,2,2,0.4685063064098358,0.9866415868883264,0.3354415630353292
6c21cdaa6052d90899d3e358,pos_3gram,PART>VERB>VERB,-0.510675428530391,1.0,-0.5198171596359421,0.5245028845821875,7,7,0.2307538539171219,0.9745730949367818,0.3349783288014894
3376880e90f2eed8cd9cdb71,pos_2gram,ADJ>CCONJ,0.7412485083108744,1.0,0.8011343858568523,1.214508293635776,3,6,0.10997800529003143,0.959922602972177,0.3347237445175217
6946b15b137e5a352d883f4c,function_word,把,0.340769426069417,1.0,0.2531826815178077,0.018506533124479262,7,6,0.4485102891921997,0.9866415868883264,0.3345775554566512
d6e4227c4ef11c0a32b3c53f,pos_4gram,NOUN>SCONJ>VERB>ADP,-0.6166423189953744,1.0,-0.5956969670480002,0.8432248248210565,5,2,0.17716456949710846,0.959922602972177,0.3345453634801382
e5ad745d42ea1b05729a64bd,pos_4gram,NOUN>ADV>ADJ>NOUN,-0.6637711758985936,1.0,-0.6627329682860578,0.9894655357338499,5,2,0.1321735680103302,0.959922602972177,0.3336429628843758
5bcd78829bde38d75f54219d,dependency_treelet,VERB>ccomp>ADJ,-0.752922719359518,1.0,-0.8957935450552625,1.2581076197547922,10,8,0.09538092464208603,0.959922602972177,0.33343083951033203
5283bc157ae846596d29d106,pos_2gram,VERB>NUM,0.46543712999140546,1.0,0.42790338302855496,0.396110518840347,10,10,0.28554287552833557,0.9866415868883264,0.33338129303546266
bdad23037866ba5095cf6484,dependency_treelet,VERB>cop>AUX,0.4769193119984604,1.0,0.44523005638861146,0.43289358869902295,4,7,0.2919416129589081,0.9866415868883264,0.33283651749148596
279115091844d3733a215d51,pos_4gram,PRON>SCONJ>VERB>VERB,-0.6832717193589563,1.0,-0.7432149217079538,1.0556712033813296,4,2,0.10777844488620758,0.959922602972177,0.3323837577892112
2bc02a9f1cb530928ab52953,pos_4gram,NOUN>ADV>ADJ>SCONJ,0.40674832192142124,1.0,0.24651807613530194,0.2250447802797712,6,7,0.38172364234924316,0.9866415868883264,0.33202730909847195
2e523943c9b3573c481ba628,pos_2gram,PROPN>SCONJ,-0.5130062218413154,1.0,-0.5137818254021089,0.5460739286368157,4,4,0.2863427400588989,0.9866415868883264,0.3318122195447902
2e9ae2c2c200135d46235e78,punctuation_run,！,-0.4648021689283662,1.0,-0.43396733444572705,0.40080224574515,2,2,0.4941011667251587,0.9887535956345106,0.3318114104543835
38892b14006d93dc9af7f9b9,pos_4gram,PRON>ADP>NOUN>VERB,0.43541202052009675,1.0,0.42328796033280486,0.31270084202046144,2,4,0.3361327648162842,0.9866415868883264,0.33169173552896214
e498c2406201628dfbf4bef7,dependency_treelet,NOUN>det>PRON,0.49108130205543166,1.0,0.2860140224889471,0.4808626363118988,6,8,0.27874425053596497,0.9866415868883264,0.33161840268890425
be3081c829d51158dd7e7c40,dependency_treelet,NOUN>nmod>X,-0.7103665838092742,1.0,-0.6028869098583957,1.1447462601816991,10,10,0.10537892580032349,0.959922602972177,0.3312124128609476
b08db7711532ca879bf16025,pos_4gram,VERB>VERB>X>X,-0.6431000278393229,1.0,-0.5878899948360671,0.942533525283632,5,6,0.15276944637298584,0.959922602972177,0.3310625116472175
1903bb285462d7d21f09e7c0,pos_4gram,NOUN>PART>NOUN>NUM,-0.5283091133061677,1.0,-0.6060138980657198,0.5959844209748353,3,2,0.26154768466949463,0.9866415868883264,0.3310239789079356
5e36d8790b5d550cec50e848,pos_4gram,AUX>NOUN>NUM>NOUN,-0.41852660907429945,1.0,-0.42539607093949794,0.26650805303053876,2,3,0.4685063064098358,0.9866415868883264,0.3304571242739723
f307bb12c430fa8f16ae05fa,pos_4gram,VERB>VERB>ADJ>NOUN,0.6764541237131503,1.0,0.8566094260797956,1.0472316901423102,6,9,0.13297340273857117,0.959922602972177,0.330423824020684
37bc1c1772f9c03776be5f9c,pos_4gram,AUX>VERB>PART>VERB,0.5866370986400268,1.0,0.6558086069539711,0.7763713508796853,1,3,0.339132159948349,0.9866415868883264,0.3302446295080786
5f14dd25058811b1bbb7b5ba,function_word,按,0.5755208104653095,1.0,0.6284342820221822,0.744225471270154,1,5,0.21215756237506866,0.959922602972177,0.3299578064561872
c5c0e6f9874904fb2f9e87ea,pos_4gram,VERB>VERB>VERB>DET,0.6516896813803732,1.0,0.6659964764832108,0.9767828349573492,0,4,0.08978204429149628,0.959922602972177,0.32967186372519974
ee16dafeb8ebdb80d353e51a,pos_4gram,ADP>X>X>X,0.34421272052306046,1.0,0.4410492897613884,0.04432197917433905,3,6,0.4345130920410156,0.9866415868883264,0.3296040180971788
f929630ee8b227a9dbc0d4c3,pos_3gram,VERB>ADJ>NOUN,0.719414167591782,1.0,0.8574440491045919,1.1827566435707972,10,10,0.10717856138944626,0.959922602972177,0.32958972760925104
3c851dfb4e2e38dfa9106b8b,dependency_treelet,ADJ>cop>AUX,-0.8260443688707196,1.0,-0.8580348467123409,1.5065629508293321,7,6,0.07178564369678497,0.959922602972177,0.3295526125116511
0ac64d45a8db92418906bf48,pos_4gram,VERB>VERB>VERB>PART,-0.4569870558544947,1.0,-0.47807949345382017,0.38732321721859614,6,6,0.2945410907268524,0.9866415868883264,0.3294020096994374
bd153452a22445e8143c2a73,pos_4gram,X>CCONJ>X>X,-0.784666554829906,1.0,-0.7203849953945317,1.3850092280076862,6,4,0.08998200297355652,0.959922602972177,0.32899937896063236
100cb6b69166cbbc2ef23605,pos_4gram,NOUN>SCONJ>NOUN>SCONJ,-0.35210134120659153,1.0,-0.36608024658346455,0.07034991834259674,3,4,0.45590880513191223,0.9866415868883264,0.3289590956869594
77672c385b3811e1e4d201af,dependency_treelet,AUX>punct>PUNCT,0.5349992598992526,1.0,0.3513776300822391,0.6287957485272366,3,5,0.2341531664133072,0.9828528711087978,0.32846307487172716
dc081ded52c92f2ed669f17d,pos_4gram,VERB>VERB>SCONJ>NOUN,0.5640659017156707,1.0,0.5734141537267583,0.7174176540023494,7,10,0.20615877211093903,0.959922602972177,0.3284383972653044
e977f7620d2a88c74505b2a3,pos_4gram,NOUN>VERB>PRON>PART,0.44231034163964744,1.0,0.41633916503750695,0.3468541758933569,1,4,0.4661067724227905,0.9866415868883264,0.3284025468802269
7bef7d9a193b6c2769de5bfe,pos_4gram,ADP>DET>NOUN>ADP,0.6726802873545786,1.0,0.65324913883404,1.0494305757721722,1,5,0.09838031977415085,0.959922602972177,0.3282278967176676
befec8aac486c5011cfcb412,pos_4gram,ADP>NUM>NOUN>ADJ,0.34939282882831046,1.0,0.3395229253543755,0.06550157643678732,1,3,0.44971004128456116,0.9866415868883264,0.32791394828033726
e8bbd0dfd4491fc66f359bda,pos_4gram,PART>NOUN>CCONJ>VERB,-0.4635635319702903,1.0,-0.47241289482245097,0.41460439300390456,2,2,0.46810638904571533,0.9866415868883264,0.3276983545808986
2382db18edc944851875e64a,pos_4gram,NOUN>X>NOUN>VERB,-0.440136149194509,1.0,-0.3827388555006225,0.3431510814644415,6,5,0.3119376003742218,0.9866415868883264,0.32768923412147144
182ffe454b2b872b80f5c264,pos_4gram,VERB>NOUN>NOUN>NUM,0.46464122313487266,1.0,0.4999608062782058,0.4179799157144588,1,5,0.2551489770412445,0.9866415868883264,0.3276782823124543
476f56d992feba7fb949991a,pos_4gram,ADP>VERB>DET>NOUN,0.5395398564987187,1.0,0.5380764717077225,0.6468238622134608,3,5,0.2181563675403595,0.959922602972177,0.3276245073189155
3dec82973d7b7de1b5e19c63,pos_3gram,PART>X>AUX,-0.716570320470423,1.0,-0.6819601337739558,1.188743203243621,4,2,0.13097380101680756,0.959922602972177,0.32738894147495123
63b21bbe6dc14458ff86f48a,pos_4gram,PRON>ADP>DET>NOUN,0.44940433389641943,1.0,0.27286041004600836,0.3728421610124023,2,3,0.3395320773124695,0.9866415868883264,0.3273532432636001
adb7c11c1e1d93d455563374,pos_4gram,NOUN>X>X>VERB,0.6134624039817967,1.0,0.6962765844047722,0.8752995852179551,3,7,0.19256149232387543,0.959922602972177,0.327127680727609
38c3462d58b602cbe6cdf6ef,dependency_path,obl>conj,-0.46407996840073823,1.0,-0.4169592662331534,0.41973708646372493,10,9,0.33313336968421936,0.9866415868883264,0.32687740062962406
97f42983e064e48758561d72,pos_3gram,ADJ>VERB>X,-0.561896532061751,1.0,-0.5259791534755237,0.7192287857052154,3,2,0.2623475193977356,0.9866415868883264,0.32683057469356247
5328fac05468a0c2645b2d4c,pos_4gram,ADP>VERB>PART>PART,-0.6095960007468674,1.0,-0.5803442955074437,0.8660465806741832,3,1,0.20435912907123566,0.959922602972177,0.3266778048630633
78379a4c719b0500c06047f5,dependency_treelet,ADJ>case>ADP,-0.6851749209067631,1.0,-0.6791295522970975,1.1006680217571523,7,6,0.14217156171798706,0.959922602972177,0.32617001535237
960bbdb040221d9955d4ab1f,pos_4gram,VERB>X>X>ADP,0.5556152679127749,1.0,0.5729866149131789,0.7046646000268146,1,4,0.2619476020336151,0.9866415868883264,0.32593817452655205
c76a49d5cec5f6378e4c4468,dependency_path,appos>nsubj,-0.3707430162317437,1.0,-0.35757740089444506,0.13822920786039192,3,3,0.48810237646102905,0.9866415868883264,0.32571912025404354
23aa0e977af93fbf4e99decb,pos_4gram,NOUN>ADP>NOUN>PART,-0.4399432471641111,1.0,-0.415482790247687,0.3526252975967367,4,5,0.3499300181865692,0.9866415868883264,0.3252513818466768
09bd2e7f587dbc52bcdc1df8,pos_3gram,DET>NOUN>ADJ,0.6525420722040203,1.0,0.541425688686191,1.006435639233354,2,5,0.15216957032680511,0.959922602972177,0.3252245222544753
886439a833ab6f5e73bb5e2b,pos_4gram,VERB>PART>NOUN>VERB,0.3584317837174993,1.0,0.41652093098793685,0.10267939955221689,6,9,0.4377124607563019,0.9866415868883264,0.3250553006277741
27347818fe34472f29ffba86,pos_4gram,VERB>PRON>VERB>SCONJ,0.39140057057291155,1.0,0.12194845728681789,0.20466310770270393,2,4,0.47050589323043823,0.9866415868883264,0.3249045879053386
3b2d3ddd4bbfba648ce056a4,pos_4gram,SCONJ>NOUN>NOUN>SCONJ,0.3705340713072545,1.0,0.34744343636880265,0.14056778112689292,3,6,0.3999200165271759,0.9866415868883264,0.32486808538565154
10f7b5def67d87c1553c50c7,pos_3gram,X>X>ADJ,0.4381714305960574,1.0,0.5278367913387703,0.3492166674175084,4,9,0.3483303189277649,0.9866415868883264,0.3247598708032173
9e2bc08d65f86e1ecba65b41,pos_3gram,PRON>SCONJ>AUX,0.41198636667550004,1.0,0.1886948686719251,0.26958903946659474,2,3,0.39972004294395447,0.9866415868883264,0.32450372039175135
118c78a59408a6d13d09d3ed,function_word,超,-0.4222430502829842,1.0,-0.38039692472595704,0.3013380251593046,3,3,0.37772443890571594,0.9866415868883264,0.32446838724419425
771f4b344bd2332898241d3e,pos_4gram,PART>NOUN>VERB>VERB,-0.5472240182833746,1.0,-0.5054786085372441,0.6874591047891948,8,8,0.21115776896476746,0.959922602972177,0.3242887586017893
1af2a00b24067c15f538d6aa,pos_2gram,SCONJ>ADJ,0.721816304418746,1.0,0.6628724770247896,1.2264605178669756,7,9,0.10857828706502914,0.959922602972177,0.32419901391751177
8efec0ce66d79e0b899193dc,pos_4gram,PART>NOUN>ADV>ADP,0.6020450263938273,1.0,0.6778941652249363,0.8590564103689036,1,4,0.19816036522388458,0.959922602972177,0.32384441001139924
a24c4ad5da437019639dbc45,pos_4gram,NUM>NOUN>AUX>VERB,0.4975793973000985,1.0,0.5581383938676177,0.5373975514557692,3,6,0.2867426574230194,0.9866415868883264,0.32365044215722744
75d550a88708867caec10532,pos_4gram,VERB>X>CCONJ>X,-0.43923829823529464,1.0,-0.40776559149676417,0.3588645827710704,2,2,0.47930413484573364,0.9866415868883264,0.3232391982279618
80e7c5c32f91a93baeb664c1,pos_4gram,VERB>X>NUM>NOUN,-0.7110679072246534,1.0,-0.694166537574419,1.201736538237056,5,3,0.07878424227237701,0.959922602972177,0.3229577630546159
ddfa908c9a64406c15eb194a,pos_4gram,VERB>AUX>ADJ>PART,-0.4086872804596099,1.0,-0.3903421244224223,0.2658200361102909,4,3,0.35792842507362366,0.9866415868883264,0.3228636526527543
0eddb8cd3fd9c35a318fff84,dependency_treelet,NOUN>advcl>VERB,0.47591474769631,1.0,0.4318988717618109,0.4748747631789447,2,5,0.30253949761390686,0.9866415868883264,0.3226814639302143
be639cda57a600a4af670103,dependency_treelet,ADJ>nmod>X,-0.6139165948615315,1.0,-0.5824236393419687,0.9030699434947745,3,2,0.2727454602718353,0.9866415868883264,0.32259276489551536
654f59d19344f79c54f4f9ea,pos_3gram,VERB>X>CCONJ,-0.4133621772492794,1.0,-0.3941156836920425,0.2818592429099011,3,3,0.3877224624156952,0.9866415868883264,0.3224708013267676
50a1d75d07a763ac1e2896a3,pos_3gram,VERB>X>ADJ,-0.5925458438208591,1.0,-0.624509324899482,0.8376007790911445,4,3,0.20175965130329132,0.959922602972177,0.3224562432510097
74b6d9594841e51f8432fcc4,function_word,此,-0.773099531554321,1.0,-0.6882735275846621,1.3990355917071473,9,7,0.08198360353708267,0.959922602972177,0.32225429844672937
cc165357d54fcfcdfdb1d853,function_word,可,0.5914976503296995,1.0,0.7357599270414149,0.8387765749474223,9,10,0.18156369030475616,0.959922602972177,0.321680000924861
c005f9210d189ca07337c95f,pos_4gram,AUX>ADV>VERB>DET,0.3978918050629682,1.0,0.29164617351190164,0.23821305149153957,1,3,0.46670666337013245,0.9866415868883264,0.32134357216124604
b85d9f6bb5a2cbdb8db5dd8d,pos_4gram,ADP>NOUN>VERB>AUX,0.619727394028887,1.0,0.6262347469344995,0.929638170860297,2,5,0.1889622062444687,0.959922602972177,0.3211624870338214
aac43afc2087d9cebb0fc25b,pos_3gram,X>PRON>PART,0.42519121714750135,1.0,0.18023150084120276,0.32568967068505933,1,3,0.45890820026397705,0.9866415868883264,0.3207320887759356
b9b9d8899f8c97248adaf455,pos_2gram,PROPN>AUX,-0.4865656744089688,1.0,-0.4916948225619883,0.5171169349215294,3,2,0.3265346884727478,0.9866415868883264,0.3207173179660905
0431f689a49e4d708ce5ae08,pos_4gram,NOUN>VERB>PART>SCONJ,-0.6508342138235933,1.0,-0.7016820786636522,1.029457554234288,5,4,0.14537093043327332,0.959922602972177,0.3206936811591274
9125545e80b2b2b60ab55d90,pos_3gram,PART>X>X,-0.4467163527932188,1.0,-0.44880943930571876,0.39396003791474987,7,8,0.37732452154159546,0.9866415868883264,0.32046568096849454
1847c790f09f8d05a2bfd91d,pos_3gram,PROPN>VERB>AUX,-0.6398802324830919,1.0,-0.6500489178853913,0.9968470367755672,4,3,0.10577884316444397,0.959922602972177,0.3204452923526612
8d528fc46ce5a8072bf4ed02,pos_4gram,ADV>ADJ>PART>SCONJ,-0.5898160308057653,1.0,-0.7148790697622842,0.8406306635038124,3,2,0.22175565361976624,0.959922602972177,0.32044235842675545
82eee21da9b1e24befa6f40e,pos_3gram,DET>NOUN>NUM,-0.36203371808919116,1.0,-0.3278029007870897,0.130565623674271,2,2,0.4645071029663086,0.9866415868883264,0.3202235328123662
5de670ee1d442994793dc058,pos_3gram,ADP>VERB>CCONJ,0.6407850371133897,1.0,0.6684259300899998,1.0026332805236087,0,4,0.09258148074150085,0.959922602972177,0.3199712315506162
05f4a93ab47d33d9d78df33c,pos_4gram,PART>NOUN>ADV>AUX,-0.4537842677001487,1.0,-0.44034666941413614,0.4183173097167355,3,4,0.34473106265068054,0.9866415868883264,0.31994551895497764
6aecfebff8496669e3f6f97b,pos_4gram,PART>NUM>NOUN>VERB,0.5794420171236576,1.0,0.6007518325728652,0.8115067825620604,1,5,0.20915816724300385,0.959922602972177,0.31986742898314624
14fba956d2d6bad302c3236e,pos_2gram,VERB>X,-0.7150312211382867,1.0,-0.6645250778685665,1.2391210178900927,10,10,0.09358128160238266,0.959922602972177,0.3193356747694036
6ec4b6f84df97770192297ca,pos_4gram,ADP>VERB>ADV>ADJ,0.34016554076459793,1.0,0.3980656950287172,0.06525837671411501,2,2,0.47790440917015076,0.9866415868883264,0.31932679263585706
e6c9b7bf921f4a7a95574f68,function_word,中,0.6580198448322252,1.0,0.8205857903313529,1.0652289336892733,9,10,0.13777244091033936,0.959922602972177,0.3186183546522152
ff72454d6cfa312c1f2516e7,pos_4gram,AUX>ADV>ADJ>PART,-0.6374793838448155,1.0,-0.6354485379640933,1.0011468607309106,3,2,0.21055789291858673,0.959922602972177,0.3185570216530628
3712ba716b5c12131027c78f,pos_4gram,NUM>NOUN>NOUN>DET,-0.6304045209429257,1.0,-0.6319279011519162,0.9790023641595418,3,2,0.2055588811635971,0.959922602972177,0.31854662347038215
8ee372597e3fa1cb81be3621,pos_2gram,CCONJ>NUM,0.37363215794484544,1.0,0.42226260458684545,0.1748747321580726,5,7,0.48370325565338135,0.9866415868883264,0.3180187195434342
7ce9825e9719d5abcd4946f1,pos_4gram,ADJ>SCONJ>X>NOUN,0.4084609196926478,1.0,0.47165146661838464,0.2870652441781872,3,7,0.38752248883247375,0.9866415868883264,0.31735836356412295
50f3f2495167c93c9eec822c,pos_3gram,PART>VERB>NOUN,-0.37402831129653846,1.0,-0.2965750711747458,0.17916304501443275,10,8,0.45950809121131897,0.9866415868883264,0.3171981286879292
f095df709df65a21666bbc3d,function_word,化,0.37320433577012624,1.0,0.4879787193394786,0.17675037584029124,8,10,0.3925215005874634,0.9866415868883264,0.317148261375
84ff5d7870b92fab079a3452,pos_4gram,DET>NOUN>NUM>NOUN,-0.360153633210951,1.0,-0.3258779461816614,0.1359201467690066,2,2,0.4645071029663086,0.9866415868883264,0.31705893608399
f9b4e3e7b47b1766e6c4968c,pos_4gram,VERB>SCONJ>NOUN>SCONJ,-0.4763083708113139,1.0,-0.5379715030582717,0.5026208868588782,5,5,0.30193960666656494,0.9866415868883264,0.316985059223423
57052b3e02c312c0d5790e71,pos_4gram,ADV>VERB>VERB>DET,0.3347865404478989,1.0,0.023399141699844715,0.05691272751538252,1,3,0.601479709148407,0.9895152645881432,0.316758926004159
18e89ae72d36ca166aa25877,pos_2gram,ADV>NOUN,0.46011903539441007,1.0,0.44628453349672287,0.4533079384310955,6,8,0.3143371343612671,0.9866415868883264,0.3166011987047474
db3c76dc35c9209eea3253ad,pos_3gram,VERB>SCONJ>VERB,0.3965331536538203,1.0,0.3420019670396235,0.2526279970161695,9,9,0.35832834243774414,0.9866415868883264,0.31656098586203135
1a04c46a27b5edec418a25f4,pos_3gram,SCONJ>VERB>ADP,-0.5582311841290309,1.0,-0.6031272298642443,0.7674577387679083,8,7,0.21215756237506866,0.959922602972177,0.31583849044004464
fa0e5647d1c1ecf195b9d11e,function_word,虽然,-0.6147131962824475,1.0,-0.6309326416618312,0.9482174139457566,6,2,0.07158568501472473,0.959922602972177,0.315525973580874
5780b7fb9307e9cee2f8a152,pos_4gram,NOUN>ADP>VERB>ADJ,-0.5161879894469856,1.0,-0.5167794777548569,0.6363960929198641,5,5,0.2463507205247879,0.9866415868883264,0.3154419591200184
57caf0cc7c5e60bc3f68dcec,pos_4gram,VERB>PART>AUX>VERB,-0.4411906017180225,1.0,-0.41193607024221746,0.3990734189684788,5,5,0.38792240619659424,0.9866415868883264,0.31534485305517945
ea2e2ac32085fd84ea2fcbda,pos_4gram,CCONJ>NUM>NOUN>NOUN,0.40872795809683404,1.0,0.46441922564068866,0.29777147156711475,4,5,0.4533093273639679,0.9866415868883264,0.3149460186571042
48c74c1707e6a98d718a1af5,pos_3gram,NUM>VERB>NOUN,0.554551519796584,1.0,0.6204996731177215,0.7617994602289084,1,4,0.2715456783771515,0.9866415868883264,0.3147642693252567
6f8cc8a008b45bb4f29d6d15,pos_3gram,ADP>NOUN>NOUN,-0.593782085589862,1.0,-0.48479927278406726,0.8873208929420776,10,9,0.18776243925094604,0.959922602972177,0.31461638972492706
91448db8f2ae0d0388e10ca4,pos_4gram,NOUN>VERB>PART>ADV,0.5105013620802179,1.0,0.5405075915449725,0.6237432897256786,2,5,0.2895420789718628,0.9866415868883264,0.3143978271137083
3501821fbbc9a8d0e1aa8bbe,pos_4gram,NOUN>AUX>VERB>PRON,0.5116876838186756,1.0,0.38249649871006713,0.6279023833210438,2,5,0.2613477408885956,0.9866415868883264,0.31432332126376894
5a13ac56c0bcef9097fa2d30,pos_4gram,VERB>NOUN>NOUN>X,0.6049710191147162,1.0,0.6880356864935008,0.9255938262430314,2,4,0.19796040654182434,0.959922602972177,0.3141737425981766
5bf99771e4266a4c1f3a70dd,dependency_path,ccomp>acl,0.46570470435553224,1.0,0.3298831509144919,0.48335222481021345,3,5,0.23995201289653778,0.9866415868883264,0.31395422918863153
3f575ac806deb93bac7e1556,pos_2gram,PART>X,-0.6490825460674221,1.0,-0.6161872084086925,1.0681212281636026,10,10,0.16776645183563232,0.959922602972177,0.3138513048598113
800f2960138c6e8f1b690481,function_word,内,0.5545844620494489,1.0,0.5901739379045003,0.7677144424586936,2,6,0.20695860683918,0.959922602972177,0.31372966624523574
627190c8f56583f1e28aa7f8,pos_3gram,NOUN>SCONJ>PART,0.4831460189107026,1.0,0.5372037880710622,0.5403174791181725,2,4,0.3727254569530487,0.9866415868883264,0.3136665171048389
805592af8aaccc77ec203934,pos_4gram,NOUN>PART>NOUN>X,0.6284168820882958,1.0,0.777827208500376,1.004024706912856,6,10,0.15556888282299042,0.959922602972177,0.3135774124543377
f75385b091ef43a6faa39d77,pos_4gram,VERB>X>X>NOUN,-0.6740625472994166,1.0,-0.6142229037117555,1.15045963911201,7,6,0.1301739662885666,0.959922602972177,0.3134504526566039
3da896babde93ffedeb7920f,pos_4gram,ADP>NOUN>ADP>NOUN,-0.3439866285975608,0.95,-0.3615416073199119,0.04426798759155711,3,3,0.5940811634063721,0.9895152645881432,0.3129343243790966
7029be5c0f128874d4863e14,pos_2gram,PRON>NUM,0.6019155608491,1.0,0.42030359677089346,0.9259182079624546,1,3,0.20775844156742096,0.959922602972177,0.3125343321230152
862f773356929295ae02bcc9,pos_4gram,NOUN>NOUN>X>ADP,0.4161503042917508,1.0,0.4910639874189732,0.3318908291070758,1,5,0.3727254569530487,0.9866415868883264,0.312450761877192
0b275927a6958e2f97af78cf,pos_4gram,VERB>NOUN>SCONJ>X,0.37586855921537826,1.0,0.4326809258026583,0.2031572924424172,1,3,0.45010998845100403,0.9866415868883264,0.3124018460232765
1bac216000de0ba6bb8addea,pos_2gram,PROPN>NUM,-0.5509750504708113,1.0,-0.6734004793936289,0.7649356947931406,4,3,0.18816237151622772,0.959922602972177,0.3121785411764752
e5cc994aa9ac23cacfcd2afb,pos_4gram,NOUN>VERB>ADP>X,-0.33618445732588104,1.0,-0.3081009899374512,0.07698051200992544,4,4,0.4457108676433563,0.9866415868883264,0.31215463379042346
26569fb06b5401c6ec42d7ec,pos_4gram,NOUN>NOUN>VERB>AUX,-0.42238564890825203,1.0,-0.38654940058611714,0.3558286285108884,7,8,0.3483303189277649,0.9866415868883264,0.31153321299326725
f94d36fa786d331f563a13b1,function_word,哪些,0.39624127890835,1.0,0.3879771008683245,0.272395099407228,2,4,0.39772045612335205,0.9866415868883264,0.31141371032704174
600733f5d14da0b78e8e7054,pos_4gram,ADP>NUM>NOUN>NUM,-0.5317679483889831,1.0,-0.525518761754525,0.7103754579723216,3,2,0.35392922163009644,0.9866415868883264,0.31090714375626205
3e01a6327dd3859c6ca27bc8,pos_4gram,NOUN>NOUN>PART>PART,-0.4789214167496993,1.0,-0.43567136273231677,0.5406072400144695,5,5,0.3115376830101013,0.9866415868883264,0.31086535510841895
4b68c3f2ae7e7fc9cda7a7a4,pos_4gram,NOUN>NOUN>PART>ADJ,-0.3180891163945027,1.0,-0.2384297365341088,0.024472467224361635,8,5,0.4853029251098633,0.9866415868883264,0.310490644278916
caaca35b6a48b9f109f957a9,pos_3gram,SCONJ>ADV>ADV,0.7470136901532793,1.0,0.6542375923227586,1.4060163614598784,2,5,0.11137772351503372,0.959922602972177,0.3104773941354331
66b77bcafd200b7992438811,pos_4gram,X>NOUN>ADP>X,0.6275091090961117,1.0,0.6793758846567209,1.022767904215214,2,6,0.18456308543682098,0.959922602972177,0.3102229908772309
ce422328b9b5f23f8492634d,dependency_treelet,PROPN>case>PART,-0.6331102411737661,1.0,-0.6231990089051138,1.043322609609472,5,4,0.1695660799741745,0.959922602972177,0.30984350596246213
ebeb71095b12cde6af31afec,pos_4gram,PART>X>X>X,0.6589454260414803,1.0,0.6986969745656275,1.126816252520161,1,4,0.14977005124092102,0.959922602972177,0.3098271537377364
e3a0d72c9ce23878f207096c,pos_4gram,VERB>NOUN>NUM>NOUN,0.3592761678076089,1.0,0.4038057133032056,0.16073663203601374,2,4,0.35692861676216125,0.9866415868883264,0.30952427785225767
ac7e3ddd7c72daac5a51d553,pos_4gram,VERB>SCONJ>DET>NOUN,-0.49301255763314517,1.0,-0.5205978034049681,0.59297894298729,2,3,0.4729054272174835,0.9866415868883264,0.30949094449962156
15041e83118f78392ba2d0f5,pos_4gram,VERB>CCONJ>VERB>X,-0.5898461120187634,1.0,-0.5693865353140268,0.9084509490015978,3,1,0.203159362077713,0.959922602972177,0.309070616841025
c46525be2b8c306133d89681,pos_4gram,X>NOUN>NOUN>CCONJ,0.6208654514134153,1.0,0.6764845605553501,1.009143526537024,2,6,0.17376524209976196,0.959922602972177,0.3090199596061432
60bb548e6217e2db6d904332,pos_4gram,VERB>VERB>NUM>X,-0.6033516616891501,1.0,-0.619506782016445,0.9565798053814503,3,2,0.22095580399036407,0.959922602972177,0.3083705862800327
afdacc87ab74276d3bc37638,pos_4gram,VERB>PROPN>NOUN>VERB,-0.5801941199644007,1.0,-0.5728254445880957,0.8822916841377512,3,2,0.3317336440086365,0.9866415868883264,0.3082381571643497
46398731a27fb410abd1d3db,pos_4gram,DET>NOUN>PART>ADJ,0.6134423278907614,1.0,0.6812538693110683,0.9904142459887814,1,4,0.2045590877532959,0.959922602972177,0.3081983205893006
074dc606632a470f124c910b,pos_3gram,PROPN>VERB>SCONJ,-0.4215155989325989,1.0,-0.5865068493866572,0.36793503220842855,3,2,0.38212355971336365,0.9866415868883264,0.30814007171970265
b048b5e08c5bd970ed9be664,function_word,全,-0.4358953955050299,1.0,-0.40018582120457113,0.4159799971506986,3,3,0.3757248520851135,0.9866415868883264,0.30784007993203233
9ec8ee47270259b9b8559726,pos_3gram,PRON>ADP>VERB,0.46951519731441244,1.0,0.43210078261392876,0.5269816458395622,1,5,0.3609278202056885,0.9866415868883264,0.3074792670846181
52b59ba1d90177928b8c27c8,pos_4gram,X>CCONJ>X>NOUN,-0.4852128388788781,1.0,-0.46217607464979993,0.5786361199366669,4,3,0.33493301272392273,0.9866415868883264,0.30736205307296804
794ebae55c98b4054ce4611f,function_word,才能,-0.5502689160846118,1.0,-0.5393797153938275,0.7915690807605361,2,3,0.46810638904571533,0.9866415868883264,0.30714356593551956
e46b04613592bc3528cd5084,pos_2gram,X>PRON,0.5049276428131291,1.0,0.26650234130985656,0.6440985540608143,3,7,0.29334133863449097,0.9866415868883264,0.3071151918271513
c73bdf2394011baaa8554121,pos_4gram,X>NOUN>PART>NOUN,-0.6604824854022907,1.0,-0.5994519135684524,1.1507092004617907,8,8,0.1477704495191574,0.959922602972177,0.3070998558338221
192cfa088580a7e50bcb7800,pos_3gram,ADV>VERB>PROPN,0.56914299424409,1.0,0.5623290588372531,0.854164990880595,1,4,0.1943611204624176,0.959922602972177,0.3069538024088072
1b6f4f01d79ca9851a4a4a56,dependency_path,xcomp>acl,-0.5370549552605173,1.0,-0.5325678260313479,0.7501340312978262,2,2,0.4773045480251312,0.9866415868883264,0.3068650432802908
b83d35db8b3f9fd633ab054c,dependency_treelet,PRON>nsubj>NOUN,0.38270727161007917,1.0,0.24293860649355467,0.24865672286438828,1,4,0.44151169061660767,0.9866415868883264,0.3064951836659782
5ac5158e55a908c5a8ffba0d,pos_4gram,X>NOUN>ADP>NOUN,-0.3640245162917193,0.95,-0.33987495704803494,0.1288436754053591,2,3,0.7456508874893188,1.0,0.30635179875809715
922cd71a8ed338f55dfd1747,pos_3gram,PRON>VERB>AUX,0.4505103686834586,1.0,0.24080880134360638,0.47087526206287034,7,7,0.3139372169971466,0.9866415868883264,0.30628727010584683
1c396bcd6ac37cdbf00b859e,pos_4gram,SCONJ>NOUN>VERB>SCONJ,-0.5961377477171836,1.0,-0.6131919828865136,0.9464935689678268,3,2,0.21635672450065613,0.959922602972177,0.3062623772414
7869a40a88168e60b35a5203,dependency_treelet,PRON>case>PART,0.31877116714581966,1.0,0.13504843863172356,0.041207495870521894,6,8,0.45890820026397705,0.9866415868883264,0.30615527491886213
9141e6d72a3bb1a06a7f747b,pos_4gram,X>VERB>VERB>NOUN,-0.6094964000713319,1.0,-0.5919227234318049,0.9909350916411603,4,3,0.20375925302505493,0.959922602972177,0.3061357462783551
0f78c62083aed6a64952cccf,pos_2gram,PROPN>PART,-0.3349346021431859,1.0,-0.3242585082033919,0.09471001658127752,8,7,0.44251149892807007,0.9866415868883264,0.3059573741630402
945faf374aedb611c32bb882,pos_4gram,NOUN>NOUN>NOUN>NUM,-0.565742185005867,1.0,-0.5252005407573157,0.8506411640660053,6,4,0.18956208229064941,0.959922602972177,0.30570063823874244
22a982cf85fc84dcda976070,pos_4gram,VERB>NOUN>ADJ>SCONJ,0.4601640188543851,1.0,0.4532565744894663,0.5063543519249832,2,4,0.33253347873687744,0.9866415868883264,0.30548191948749476
acc53fb932dbed077ef5166f,dependency_path,parataxis>cop,-0.6572892445624856,1.0,-0.7530061934071792,1.1521505166312715,9,8,0.14397120475769043,0.959922602972177,0.3054104438714307
ae77db1465de7026f8e0580b,dependency_path,obl>nsubj,-0.3767237792152026,1.0,-0.3787082478366534,0.2345445412537165,3,3,0.4019196033477783,0.9866415868883264,0.30515203512432887
582ae846feb19a07f0dd85b1,dependency_treelet,PART>advmod>ADV,-0.5547464508772667,1.0,-0.6447632768085788,0.8180096134789872,5,4,0.22295540571212769,0.961011276813224,0.30513944852892744
c958f1cb4dbfd71979c849d3,pos_4gram,PART>NOUN>AUX>NOUN,0.31935552790568966,1.0,0.3156866455789518,0.046818635477529916,1,4,0.5176964402198792,0.9895152645881432,0.3050724519821033
6ce0883e997e95f9ad8b3e4c,pos_4gram,ADP>NOUN>NOUN>CCONJ,-0.40191707821577216,1.0,-0.35723194770368316,0.3176022742092849,6,5,0.4019196033477783,0.9866415868883264,0.30503672168975976
b01561546f75711e829c3c8d,pos_4gram,NOUN>NOUN>ADV>VERB,0.45594252691874565,1.0,0.5444482415923148,0.4959731162206615,8,10,0.32333531975746155,0.9866415868883264,0.30477989341854755
793ae3d5e0ccbbcbd7bc1da3,function_word,商,-0.627018716682001,1.0,-0.6077949873938869,1.0576066852670187,3,2,0.34573084115982056,0.9866415868883264,0.304732056506043
98772b6456463762d61d6626,pos_4gram,NOUN>VERB>NOUN>ADP,0.36661169275063604,1.0,0.43832963099747707,0.20326850459844875,6,7,0.4097180664539337,0.9866415868883264,0.30467987099270133
e3f1776883eef52aa176142e,dependency_treelet,PART>amod>ADJ,-0.4152668425756038,1.0,-0.4216817708719893,0.3631069229291586,9,9,0.3551289737224579,0.9866415868883264,0.30464729918856515
9af358c14d692b0bf5768c67,pos_3gram,ADJ>NOUN>NUM,0.3604502496082928,0.95,0.3940921806303752,0.12419296878218544,3,4,0.7928414344787598,1.0,0.3045987180464426
b81959172933bb0fd22c4c6e,pos_3gram,DET>NOUN>SCONJ,0.3923044039191523,1.0,0.22946382850040198,0.28793926196567904,4,7,0.38712257146835327,0.9866415868883264,0.3045985284433439
93aa3e41843277fc1a9377ea,pos_4gram,ADP>VERB>NOUN>ADP,0.4553163526613482,1.0,0.5151528215843811,0.49492229534722443,1,3,0.33453309535980225,0.9866415868883264,0.3045752639307532
57f2aea5eb94cfed2cfd03ba,pos_3gram,PRON>ADV>VERB,0.5946156283107077,1.0,0.41519596307320006,0.9524188753384764,5,6,0.22335532307624817,0.961011276813224,0.30455330862729113
cdd506c0672dc9433d56285a,function_word,且,0.40617160778684464,1.0,0.4802185197435399,0.33606684435482936,3,5,0.38452309370040894,0.9866415868883264,0.3040054541455072
a0c0c9799f8e64d7d2b1ca82,pos_3gram,PART>AUX>ADJ,-0.4873446068798141,1.0,-0.44489390351277447,0.6038263936241313,3,2,0.3055388927459717,0.9866415868883264,0.30386369049493706
67b01cadd9a93a5c9c7be866,pos_4gram,X>X>X>ADP,0.3358889025437146,1.0,0.42223915506649834,0.10649034706451735,3,4,0.45650869607925415,0.9866415868883264,0.30356243363063845
f7f19ce8ecb558c8bcca31ca,pos_4gram,NOUN>PRON>VERB>AUX,0.5382399466165967,1.0,0.3584881352629471,0.7761894105141158,2,5,0.24015197157859802,0.9866415868883264,0.30303071475964033
356c37330acb261591aa7815,pos_3gram,NOUN>PROPN>PROPN,-0.4333718102868886,1.0,-0.3775323254579311,0.4318880911324193,5,4,0.323535293340683,0.9866415868883264,0.3026575980139295
c0bb19f0d6533fc8f9792cc2,pos_3gram,ADV>VERB>NUM,0.3025879240206374,1.0,0.20657955807989908,0.00016861469275853417,6,9,0.48670265078544617,0.9866415868883264,0.3025369118521973
1536f800cdfc673dab8c8ab6,dependency_treelet,AUX>ccomp>VERB,0.6002460519268508,1.0,0.4150242040712356,0.9856671426601045,1,4,0.19456107914447784,0.959922602972177,0.3022893611074863
467ccb82c7f771b8fd68556d,pos_4gram,NOUN>NOUN>VERB>NUM,-0.3723614676035149,1.0,-0.307797461527552,0.23212361615650984,8,8,0.4017196595668793,0.9866415868883264,0.302211127780393
dd4d2f5182991602cb9c1bf3,pos_4gram,ADV>AUX>ADV>VERB,0.4099953753507726,1.0,0.35731452492230326,0.3577628055966007,1,6,0.3893221318721771,0.9866415868883264,0.30196391715902154
d715d74c36eecca1074a6c05,function_word,号,-0.5245250375701127,1.0,-0.5140864999578164,0.7387801343704152,2,2,0.4737052619457245,0.9866415868883264,0.30166265832110795
d737708eb577a3d20156889b,function_word,能够,0.7311520312056374,1.0,0.7992012024901208,1.4250651895101496,3,8,0.10857828706502914,0.959922602972177,0.30149788730146515
10a2258ad31db9edcdbc0663,pos_3gram,NUM>VERB>SCONJ,0.38046827772061276,1.0,0.2952985592979187,0.2641948873696752,1,4,0.43171364068984985,0.9866415868883264,0.30095698180857805
dccf593ee508178764aaf5a7,dependency_path,acl>nsubj,-0.47694257169237664,1.0,-0.47273281676653145,0.5855455131219165,10,10,0.28694260120391846,0.9866415868883264,0.30080661056098196
586d9382680f96769e6eef15,pos_4gram,PRON>VERB>SCONJ>NOUN,0.3954444517348526,1.0,0.08358607471952059,0.31466542956260957,2,3,0.45650869607925415,0.9866415868883264,0.3007947443072397
b626e4353d39a0e707949109,pos_3gram,NOUN>PRON>SCONJ,0.5207400004971123,1.0,0.31104564760707687,0.7326158697542308,2,5,0.2565487027168274,0.9866415868883264,0.30055132795879247
10782027066f5237065396de,pos_3gram,AUX>PROPN>PART,-0.5680682320205309,1.0,-0.5905858337747394,0.8911797259117675,3,2,0.20395921170711517,0.959922602972177,0.30037770828293764
61abbf0256b94f53f8ecd56f,pos_3gram,AUX>PRON>PART,0.5080784979088903,1.0,0.4122283302781019,0.6917635909651539,2,4,0.31793642044067383,0.9866415868883264,0.30032476205439
abd18906621adfa36a1c27b6,punctuation_run,。,-0.5151809571737938,1.0,-0.6235984589917153,0.7154645859551526,10,10,0.24855028092861176,0.9866415868883264,0.30031570537315777
31e25cf62a8b6f9077e712e3,pos_4gram,X>CCONJ>NOUN>NOUN,-0.6002831767196883,1.0,-0.5650552003948901,1.000738138376427,3,2,0.2741451561450958,0.9866415868883264,0.3000308562153018
46c362185356992272235402,pos_4gram,VERB>PRON>ADJ>NOUN,0.538556992891606,1.0,0.5667359479299476,0.795305328958067,1,4,0.2603479325771332,0.9866415868883264,0.299980724283911
50798e0b0065db091352e5cd,pos_4gram,ADV>ADV>VERB>VERB,0.5468068153378458,1.0,0.4940282022847353,0.8231057011849672,2,6,0.2201559692621231,0.959922602972177,0.2999314932658248
3f2f975f60edb856be9f518e,pos_3gram,CCONJ>ADJ>PART,0.4414360271788721,1.0,0.4732348418636984,0.4727717408726054,1,4,0.2741451561450958,0.9866415868883264,0.2997314620643962
b11c98b1a5b840a437c6e048,pos_3gram,CCONJ>X>X,-0.699667486328734,1.0,-0.6632246825107488,1.3346051391755003,7,6,0.12657468020915985,0.959922602972177,0.29969414295722474
2cae9314baaadb810e6bb612,function_word,层,0.5549469429526848,1.0,0.5691778918755753,0.8517883437376792,1,4,0.19936013221740723,0.959922602972177,0.29968162659052655
ff6de98e2ac51b50ee043e67,pos_4gram,VERB>SCONJ>NOUN>PRON,0.3710500709659106,1.0,0.21909547441263394,0.23824638002337226,1,4,0.3703259229660034,0.9866415868883264,0.29965770702185046
7fdef2f0a099143ed10ebcd9,root_pos,PART,0.33309508901793783,1.0,0.3095802833683257,0.11189658329198772,2,4,0.44831034541130066,0.9866415868883264,0.29957380391595817
fe89e3ce71d715479464ac8c,pos_4gram,NOUN>ADP>VERB>DET,0.5728670138947569,1.0,0.5591863381121972,0.9128253122361888,1,5,0.22415517270565033,0.9614770314298928,0.29948736574645524
c683a52f4ff32ffcde370529,pos_4gram,ADJ>SCONJ>ADJ>NOUN,0.6422257284121633,1.0,0.6711619920514814,1.1454037392601553,1,5,0.192361518740654,0.959922602972177,0.29934958938480993
2881b5f319a50a70ede9adaa,pos_4gram,VERB>VERB>PRON>ADV,0.5377028300822777,1.0,0.5128562189689095,0.796568703811334,1,4,0.2527494430541992,0.9866415868883264,0.2992943319905145
29dc06e416433f07e58a2119,pos_4gram,NOUN>NOUN>ADP>NUM,-0.4609431046333909,1.0,-0.5625882266825031,0.5430416382183969,4,3,0.2983403205871582,0.9866415868883264,0.29872369819235595
33d89427cbd7effcedc96ba3,pos_4gram,VERB>NUM>NOUN>NOUN,0.6003331636856258,1.0,0.532335493438024,1.0104604399887702,9,10,0.17176564037799835,0.959922602972177,0.2986048129795477
ddbf9b66fd594ee8d612bbde,pos_4gram,VERB>NOUN>ADJ>VERB,-0.5499090988945662,1.0,-0.5396593058010903,0.8421528582066549,3,3,0.34853029251098633,0.9866415868883264,0.29851436944809534
2f885964c96a93f76c41d70b,pos_3gram,ADP>X>AUX,-0.39235706800220144,1.0,-0.40013227362360576,0.31622660289626675,2,2,0.601479709148407,0.9895152645881432,0.2980923399807043
fb3e8c410e1a79ea4338eabb,pos_3gram,X>PRON>AUX,0.3134351784770472,1.0,0.18265035394005946,0.05232867752213896,2,4,0.47650468349456787,0.9866415868883264,0.297849127532166
e34c2db2fbbb3fc5e62526e6,pos_4gram,ADV>VERB>AUX>ADV,0.40271103326681995,1.0,0.41989867075033005,0.35262737984398407,1,4,0.39432114362716675,0.9866415868883264,0.29772503445351656
33bbcf81ea96c65132e1028b,pos_2gram,ADJ>NOUN,0.621301025145486,1.0,0.834192696272499,1.087770293209743,10,10,0.16796641051769257,0.959922602972177,0.29759070102980356
c9f80c7a2cadbb8562d92cc6,pos_4gram,ADP>DET>PART>NOUN,0.4781561880178136,1.0,0.5581315568769032,0.6070133689169972,2,4,0.34333133697509766,0.9866415868883264,0.2975433790821877
40049519179442a22e00af86,pos_3gram,AUX>ADJ>VERB,-0.36551473746393565,1.0,-0.4317816260055894,0.2287961066109172,3,3,0.466506689786911,0.9866415868883264,0.29745759731616017
a5a9ae97d42e8a2552ddbafa,pos_4gram,PRON>ADV>ADV>VERB,-0.3952796956027313,1.0,-0.846678992700766,0.3307468800048087,4,2,0.4397120475769043,0.9866415868883264,0.29703597396471293
daef2755927a0faec40d94a1,pos_3gram,NUM>VERB>PART,0.46610140544725387,1.0,0.44658487274049313,0.5700631864345999,2,5,0.27374523878097534,0.9866415868883264,0.29686792829383307
0e1c98be535b3a6a3b97f0e3,pos_4gram,NOUN>NOUN>NOUN>AUX,-0.44171016584959416,1.0,-0.4030813462932649,0.4888431913436286,7,6,0.30873826146125793,0.9866415868883264,0.29668011273300465
f3b540624a29118a6e674ed0,dependency_path,conj>ccomp,-0.3995671633401241,1.0,-0.48091787807903386,0.3491007123810655,4,4,0.39672064781188965,0.9866415868883264,0.2961729689067593
faabd3e59245eba44941fc39,dependency_treelet,X>appos>NOUN,0.556563881292493,1.0,0.5857312165151873,0.8796078227587085,5,8,0.22415517270565033,0.9614770314298928,0.29610638695662683
56cc47a0732697fd14127e29,dependency_path,advcl>advmod,0.4448718529422356,1.0,0.46994346453202146,0.5028534719798358,10,10,0.3147370517253876,0.9866415868883264,0.29601811569571607
33281408d3c565840d25ea2a,dependency_path,appos>compound,0.5049063774114236,1.0,0.575659561938082,0.7061503234670833,3,8,0.2605478763580322,0.9866415868883264,0.29593311355203383
42beab5929d909d83a3992d5,function_word,自,-0.43992410340687244,1.0,-0.39630508288287686,0.4873586376576899,5,3,0.39572083950042725,0.9866415868883264,0.29577540498213
ae9f7d60987900fde82092e9,pos_4gram,NOUN>SCONJ>PART>NOUN,0.4628023334691247,1.0,0.5256190605389305,0.5648819084459243,2,3,0.4081183671951294,0.9866415868883264,0.2957426569834468
563c3433581c3302d73ade87,pos_4gram,NOUN>X>X>X,0.4129626489894458,1.0,0.5164553879164113,0.3968872252755938,4,10,0.35252949595451355,0.9866415868883264,0.2956306289564441
4f2e5d2d146c23e29e3e9780,pos_4gram,NOUN>NOUN>ADJ>SCONJ,0.3772880284400176,1.0,0.39385716925188596,0.27623173400926443,5,7,0.3805238902568817,0.9866415868883264,0.2956265844093787
e191eb130a64d8a78af8dbd4,pos_4gram,ADV>VERB>VERB>VERB,0.36967108804624343,1.0,0.45633286719611466,0.2520457810578446,5,8,0.40211957693099976,0.9866415868883264,0.2952536509758541
cc4536cc9f6c7c4dcf781ac3,dependency_path,xcomp>obj,-0.47632157340294157,1.0,-0.4877514089373685,0.6134375347530802,10,10,0.2735452950000763,0.9866415868883264,0.2952215770013294
f5a0be5e81824f61953d4451,pos_4gram,VERB>SCONJ>ADJ>NOUN,0.6086253619107418,1.0,0.5952583411049942,1.0618392725564334,3,6,0.1573685258626938,0.959922602972177,0.295185648082122
4986dc4d1b59ec92b8bddc60,dependency_treelet,PROPN>case>ADP,-0.3879804286226922,1.0,-0.4013326158007032,0.31500529280320927,2,2,0.46910616755485535,0.9866415868883264,0.2950409635201016
4ef8d3df830b655b3eaf2157,pos_4gram,NOUN>CCONJ>NUM>NOUN,0.35924464481306506,0.95,0.41886076587435567,0.1581135348941925,3,6,0.5856828689575195,0.9895152645881432,0.29468821690577346
9ee2a56c9d73e00d8f7a1d77,pos_4gram,PRON>VERB>ADJ>NOUN,0.3930138650225422,1.0,0.39702665020976885,0.3350429696972388,1,3,0.5966806411743164,0.9895152645881432,0.29438293294160406
04af5cb265b532d15199b2bc,pos_3gram,PART>X>NOUN,-0.6373368639068081,1.0,-0.6036219713481851,1.165538688488138,10,10,0.12457508593797684,0.959922602972177,0.29430869431926987
466fba736c91294252651bfd,dependency_path,obl>amod,0.32015658292489824,1.0,0.4152762443048096,0.08832879733150023,9,10,0.4557088613510132,0.9866415868883264,0.2941726651999818
a502c67d5aff5425828f41ac,pos_4gram,NOUN>ADP>X>ADP,0.48103754791299946,1.0,0.4953939957528416,0.6355397101214249,1,3,0.33253347873687744,0.9866415868883264,0.29411548061849657
04ec0c69bbe12d97fdec9780,dependency_path,root>compound,0.33179866307769934,1.0,0.3031817307065328,0.12880014215048846,2,4,0.46630674600601196,0.9866415868883264,0.2939392463625903
ae903378623ec862882086bb,pos_4gram,ADV>VERB>NOUN>PART,0.6532977615583377,1.0,0.6494196259050431,1.2236482361788537,2,6,0.16416716575622559,0.959922602972177,0.29379546230791126
de852b478652e127dcdc67dd,pos_3gram,X>NOUN>X,-0.5839124768632862,1.0,-0.53335020751224,0.9884820193464258,6,4,0.21355728805065155,0.959922602972177,0.2936473506837173
ea663662d7763a12581efe83,pos_3gram,ADP>PRON>PRON,-0.5251857111666748,1.0,-0.6137148351872911,0.7885076117187333,3,2,0.32233554124832153,0.9866415868883264,0.2936446609036111
059b2b0e99ab920a8aa7b53a,pos_3gram,ADP>VERB>DET,0.5836707650050906,1.0,0.5884675764904935,0.990123581564159,3,5,0.20915816724300385,0.959922602972177,0.2932836786680093
9bb9a5c849fa800dc16bc490,function_word,即使,-0.458864548791407,1.0,-0.44776242103880187,0.5655328850185262,3,2,0.46030792593955994,0.9866415868883264,0.29310438201748595
a264cc52c31b5b0ef214037b,pos_4gram,VERB>ADP>ADJ>NOUN,0.5156802747098241,1.0,0.5513923290242383,0.760660330733844,1,3,0.34773045778274536,0.9866415868883264,0.2928902671958812
64bf58c05e9d644c1be93945,pos_4gram,ADJ>SCONJ>X>X,0.3791262730111109,1.0,0.374814891254059,0.29513999433349414,2,5,0.4275144934654236,0.9866415868883264,0.292729955579989
02c9a0b809efcb4952066554,pos_4gram,ADJ>PART>VERB>NOUN,0.6293992089112164,1.0,0.7060003436099851,1.150739940546651,1,3,0.20235952734947205,0.959922602972177,0.2926431025181235
cc43c6b0e60a96f128687f42,function_word,由于,-0.48083089627902753,1.0,-0.46867843092972655,0.6449736488224914,3,2,0.28974205255508423,0.9866415868883264,0.2923030995804808
91c44aee5c187616865330e9,pos_4gram,SCONJ>ADV>VERB>DET,0.3429751857640955,1.0,0.19676726024905017,0.17387229708276003,2,4,0.4659068286418915,0.9866415868883264,0.29217418846704
bd434c0d399fc0c6ce6de583,pos_3gram,X>SCONJ>NOUN,-0.5816725980738954,1.0,-0.5649329398124072,0.9909147366372015,5,5,0.1861627697944641,0.959922602972177,0.2921634901635126
5f5935dacd265676d41ed28d,dependency_path,nsubj>acl,-0.5117015765856506,1.0,-0.48250105673382476,0.7522577832231264,10,10,0.24575084447860718,0.9866415868883264,0.2920241425005514
ec83a6c3e950c4d59de988f3,pos_4gram,VERB>ADJ>PART>NOUN,-0.4038326413595674,1.0,-0.38970700849441264,0.3837438917527086,4,4,0.3619275987148285,0.9866415868883264,0.29184059547902025
0a8095308b25128b13c4bb3e,pos_4gram,X>X>X>CCONJ,0.3984187385239686,1.0,0.4235510964879149,0.3677765135490792,3,5,0.4515096843242645,0.9866415868883264,0.29128935507903964
c29f0d30483baeea8e6761d3,pos_3gram,ADV>VERB>NOUN,0.48867580944795197,1.0,0.4037257080949024,0.6783075068035737,10,10,0.28694260120391846,0.9866415868883264,0.2911717950774475
5f3c0681c4bfdbf4ecd7f767,pos_4gram,NOUN>SCONJ>ADP>VERB,0.3678783406144352,1.0,0.37552724432084716,0.2648292005370623,1,4,0.38312336802482605,0.9866415868883264,0.2908521881517516
24018f6a04201bb62b07dc72,function_word,而,-0.37024934729925646,1.0,-0.42770236764907416,0.2735085460983039,9,8,0.4309138059616089,0.9866415868883264,0.29073173355106513
3af40df1a7f8a54ab10cad18,dependency_treelet,X>punct>PUNCT,0.6550304369255476,1.0,0.7169185528994567,1.2549230173337802,10,10,0.1443711221218109,0.959922602972177,0.2904890463622369
d1c6c7f935303a5caab93998,pos_4gram,SCONJ>AUX>ADV>VERB,0.35852256748321887,1.0,0.21737924650643722,0.23461853161410798,5,5,0.40351930260658264,0.9866415868883264,0.29039137053490993
a4921ab25cf125cf6eb926cb,dependency_path,acl>case,0.32731031016098444,1.0,0.413794117919056,0.12793999628886776,6,9,0.44671064615249634,0.9866415868883264,0.29018415096361166
bfa670e1724c31385096fde2,pos_4gram,NOUN>NOUN>ADV>ADV,0.4972762712909558,1.0,0.43255946476158025,0.7148278571146036,4,5,0.2721455693244934,0.9866415868883264,0.28998611681506076
9f4eb3427ae3e7b3495b1e5e,pos_4gram,NOUN>VERB>VERB>NUM,0.41168454397057036,1.0,0.48381210583350476,0.4227173462708649,5,10,0.3441311717033386,0.9866415868883264,0.28936495717132527
cab76b51640c3f546a12f173,function_word,不过,0.41324984155579575,1.0,0.42193299886036506,0.42924607490580047,2,4,0.4023195207118988,0.9866415868883264,0.2891383428028882
013e597a712176a138face5e,pos_4gram,NOUN>NOUN>ADP>PRON,-0.5803830876304368,1.0,-0.6323387472497828,1.0076801607813344,7,6,0.1889622062444687,0.959922602972177,0.28908144781615386
8e1976755c0275cc6b96ef5d,dependency_treelet,NUM>case>PART,0.40663559595681703,1.0,0.412508524021251,0.4078026493111444,4,5,0.36852627992630005,0.9866415868883264,0.288844175819522
59e0d18b7e1db990fdb4c86f,pos_3gram,X>CCONJ>NOUN,-0.5588993973931758,1.0,-0.512417859066118,0.9349699684941895,5,3,0.23735252022743225,0.9848005373400158,0.28884138074148835
1b70d686af98341d8aa9e7b9,pos_3gram,PART>AUX>ADP,-0.36307637276406873,1.0,-0.32030595508507437,0.25734463808550956,3,2,0.517296552658081,0.9895152645881432,0.2887644021904014
537072bafd68ef113f355e82,punctuation_run,）、,0.3696843459021008,1.0,0.4385240949641506,0.2815593222733786,1,5,0.39972004294395447,0.9866415868883264,0.28846448188314205
90c8ce6fc8c371975726fcf2,dependency_path,parataxis>advmod,-0.5619237011791707,1.0,-0.7017991515046227,0.9489656776022181,9,10,0.2021595686674118,0.959922602972177,0.28831893123459035
78b3a2bd2f5c2edf7f9fc370,pos_3gram,X>NOUN>ADJ,0.4222586202441473,1.0,0.43423308564313245,0.4654933742354994,3,8,0.3527294397354126,0.9866415868883264,0.2881341039596484
52c2620186d31fa2d67bfbe0,dependency_treelet,VERB>mark>PART,0.5384884775593647,1.0,0.640891487304534,0.8706432255122957,4,5,0.2283543199300766,0.9675359335765673,0.2878627363119409
7fcdde798dcd787265809e66,pos_3gram,PART>AUX>NOUN,-0.5352136640503595,1.0,-0.5455037943987066,0.860065159796751,3,3,0.27094581723213196,0.9866415868883264,0.28773920162498084
6471dc387229fad23effb3a8,pos_4gram,NOUN>NOUN>NOUN>ADJ,0.3527002148029723,1.0,0.43457062204072433,0.2262880181625814,5,8,0.4321135878562927,0.9866415868883264,0.2876161306146035
9442fba8ca4365d572a719a7,pos_4gram,NOUN>NOUN>NOUN>ADV,0.531998680699088,1.0,0.6359071898346583,0.8502733129004799,6,9,0.2375524938106537,0.9848005373400158,0.2875243765285299
bba15a2a8343b2c0d981144d,pos_4gram,NOUN>NOUN>PART>DET,0.4088964364462887,1.0,0.44497179133629994,0.4250815445509599,1,4,0.2729454040527344,0.9866415868883264,0.28692844841740694
e4173d6fdf8bf3b2e870a5aa,pos_3gram,ADV>AUX>ADP,0.33808015403995073,1.0,0.1443201867245156,0.17898375636939629,3,6,0.4417116641998291,0.9866415868883264,0.2867555657264071
05c3ce9f8a5f31442e7c400f,pos_4gram,SCONJ>NOUN>NOUN>PRON,0.5217490793088492,1.0,0.4525732091680577,0.8209257349561775,1,4,0.24755048751831055,0.9866415868883264,0.2865295762989508
1d17c27d5abb5ce47a38d3c2,pos_3gram,SCONJ>NOUN>PROPN,-0.6307532810839029,1.0,-0.6256386318053446,1.2036365633933808,3,2,0.21955609321594238,0.959922602972177,0.2862328986376073
ceff51a439aaead8a71f8dfb,pos_4gram,SCONJ>VERB>PART>VERB,0.3040032144975497,1.0,0.21128455532417031,0.06267570289945876,1,3,0.5768846273422241,0.9895152645881432,0.2860733652497105
db846fb41ab4a56c8d588629,pos_3gram,ADP>DET>NUM,-0.57075060052751,1.0,-0.5421182407440627,0.9954048953079834,4,5,0.21595680713653564,0.959922602972177,0.28603247484737515
2b0cc0bd423609cefceb5350,pos_4gram,NOUN>ADV>VERB>DET,0.5614501546654158,1.0,0.6236437602744062,0.9649895292862599,1,4,0.19536092877388,0.959922602972177,0.2857267920757575
76d67e810a34fab4b113c9bb,pos_4gram,VERB>CCONJ>VERB>NOUN,0.41237848830593177,1.0,0.466572998549882,0.44584849503916024,2,6,0.3191361725330353,0.9866415868883264,0.2852155600817378
53c36f042c49922cc5022d2e,pos_3gram,ADJ>VERB>ADJ,0.5894611312999379,1.0,0.6412670407729834,1.068115626943512,2,5,0.19496101140975952,0.959922602972177,0.2850232954194675
1d49de6ca4d112facdd527c8,pos_4gram,DET>NOUN>NOUN>SCONJ,0.3679046960752272,1.0,0.1445079045962411,0.2908072400034793,3,4,0.4005199074745178,0.9866415868883264,0.2850190831546897
03564bf15b7fe192e6937f1e,pos_4gram,AUX>NOUN>VERB>AUX,0.516258080812368,1.0,0.5862555485078014,0.812003009815243,1,3,0.3353329300880432,0.9866415868883264,0.2849101673760504
c4b436b59f578b9efe336696,pos_3gram,VERB>NUM>NUM,0.47674563131442016,1.0,0.5185172958439,0.6735141957866334,4,6,0.3147370517253876,0.9866415868883264,0.28487695683413455
fa4ea1fb05a8b9238284cf09,pos_4gram,ADJ>NOUN>NOUN>PART,-0.31549230261897343,0.95,-0.290947921475499,0.052252864854374984,4,5,0.617076575756073,0.9929708354038833,0.2848342803319464
17545b8b3176df39c56dc5e1,pos_4gram,VERB>NOUN>VERB>NUM,0.565750205889629,1.0,0.5893236200539952,0.9880127502961525,1,4,0.19156168401241302,0.959922602972177,0.2845807733402865
defd866d625bb53eb9949ae5,pos_3gram,CCONJ>DET>NOUN,-0.3686038722148322,1.0,-0.5171301074047745,0.2956867824018619,2,2,0.5904818773269653,0.9895152645881432,0.2844853225495885
080f8c556d6cc5dd0778129a,pos_4gram,ADP>NOUN>PART>NOUN,-0.5468871375200136,1.0,-0.5150377867215529,0.9245973085647314,8,8,0.21955609321594238,0.959922602972177,0.2841566571283708
60a55d71d1ba92ab9b2342d9,pos_3gram,ADV>VERB>CCONJ,0.5725738037584598,1.0,0.6536768194285623,1.0152495903347605,1,4,0.18096379935741425,0.959922602972177,0.2841205409516285
c4a23e4a195351f41f692320,pos_3gram,VERB>PART>VERB,-0.31652599674045895,1.0,-0.2537701015149902,0.11539475683964566,10,8,0.47790440917015076,0.9866415868883264,0.28377934789410547
293123dcc25eb09069319294,root_pos,ADJ,0.3455957435426646,1.0,0.2791907211954852,0.2178390926572672,5,8,0.4221155643463135,0.9866415868883264,0.28377783701177717
1c7f1188154b236af1a7a4dd,pos_3gram,VERB>PART>DET,-0.4274210404952598,1.0,-0.41963194668129655,0.5062091233533748,3,3,0.3927214443683624,0.9866415868883264,0.28377270716808806
fb86425168011a8c27229880,pos_4gram,X>X>NOUN>AUX,0.29722361264602265,1.0,0.2777380784266209,0.04821953109696665,1,3,0.5944811105728149,0.9895152645881432,0.2835509202303994
b28fe0ff6a8346ec290eca23,dependency_path,parataxis>amod,-0.3516760937103181,0.95,-0.3768770124776745,0.17868156896203058,2,3,0.723055362701416,1.0,0.28344575653202947
b3c35f984851ae4b0205081c,pos_3gram,VERB>PART>CCONJ,0.3036523941470743,1.0,0.38857681461032534,0.07156483054593551,4,7,0.48890221118927,0.9866415868883264,0.2833728632101251
f8b56f509f53a82b3bf78814,pos_4gram,SCONJ>VERB>ADV>VERB,0.4675093263985955,1.0,0.4666755388954856,0.6501050179951703,1,4,0.3969206213951111,0.9866415868883264,0.2833209530909771
c259f531f626762d6815c3ae,pos_4gram,NOUN>PART>X>NOUN,-0.5491228680314523,1.0,-0.556730843425664,0.9386547665944251,6,6,0.2235552817583084,0.961011276813224,0.2832494353783678
5c5552a1745a6dbff3ccb481,pos_4gram,NUM>NOUN>ADV>VERB,0.44856538479783287,1.0,0.3424040468931063,0.583956550939109,5,8,0.3123375177383423,0.9866415868883264,0.28319298564842815
3611e06da3f961118677896a,pos_4gram,VERB>PART>PART>NOUN,-0.4152586709621423,1.0,-0.3864004340829631,0.46675076801268484,3,5,0.4149170219898224,0.9866415868883264,0.28311467770682025
2e21a5b8b92968a2840d772c,pos_4gram,NOUN>PROPN>NOUN>VERB,-0.588129915216591,1.0,-0.5962789934904806,1.0781062440280258,3,2,0.21955609321594238,0.959922602972177,0.28301243832298467
b6359625343a8f743a6c7c9b,pos_3gram,NUM>NUM>NOUN,0.41049512352101236,1.0,0.43304241684190853,0.4506534199699359,5,8,0.37292540073394775,0.9866415868883264,0.28297256799595844
15b9f7b5d1ba3fb5d6d785e5,pos_3gram,PART>ADV>NOUN,0.5079701527410064,1.0,0.5255222019815298,0.7965097455539248,1,4,0.271145761013031,0.9866415868883264,0.2827539087935101
65bbd39eb416bcd53657e027,dependency_path,ccomp>nmod,-0.6608575149785891,1.0,-0.7830014148912571,1.3373729484712393,10,8,0.13077384233474731,0.959922602972177,0.28273516017665196
07cdfc0ad51f4b740b9e06dc,pos_4gram,ADP>DET>NUM>NOUN,-0.5664478806255114,1.0,-0.5378952552438186,1.0059742513528223,4,5,0.21595680713653564,0.959922602972177,0.2823804344664449
9188e9ac1dadad5103a4bb27,function_word,路,0.5445544068134717,1.0,0.5688847782442028,0.9342398408171959,0,5,0.030593881383538246,0.959922602972177,0.2815340659012603
960aad8eeeed8c5d899001b3,pos_4gram,VERB>VERB>X>VERB,-0.489009901246777,1.0,-0.42704399235485624,0.7375896832485246,6,4,0.27094581723213196,0.9866415868883264,0.28143002111554016
a2827c8c4194d864ead65577,pos_4gram,PART>NOUN>PART>SCONJ,-0.28982744032722013,1.0,-0.23461226062501037,0.03092435840683063,4,2,0.599880039691925,0.9895152645881432,0.2811335651968817
d41941f96b67431426b8e964,pos_4gram,VERB>PRON>VERB>VERB,0.38872281876641535,1.0,0.1322212637330824,0.3838530028495337,3,3,0.4709058105945587,0.9866415868883264,0.2808989234882494
08bf5fae32ccbfde3d37ad3d,pos_4gram,VERB>SCONJ>X>NOUN,-0.4884276454401568,1.0,-0.4528395487379943,0.7425196146285821,5,3,0.3061387836933136,0.9866415868883264,0.28029965421322683
42750f0a285de9bc8f1664ad,pos_4gram,VERB>SCONJ>VERB>SCONJ,0.5138483404749452,1.0,0.46000420408216824,0.8335479803212682,1,4,0.2629474103450775,0.9866415868883264,0.28024810148950147
19d34b59d789e58acc03b302,pos_4gram,SCONJ>AUX>VERB>DET,-0.4743574675898356,1.0,-0.6771194355892723,0.6931506394140026,3,2,0.4607078433036804,0.9866415868883264,0.2801625895224598
ab5294358565f11fbb14f9e2,pos_4gram,ADV>VERB>NOUN>SCONJ,0.3885861326700624,1.0,0.16852787902062166,0.3877690649167131,3,6,0.3815236985683441,0.9866415868883264,0.2800077783066763
5859e7f8e25e75367beedd89,pos_3gram,AUX>VERB>SCONJ,0.5241881848394583,1.0,0.5235989954024196,0.8761268216890432,8,7,0.25734853744506836,0.9866415868883264,0.2793991209866831
1852377ea91db25332d2f55b,pos_4gram,AUX>ADP>NOUN>PART,-0.5989758406488142,1.0,-0.5983707349359985,1.143945371519964,4,3,0.19056189060211182,0.959922602972177,0.2793801785276676
f57d83d67774e2685bc5ddf5,dependency_path,parataxis>parataxis,-0.39688574410701455,1.0,-0.3534025710087988,0.42070611034461425,5,5,0.4091181755065918,0.9866415868883264,0.2793580890637148
0c15267e078538123fe56b4d,pos_4gram,NOUN>PART>PART>NOUN,-0.47960236130420203,1.0,-0.44448919371280954,0.7176572020515,6,7,0.3033393323421478,0.9866415868883264,0.2792189039415923
373eaab37fcb98cca024a623,pos_2gram,PRON>ADV,0.46917464579666684,1.0,0.20488955732304942,0.6803949452290518,8,8,0.37872424721717834,0.9866415868883264,0.27920498519038006
71560d03a4f39f2837edc1b2,dependency_path,aux>punct,0.3448785557975895,1.0,0.08197372177342364,0.23534921193572297,1,3,0.4455108940601349,0.9866415868883264,0.279174951070867
f330d498fca83bfb2c0f258c,pos_2gram,PROPN>ADP,-0.38304043369010987,1.0,-0.4007637542036294,0.3721618358199252,3,5,0.3781243860721588,0.9866415868883264,0.27915106198914713
bec7335acf0813813a52a4ae,pos_4gram,NOUN>NOUN>NOUN>CCONJ,0.411189788105718,1.0,0.5053529897215663,0.47312889667775776,7,9,0.35152968764305115,0.9866415868883264,0.2791268225292742
873291673e44e417b37967aa,pos_3gram,X>ADV>AUX,0.3307581154841268,1.0,0.37138329260426023,0.18535599787468404,4,6,0.4635072946548462,0.9866415868883264,0.2790369442405222
198222aad624a0579da7b78a,pos_3gram,AUX>NOUN>NUM,-0.3461978925725898,0.95,-0.42716315846785524,0.17898187594398793,2,3,0.5268946290016174,0.9895152645881432,0.2789593331794232
2c8208f8a61e0510885fb026,dependency_path,advcl>compound,-0.38279763044673365,1.0,-0.394897718300172,0.3723593164090311,4,6,0.4095180928707123,0.9866415868883264,0.2789339685822055
405fa852637790a8c901a6ef,pos_3gram,ADV>PART>NOUN,-0.5151892248023462,1.0,-0.5396072302754379,0.8472304572653793,3,3,0.32833433151245117,0.9866415868883264,0.2788981866209736
3b5dd366226d427633b094b8,dependency_treelet,NUM>conj>NUM,0.44225523608574996,1.0,0.4461114747084233,0.5864224980562446,1,5,0.3609278202056885,0.9866415868883264,0.2787751917459698
a9a345e150ed00e008777e36,pos_3gram,NOUN>X>VERB,0.4226290245937221,1.0,0.4535653691526314,0.5163512789262495,5,9,0.3357328474521637,0.9866415868883264,0.278714457835253
08a215a5a4ab1745ceec4b4f,pos_4gram,NOUN>NOUN>ADP>ADV,0.3983150130358998,1.0,0.37269912066232985,0.42934512583151396,4,7,0.384723037481308,0.9866415868883264,0.2786695849990618
65ff399aa626ff5f7b895f62,pos_4gram,NOUN>ADV>VERB>ADJ,0.33055751512341286,1.0,0.3729052960093384,0.1865087474523742,3,5,0.4617076516151428,0.9866415868883264,0.27859677885491635
e8be101f796188bd9add10f1,pos_4gram,NOUN>X>ADV>AUX,0.44487024464878583,1.0,0.4927822721323736,0.5986116949635244,1,3,0.4455108940601349,0.9866415868883264,0.2782853685171723
0b3a41d8eb09b1039b8afe37,pos_3gram,X>DET>NOUN,0.3409963821158969,1.0,0.239666524409163,0.2269452784419057,2,5,0.44331133365631104,0.9866415868883264,0.27792305664106487
c500c362e79bdae7f38eaf6d,pos_4gram,ADP>VERB>ADP>VERB,0.4456597477394743,1.0,0.5276082004738012,0.605350585260034,2,4,0.33493301272392273,0.9866415868883264,0.2776089857451832
f2802ff373ae3c600cbbc3cf,pos_4gram,NOUN>VERB>X>NOUN,-0.46625982825365275,1.0,-0.4430444776598237,0.6800164959582217,6,8,0.3887222409248352,0.9866415868883264,0.2775328869540145
a950e67d9343832df689c4e7,pos_4gram,AUX>VERB>SCONJ>AUX,0.44294177988297245,1.0,0.4600908287943239,0.5991994813961015,1,4,0.4505099058151245,0.9866415868883264,0.2769771907981637
f0b18c25c577c367651c9389,function_word,以及,-0.6941690489415975,1.0,-0.657397241041322,1.5062809675238167,9,7,0.12017596513032913,0.959922602972177,0.2769717593265013
42957d8d43d99907d07991f5,pos_2gram,X>ADJ,0.4633103566107579,1.0,0.5490929862951967,0.6735984008019722,7,10,0.30053988099098206,0.9866415868883264,0.27683484663270713
cf4e836adcf1aea5696248e2,pos_4gram,X>NOUN>VERB>SCONJ,-0.41191548992002935,1.0,-0.4263440221816575,0.4883561417880762,3,3,0.4549090266227722,0.9866415868883264,0.27675868587820907
82d123bb096a8333d6a905c6,pos_4gram,NOUN>NOUN>ADP>ADJ,-0.5810415782576781,1.0,-0.5266242981344612,1.1023129545614627,5,3,0.2113577276468277,0.959922602972177,0.27638205672327315
56ace299bb7ad67666184b46,pos_4gram,NOUN>PART>NOUN>VERB,-0.31422820562230014,1.0,-0.2052196231125955,0.13699594809374147,9,9,0.46810638904571533,0.9866415868883264,0.2763670408404948
67181cacd9bf701b61b0a056,pos_4gram,NOUN>VERB>AUX>DET,0.3567409344673054,1.0,0.3132045589654936,0.29213218887581555,1,4,0.510297954082489,0.9895152645881432,0.2760870269609785
131dfd2b8954e2ef7735cb90,pos_4gram,NOUN>NOUN>ADV>AUX,-0.278530246796796,1.0,-0.35088192840686616,0.009055072910150983,6,6,0.5158967971801758,0.9895152645881432,0.2760307680665088
02a2b6242243079af2fddf34,function_word,我,0.5009280258015854,1.0,0.3024915755615355,0.8149020161574395,2,5,0.2773445248603821,0.9866415868883264,0.27600830311609
68efb8a00d5e6d659f728345,pos_2gram,NUM>X,0.42859923488765733,1.0,0.5088293660747135,0.5529652231420606,7,8,0.3815236985683441,0.9866415868883264,0.275987657998218
f0155a0ca81bcc949b90320d,dependency_treelet,NUM>nmod>NOUN,0.5744307569342811,1.0,0.5742355551884754,1.0834765793972838,3,6,0.2269546091556549,0.9647033225514532,0.27570780618059776
c12ee0db5ca8d13902077858,pos_4gram,ADJ>NOUN>NUM>NOUN,0.3380065475281177,0.95,0.3772963946696939,0.16629672021739392,2,2,0.8818235993385315,1.0,0.2753212065038292
ba2cfe1ebccb911ee441887d,pos_4gram,PART>VERB>NOUN>VERB,-0.5042354062040761,1.0,-0.47307427612827935,0.8327009108357362,4,2,0.28934213519096375,0.9866415868883264,0.27513240334132755
4e2683eb277191c1f0d73965,function_word,件,-0.5421592135276697,1.0,-0.5150560571297131,0.971902517290049,4,2,0.2765446901321411,0.9866415868883264,0.2749421985995279
d6cdc5d8eec70ca579ff2235,dependency_treelet,PART>nsubj>PRON,0.37567015208285565,1.0,0.17495902412987918,0.3690041159707278,1,3,0.5826834440231323,0.9895152645881432,0.27441126560563844
21f73bb4fd634865baf9a7ce,pos_2gram,PROPN>ADJ,-0.4889053383729866,1.0,-0.5178333009733879,0.7819307081295571,4,2,0.3061387836933136,0.9866415868883264,0.2743683220354718
c9eb8fbfa7a83f2d2f16a89d,pos_2gram,ADV>X,-0.6004092538673848,1.0,-0.6389130060161231,1.190325607247003,3,2,0.2613477408885956,0.9866415868883264,0.2741187209248002
1487de10415d3a152ad74df3,pos_4gram,NOUN>PRON>ADV>VERB,0.4583273511645,1.0,0.33000708933324435,0.6735249663108228,1,4,0.3065387010574341,0.9866415868883264,0.27386944347466347
279b2ec90adc39482371066c,pos_4gram,ADP>NOUN>NOUN>ADJ,-0.6694889179258197,1.0,-0.6416186495601809,1.4460963035674812,5,3,0.1321735680103302,0.959922602972177,0.2736968765086686
1262fd0813f75acde9f0c5ec,pos_4gram,ADV>ADJ>SCONJ>X,0.514083773816177,1.0,0.4927822721323736,0.8785036911227857,1,4,0.24235153198242188,0.9866415868883264,0.27366662958692833
190a67f06a51d859affd9494,pos_4gram,NOUN>AUX>NOUN>NOUN,-0.4969415537324746,1.0,-0.4691242131562387,0.8169160758006484,5,5,0.30733853578567505,0.9866415868883264,0.27350825960053804
acc3ce386ecfec55882da210,pos_4gram,ADP>X>VERB>X,0.3464279845665061,1.0,0.4061047271493791,0.2684882310859034,2,3,0.526694655418396,0.9895152645881432,0.27310303405018
765d418565b3b357044a51c4,pos_3gram,PART>PART>SCONJ,0.5042175025291041,1.0,0.5098839780738427,0.8494692156577862,1,4,0.39712056517601013,0.9866415868883264,0.27262822125415753
983a71c4713b585380a5081c,pos_4gram,X>PART>X>X,-0.40379512910004406,1.0,-0.424409635699577,0.4835135743758174,2,3,0.473305344581604,0.9866415868883264,0.2721883615186597
79d2004ea8edc67138377816,pos_4gram,PART>NOUN>NOUN>ADJ,0.5804914071673886,1.0,0.6583951848663985,1.1331333181604237,2,5,0.2035592794418335,0.959922602972177,0.2721308613134382
dd45dccd5106c033bfa10530,pos_4gram,ADP>X>VERB>VERB,-0.5468333240726598,1.0,-0.6150427323027818,1.0094947794968985,3,2,0.25434914231300354,0.9866415868883264,0.2721247796471341
1ae4a695f01682661db772da,pos_4gram,VERB>NOUN>ADV>VERB,0.5685391601270736,1.0,0.48332838640349224,1.090335482182952,4,6,0.19456107914447784,0.959922602972177,0.27198464790605964
e61910a99b4642ba84f459e0,function_word,按照,-0.5259384439289149,1.0,-0.5058743576071526,0.9364307184130126,4,1,0.14457108080387115,0.959922602972177,0.2716019937754054
29c8440dfe0461c66be114eb,pos_4gram,NOUN>ADV>VERB>VERB,0.5495289806994431,1.0,0.6509436963350368,1.0288364461201855,6,10,0.2201559692621231,0.959922602972177,0.2708591822422781
c4d1612af0c3c6d1d47e5dd5,pos_4gram,PRON>ADP>NOUN>PART,-0.41636636303509844,1.0,-0.386568516567772,0.5377992119380506,2,2,0.4757048487663269,0.9866415868883264,0.27075469918492295
14041f9917a4a5038a9669f6,pos_4gram,PART>NOUN>CCONJ>NOUN,0.3728413409663691,1.0,0.41851459331554314,0.37891654108182715,4,9,0.45270946621894836,0.9866415868883264,0.27038716982382194
0341d381d0f18f992422ea08,pos_4gram,ADP>NUM>NOUN>NOUN,0.49862863454841583,1.0,0.3999199406048024,0.8456072325838832,5,8,0.24755048751831055,0.9866415868883264,0.270170503097957
da14c0f2fd412c566ef6ec85,pos_4gram,VERB>VERB>VERB>ADV,-0.5610701131179501,1.0,-0.5701289140091769,1.0821411737834907,3,2,0.21495701372623444,0.959922602972177,0.2694678536606723
b70a4baa15533ed7f70ceea6,pos_4gram,PART>NUM>NOUN>PART,0.2749155461738871,1.0,0.30199097001081593,0.020991913539376107,1,4,0.5022995471954346,0.9895152645881432,0.26926319643498775
ad33e94296bf7280779c24c2,pos_3gram,NOUN>VERB>X,-0.66077383787924,1.0,-0.6250333960201994,1.4546295899709,10,10,0.1369726061820984,0.959922602972177,0.26919492887196617
aed274d5b08d7762d579aaf8,pos_4gram,PART>NOUN>VERB>X,-0.627999086503834,1.0,-0.5883276086069669,1.3329475347743134,5,5,0.19816036522388458,0.959922602972177,0.2691869736215846
f17815a4b96d59a3a21fb283,pos_4gram,VERB>NOUN>VERB>ADV,0.31965063684569517,1.0,0.3067308061875714,0.1876342576190139,2,4,0.5104978680610657,0.9895152645881432,0.2691490539238362
ba7f05e16e957b78c181f1fc,pos_3gram,VERB>SCONJ>PART,-0.283135214467902,0.95,-0.22201075066235784,0.0002657872930941502,5,4,0.5674865245819092,0.9895152645881432,0.2689069816857505
604d6a34203bf3eb0ff217f7,dependency_treelet,NOUN>aux>AUX,0.563601787143194,1.0,0.45106729574125864,1.0960897938490932,3,5,0.21355728805065155,0.959922602972177,0.26888246333580984
2439e5b675e551636900c6ce,pos_3gram,SCONJ>X>PART,0.28817212258056857,1.0,0.2714861369560424,0.07444259064827566,1,3,0.5848830342292786,0.9895152645881432,0.2682061611190385
f24c7c99ef77a31c35771546,pos_3gram,PRON>NUM>NOUN,0.5434615367546421,1.0,0.3248914180315123,1.0263484767812956,1,3,0.3269346058368683,0.9866415868883264,0.26819747095913654
f643aadc8b7acd9c97f64e87,pos_3gram,PROPN>X>X,-0.521475969957264,1.0,-0.4685233737248899,0.9458438569813498,5,4,0.2637472450733185,0.9866415868883264,0.2679947664280969
b220f7f784e8a03370227396,pos_4gram,ADJ>PART>PART>NOUN,0.5135031620553302,1.0,0.5161894174577106,0.918878587795525,1,4,0.31133773922920227,0.9866415868883264,0.2676058638213586
0e491f6a24a47c5a0cc89917,pos_3gram,PROPN>NOUN>SCONJ,0.4366097704414021,1.0,0.4662502213386957,0.6318936147454501,1,5,0.25574883818626404,0.9866415868883264,0.26754793725294795
d32a435903f2f24af9b819b4,pos_4gram,VERB>NOUN>ADP>ADP,-0.5981493165775756,1.0,-0.6027444394505549,1.2361284273647464,3,2,0.2089582085609436,0.959922602972177,0.2674932750989121
8babdae9db2fd5345aa57c2e,dependency_path,nmod>nmod,-0.41464751159465607,1.0,-0.29400118196691394,0.5508591162822644,10,10,0.34713056683540344,0.9866415868883264,0.2673663308557991
34e766bdd87a95167ef2a40b,pos_3gram,X>NOUN>DET,0.28359425759896356,1.0,0.35366667377934646,0.060705686513349184,2,4,0.5796840786933899,0.9895152645881432,0.26736375717110333
56e6fa436d4cad2acd6a9a4b,pos_4gram,ADP>ADV>VERB>VERB,0.3369844831490199,1.0,0.41076873159988725,0.26063456424860976,3,4,0.47830432653427124,0.9866415868883264,0.26731337748927786
d82cb81e82f6b96bd467ef24,dependency_treelet,NOUN>amod>ADJ,0.6798200751167648,1.0,0.7920730389657311,1.546029441293611,10,10,0.12897419929504395,0.959922602972177,0.2670118672199467
4a8ffcf57d047bbe67eebdab,pos_3gram,NOUN>ADP>ADP,-0.5671406166631372,1.0,-0.5279934382418777,1.1248647250056876,8,6,0.19476105272769928,0.959922602972177,0.2669066929244727
668472a46e1fde1b50e6a848,pos_4gram,NUM>NOUN>ADP>ADV,-0.4926799791211962,1.0,-0.5083281221290648,0.8462146230690443,2,2,0.47550490498542786,0.9866415868883264,0.2668595367867862
60debbf343cb91483e4e362a,pos_2gram,DET>AUX,0.48961130334651337,1.0,0.525937218110024,0.8355338875890417,2,4,0.3031393587589264,0.9866415868883264,0.26674054162498395
a642d241e67c10fa7ffa037f,pos_4gram,SCONJ>ADJ>NOUN>NOUN,0.7260673739747532,1.0,0.7379910631390671,1.722045662389669,1,5,0.1341731697320938,0.959922602972177,0.2667359273236227
2c8cab2806d4b3000c436d51,pos_4gram,SCONJ>VERB>ADJ>NOUN,0.7328722895838383,1.0,0.6895161429912248,1.748817721366411,0,4,0.08838232606649399,0.959922602972177,0.26661363679638045
bdc474f35258cb59a94e1ed0,dependency_path,amod>case,-0.6008471856058386,1.0,-0.6012096645683088,1.2558139156185864,7,7,0.18376325070858002,0.959922602972177,0.2663549424204501
dff49f4170098b00aecbf4bd,dependency_treelet,NUM>cop>AUX,0.42522799381003107,1.0,0.4070962988875434,0.5972483232630214,3,5,0.36952608823776245,0.9866415868883264,0.2662253499451683
fbbb4109fa418d0f5f10b421,pos_4gram,AUX>NUM>NOUN>PART,0.5799013076274959,1.0,0.5686369412237455,1.18504238153702,1,5,0.2201559692621231,0.959922602972177,0.2653959083482752
85cb6ec52513bd62b0318acb,pos_2gram,PROPN>PROPN,-0.4457481655372223,1.0,-0.38904767481235714,0.6806521515255183,7,7,0.29854029417037964,0.9866415868883264,0.26522333317612407
31db2c91267a287c062382d5,pos_4gram,PART>X>X>VERB,-0.5544231055092442,1.0,-0.5596959980229018,1.0906925303637616,5,5,0.21515697240829468,0.959922602972177,0.2651863425430518
3292dc8ecb6bb6ba25b7d69a,pos_3gram,NOUN>CCONJ>PART,0.4604775612858579,1.0,0.4844252400775092,0.7367404347717817,1,3,0.34133172035217285,0.9866415868883264,0.26513896496362016
ecfc0db22f0f02d3e2f59f11,pos_4gram,VERB>X>NOUN>PART,-0.5634661282641767,1.0,-0.5239558825901736,1.1257307865152837,7,4,0.1651669591665268,0.959922602972177,0.26506937371306
47696d0188490409db369896,pos_4gram,X>ADP>VERB>VERB,-0.36576680127309896,0.95,-0.33602340473107056,0.31238927283121476,2,2,0.6034793257713318,0.9895152645881432,0.26476783101086265
edf6bdfa656918af936b95cc,pos_3gram,VERB>X>NUM,-0.6051598329554407,1.0,-0.5977222429003396,1.2863716706233892,5,5,0.13397321105003357,0.959922602972177,0.2646813030142388
655c60b4a7be294979d8b242,pos_3gram,VERB>PRON>PART,0.2858992131493899,1.0,0.12085731737430065,0.0813626528890854,5,6,0.5010997653007507,0.9895152645881432,0.2643879112946527
ac706e17e1341954f71c7288,pos_2gram,AUX>PART,0.4177950504645428,1.0,0.4297141880916846,0.5822030585223507,5,6,0.39832034707069397,0.9866415868883264,0.26405905880041053
ea800267753fff17e26bcc8b,pos_4gram,VERB>ADP>PRON>VERB,0.46927622150868,1.0,0.3193869107142551,0.7787459740486089,2,4,0.30493900179862976,0.9866415868883264,0.2638241931986269
421b4125c177f04fb1d51d9b,pos_4gram,NOUN>NOUN>PART>NUM,0.48296920379123304,1.0,0.5189738156984242,0.8313013909864321,5,6,0.3353329300880432,0.9866415868883264,0.26373004802398
3908c25e505b503e1f193325,dependency_treelet,PART>compound>PART,-0.4834647425908471,1.0,-0.43819062326431163,0.8343463141942933,6,5,0.26414716243743896,0.9866415868883264,0.26356241395082536
7b99d4acf890b062cec92b07,pos_3gram,VERB>X>DET,-0.35449086125522333,1.0,-0.3159206239502219,0.3455256625604903,3,2,0.5374925136566162,0.9895152645881432,0.2634590116851722
f87d85c3798b0e9f09d132cf,pos_4gram,ADV>ADV>VERB>NUM,-0.3073231154382817,1.0,-0.32988131936316833,0.1665453859969151,2,2,0.602279543876648,0.9895152645881432,0.2634471998495346
a09dfaba3be151839badcd25,pos_3gram,VERB>X>ADV,-0.29529158007861966,0.95,-0.2732129622575089,0.06603433774702479,4,4,0.5374925136566162,0.9895152645881432,0.2631500610642235
6fc47d560f0efaf7e47fdce9,pos_4gram,AUX>ADP>NOUN>NOUN,0.33006910330202477,1.0,0.32320208218478136,0.25461942751948924,2,6,0.44331133365631104,0.9866415868883264,0.26308304818346795
ec5ac8031cc4b8d078fe2da4,pos_4gram,PROPN>NOUN>NOUN>X,0.4197246886300963,1.0,0.4422757900035237,0.5954516556936621,1,3,0.4611077606678009,0.9866415868883264,0.26307577990986547
781bd77560855f576a56d4f3,dependency_path,xcomp>nsubj,0.41238780909451345,1.0,0.36443019905712,0.5679464738303038,8,8,0.35152968764305115,0.9866415868883264,0.26301140758147173
2b34702ae6aab8104bff7fb5,pos_4gram,VERB>X>NOUN>NOUN,-0.5780794274644951,1.0,-0.5152029675582751,1.200256534844934,9,7,0.23795241117477417,0.9848005373400158,0.2627327397099339
2ec2d8dd413d25346325c57a,dependency_path,compound>compound,-0.5091558363404369,1.0,-0.4570552983891138,0.9382849301231936,6,5,0.24915017187595367,0.9866415868883264,0.2626836892902407
6c524b3ce649f1945b6823ee,pos_4gram,X>X>NOUN>VERB,-0.4131433385665541,1.0,-0.39176103850678007,0.5742941309081643,4,5,0.3795240819454193,0.9866415868883264,0.26243084469115296
344676ef92af32c8e6b0a783,pos_4gram,PART>NOUN>VERB>NUM,0.587459218734967,1.0,0.6175500369898084,1.2402419016703476,2,6,0.20975804328918457,0.959922602972177,0.26223026106999936
1cdbc308ff1e0711bb6c5cc8,pos_4gram,AUX>ADP>VERB>VERB,-0.2765657770544587,0.95,-0.23831953927652957,0.0019885561885489415,2,2,0.5900819897651672,0.9895152645881432,0.26221605683917126
405e3642b8ac31f2406bdf79,punctuation_run,；,-0.604453166807902,1.0,-0.5593438047629853,1.3080164955431572,8,8,0.15656869113445282,0.959922602972177,0.26189291453294095
114c32b8bc5dfe4d428f38d1,pos_4gram,NUM>X>X>VERB,0.36373367486951347,1.0,0.42083349578626267,0.39041459811518986,1,3,0.4669066071510315,0.9866415868883264,0.2616008745611427
a3d8949c5b9c580c0ffcef3a,pos_3gram,ADP>VERB>ADV,0.4486513649983476,1.0,0.45757846773610955,0.7187181091625506,3,6,0.35532891750335693,0.9866415868883264,0.2610383649340578
bc380fbcfc47215e5950331b,dependency_path,nsubj>cc,-0.3898351764096133,1.0,-0.34488182138956747,0.49379399246713335,3,2,0.4329134225845337,0.9866415868883264,0.2609698381272547
8a020d03d9723b5b0ae5609a,pos_4gram,X>NOUN>X>X,-0.4869196617444074,1.0,-0.45274696879606285,0.8663200473604686,3,3,0.34193161129951477,0.9866415868883264,0.2608982647070938
17a2a33aa007adb5fcadc7f1,pos_4gram,X>VERB>SCONJ>VERB,0.5564584070401591,1.0,0.6502856558441309,1.1353211034216903,2,5,0.2439512014389038,0.9866415868883264,0.26059706249728753
4494fb413dfb47c70b63902d,pos_3gram,X>NOUN>NOUN,-0.54013756708885,1.0,-0.4232615782056102,1.0729370043042505,10,10,0.22295540571212769,0.961011276813224,0.26056632013771147
6529410aee77ff49a799eaaf,pos_4gram,VERB>NUM>NOUN>VERB,-0.3655099841436902,1.0,-0.3949822195906304,0.40501106178631574,7,9,0.4043191373348236,0.9866415868883264,0.2601474067250295
4e9da7f63797e23f9a304f73,pos_3gram,ADP>AUX>VERB,0.38800771649022886,1.0,0.3723046218216827,0.4923274392784644,6,7,0.36172765493392944,0.9866415868883264,0.2600017303694619
49a5c5dc6e4aa14391ee5942,pos_4gram,VERB>VERB>NOUN>VERB,0.5023363906655259,1.0,0.4916470040001584,0.9388865477218968,6,7,0.26154768466949463,0.9866415868883264,0.25908498424301735
7ec7ecc2b744a430e9cd2b57,dependency_path,appos>acl,0.4204054556011404,1.0,0.4900009596029667,0.6241619892409189,2,5,0.4309138059616089,0.9866415868883264,0.2588445354503244
e7a5a77fdf2a32cd79404f57,pos_3gram,NOUN>X>ADV,0.46032382940011146,1.0,0.5071059480021586,0.7810044076108142,4,5,0.34613075852394104,0.9866415868883264,0.258463048958777
d66f6153be370c5d02bd30f8,pos_4gram,VERB>SCONJ>NOUN>ADV,-0.6086427414559895,1.0,-0.6019569289307052,1.3550970339537938,6,6,0.1607678383588791,0.959922602972177,0.258436375521303
4841c41187fa6b4a5400fe1b,dependency_path,parataxis>conj,-0.5548167280285059,1.0,-0.5102580166261336,1.1540195326022988,8,7,0.23475304245948792,0.9832953145565905,0.257572746964938
52dcaaa8c5fa6b50f4e6eb8b,pos_3gram,NOUN>CCONJ>ADJ,0.32559004084703264,1.0,0.4055737772079067,0.2647674352129697,5,7,0.4479104280471802,0.9866415868883264,0.2574307590329504
c20164a4e92722a028e6b593,pos_4gram,NOUN>X>NOUN>X,-0.5618766659919856,1.0,-0.5345654749106166,1.184131312259422,3,2,0.20915816724300385,0.959922602972177,0.2572540683969867
a7c64204cebe29b354875ea4,pos_4gram,ADJ>SCONJ>VERB>DET,0.5139479176607507,1.0,0.3868207816100099,0.99934022407054,1,4,0.29514098167419434,0.9866415868883264,0.2570587594213368
03e8393dd4c3f1ecc1a95bb5,pos_4gram,ADV>ADJ>SCONJ>VERB,0.4844933646226457,1.0,0.40934207297948016,0.8849208475310715,4,7,0.2673465311527252,0.9866415868883264,0.25703645076516096
8a0e4ebed5774534c9598419,pos_4gram,SCONJ>PART>NOUN>NOUN,0.4595455486881872,1.0,0.5307361486763413,0.7894680119893799,2,4,0.36072784662246704,0.9866415868883264,0.2568056794585018
2cb1b35527628b15437db056,pos_3gram,NOUN>NUM>X,0.505578156537637,1.0,0.5578579310575729,0.9692480330795753,1,3,0.20375925302505493,0.959922602972177,0.256736656858302
7cde1e465b6067a0c8df7b23,dependency_path,root>det,0.45095724855489117,1.0,0.3345413290746546,0.7571612540235354,2,3,0.30773845314979553,0.9866415868883264,0.25663964961798036
33595d69f668d5d8f29eeeec,pos_4gram,X>X>X>ADJ,0.3486042361446533,1.0,0.42258275087568553,0.3590864961160809,2,4,0.47070586681365967,0.9866415868883264,0.2564989330266134
c33f7dd795420abf3e949ad2,dependency_path,parataxis>case,-0.43805411796515004,1.0,-0.3963505205285768,0.7081445104334958,6,6,0.3775244951248169,0.9866415868883264,0.2564502682820319
5c3b4819f9b2541c097ab14c,pos_4gram,VERB>VERB>PRON>NOUN,-0.4692649014474308,1.0,-0.4664373121439831,0.8305207191082498,3,3,0.3241351842880249,0.9866415868883264,0.2563559628410195
21f23f3450c5f438a252bfba,pos_4gram,NOUN>NOUN>CCONJ>NUM,0.5287902380794278,1.0,0.5784717926522008,1.0664392927615542,1,4,0.09158167988061905,0.959922602972177,0.25589439763931393
f8fb16b699c222f201fe4594,dependency_treelet,NUM>punct>PUNCT,0.39165394563231637,1.0,0.457485103056223,0.5305807629393237,5,9,0.37632474303245544,0.9866415868883264,0.25588584092758687
936890578cd75e79d60990b4,pos_4gram,VERB>NUM>NOUN>SCONJ,-0.5058516700534671,1.0,-0.5023810319437355,0.97901225016139,6,5,0.2793441414833069,0.9866415868883264,0.2556081550340148
4c0b7a645aad4a144f439521,pos_3gram,SCONJ>SCONJ>VERB,0.4732053993529524,1.0,0.36055446707301086,0.8523275865293899,4,5,0.3347330391407013,0.9866415868883264,0.2554652874546736
d273516c95cafccefbc01802,pos_4gram,ADJ>ADJ>SCONJ>VERB,0.5523886237117911,1.0,0.5935741992532392,1.1629411027570267,2,4,0.23295341432094574,0.980723467948487,0.25538773247578506
09303ce694d70b7b57f79121,pos_4gram,NOUN>NOUN>PRON>ADV,0.3893758668411971,1.0,0.24027100556800582,0.5256391983732385,1,4,0.4421115815639496,0.9866415868883264,0.2552214620969241
bc892ca65bbf3bb3a855561b,function_word,里,0.40951175559311137,1.0,0.2467864112308857,0.6059415645182774,5,4,0.3599280118942261,0.9866415868883264,0.2549979181315664
42a9d881f4026e0b5483ee9b,pos_4gram,VERB>VERB>NOUN>CCONJ,-0.6001965616221432,1.0,-0.563199296525765,1.3545152697768938,4,2,0.1861627697944641,0.959922602972177,0.25491300452641186
0f153f74c0a1f7968b7f2c33,pos_4gram,SCONJ>VERB>NOUN>AUX,-0.31232055442196904,0.95,-0.31509528652463675,0.16413302597262977,2,3,0.5314937233924866,0.9895152645881432,0.25487166851311926
7724015bea67848a5b0edde5,pos_4gram,ADP>PART>ADJ>NOUN,0.4457635557988264,1.0,0.43683203889604444,0.7516098510122278,1,5,0.2877424359321594,0.9866415868883264,0.25448792466040693
ac40925af8ad59d7ff9d52f8,dependency_path,ccomp>obl,-0.7103805721427927,1.0,-0.8455526026541059,1.798184143190326,10,10,0.10137972235679626,0.959922602972177,0.2538719883291377
52c34e44a0a735c25310afc7,pos_4gram,VERB>VERB>X>NUM,-0.5300564703239584,1.0,-0.5220446254117849,1.0897171509512718,3,2,0.22615477442741394,0.9647033225514532,0.253649863610809
b06e78bde0b749572af8dfc6,pos_3gram,VERB>PRON>VERB,0.4354761755716884,1.0,0.1675587315988145,0.7176259999040278,7,8,0.3493301272392273,0.9866415868883264,0.25353375856910676
28ffdefcb2ecd120fc92361d,pos_2gram,ADP>VERB,0.3841053094667484,1.0,0.4413494773689422,0.5156729589531321,10,10,0.40691861510276794,0.9866415868883264,0.253422288230337
e657ea7cea4410135395be56,pos_4gram,ADJ>SCONJ>VERB>ADP,-0.4766381865842794,1.0,-0.48593107935832597,0.880905755629835,2,2,0.4845030903816223,0.9866415868883264,0.25340886174526783
06dea176bf52532064df93e0,pos_3gram,NOUN>ADV>SCONJ,-0.581499090652799,1.0,-0.7414936330411925,1.2982403343926352,4,2,0.1423715204000473,0.959922602972177,0.253019269547575
07924fee8071eb01637f27b9,pos_3gram,ADP>NUM>VERB,0.38219195897804525,1.0,0.37465208832304203,0.511118325946438,2,5,0.4105179011821747,0.9866415868883264,0.25291994175153176
dc53f60fdd0a79fa187b4c0a,pos_4gram,NOUN>NOUN>SCONJ>X,0.4128473260957371,1.0,0.3667676478917138,0.6349104426022297,2,4,0.3721255660057068,0.9866415868883264,0.2525198416609429
df44847dbcfe669edd3fb672,pos_3gram,ADP>DET>PART,0.5167909228601648,1.0,0.553730439817805,1.047782754240761,2,5,0.26754647493362427,0.9866415868883264,0.2523660880481294
e0a03a13009d5f2da73b9739,function_word,本身,0.5477840007986868,1.0,0.37717860827878735,1.171886864925979,2,3,0.2749450206756592,0.9866415868883264,0.25221571604161624
6ff5339a50cda95ebcfd7119,pos_4gram,X>VERB>PART>SCONJ,0.25938683486162367,1.0,0.23105792536653114,0.02870534646480627,1,3,0.7266546487808228,1.0,0.2521488157449736
6ecc403727c23395dbb9aae8,pos_4gram,NOUN>NUM>NUM>NOUN,-0.3616018978714856,1.0,-0.3277369997411464,0.4342918782459622,2,2,0.6102779507637024,0.9918708157645096,0.25211179353096475
5a1fe3cc6c2d813df9bf6e03,pos_4gram,ADV>VERB>AUX>X,-0.4410881021638902,1.0,-0.435922283758435,0.7496846201616308,5,3,0.3639272153377533,0.9866415868883264,0.2520957760508541
2ab4c88f4ee3297d2bf6f0f5,pos_4gram,VERB>PART>NOUN>ADV,-0.39451633869760777,1.0,-0.3956218272393654,0.565100920432904,3,3,0.4407118558883667,0.9866415868883264,0.2520708623623359
48f8d3ed32ade072948143e5,pos_4gram,ADJ>SCONJ>NOUN>CCONJ,-0.409243878716159,1.0,-0.4437261131555346,0.624099144828048,4,3,0.3591281771659851,0.9866415868883264,0.25198207881544565
af4de740a17673a1cd258fe6,dependency_path,obl>compound,-0.29358985381367103,1.0,-0.2896187724591772,0.16594298648208441,9,8,0.5072985291481018,0.9895152645881432,0.2518046398645087
9f17658cadb9e77e02aa3400,pos_3gram,NOUN>ADJ>AUX,-0.5587822191699668,1.0,-0.5711546366423772,1.22120564699121,3,2,0.21495701372623444,0.959922602972177,0.251567080214693
a21a1eef1f2c81cd86f7a6bc,pos_3gram,ADP>NOUN>NUM,0.5364027644611834,1.0,0.4749397718673701,1.1333964098169866,1,4,0.3045390844345093,0.9866415868883264,0.2514313617445333
eb1d50ad22f0c34d2dcb26ac,pos_4gram,NOUN>PART>AUX>ADP,-0.4188493712106791,1.0,-0.3800212497979057,0.6680031267331121,3,1,0.4611077606678009,0.9866415868883264,0.25110826502527106
0a90bf69a78d1398000765c9,pos_4gram,NOUN>NOUN>AUX>ADJ,-0.3776273041595304,1.0,-0.35277596822978746,0.5044022718747662,3,4,0.42831432819366455,0.9866415868883264,0.2510148457094101
d441e542ff8fabc2f757f341,pos_4gram,NOUN>ADP>PART>NUM,0.4765312982664979,1.0,0.47159007483353643,0.8988229061814771,1,4,0.38212355971336365,0.9866415868883264,0.250961422845272
e0a3a66c457a2521f03c546b,pos_4gram,VERB>PART>VERB>PART,0.5428736328088318,1.0,0.642747110664308,1.163756657287323,2,6,0.23535293340682983,0.9832953145565905,0.2508940323674966
e976a729130158f392fb5ffe,pos_4gram,VERB>VERB>PRON>VERB,0.2555736122302333,1.0,0.06338100181307876,0.019756327965782642,2,4,0.5622875094413757,0.9895152645881432,0.2506222371182078
443ea0d698daf4e9587be588,dependency_treelet,NOUN>nmod>NUM,0.40570368108361576,0.95,0.44728941115696824,0.5398708069650583,2,2,0.6138772368431091,0.9925726710353047,0.25029274877225505
45d73f240f053eb621dfbebb,pos_3gram,ADJ>VERB>PART,-0.35741532869413256,1.0,-0.3630106764609224,0.4290229932299688,6,7,0.4335132837295532,0.9866415868883264,0.2501116709719832
ce3b93015936bd37af32ce0c,pos_4gram,SCONJ>VERB>VERB>NOUN,0.27248531177073265,1.0,0.21650059816712677,0.09005429137722071,6,8,0.5208958387374878,0.9895152645881432,0.24997407370091923
9a6a4801b07c59b32d974d05,pos_4gram,PART>NOUN>PART>X,-0.4289484109741052,1.0,-0.3818945531881319,0.7161321544791789,4,3,0.3411317765712738,0.9866415868883264,0.24995068698790554
55d9130e432ce4210dc00483,pos_2gram,DET>ADV,-0.3814141284100771,1.0,-0.35323245142726634,0.5261894053217432,4,5,0.42351529002189636,0.9866415868883264,0.24991270878968613
2c15aecffb7f6d4780cbfa7f,pos_4gram,VERB>VERB>X>NOUN,-0.4623661510474951,1.0,-0.4149697978590414,0.8504085467592054,7,7,0.3463307321071625,0.9866415868883264,0.2498724683569369
a5afec623d78f5120ae3d5fc,pos_3gram,VERB>VERB>SCONJ,0.389876752143653,1.0,0.3572519806142004,0.5642234904749466,8,10,0.36312738060951233,0.9866415868883264,0.24924619436911435
a192685fdec5f8f5ce6e3c11,pos_4gram,NUM>NOUN>SCONJ>X,-0.38705298609320926,1.0,-0.35250585261395995,0.5532223546076548,3,1,0.4713057279586792,0.9866415868883264,0.2491935458854371
d4746d97f39a6b2013b1d8b5,pos_2gram,AUX>SCONJ,0.5055022879919701,1.0,0.36329173839410245,1.0289734868665859,2,6,0.2487502545118332,0.9866415868883264,0.2491418893662503
85fa92c76b3bde9b53b7fbb5,pos_3gram,CCONJ>NOUN>ADV,-0.3979236356984109,0.95,-0.4002123333749856,0.5181588994595446,2,3,0.5384923219680786,0.9895152645881432,0.2490038783476919
ecc66a4b55562dd74fd5162a,pos_4gram,NOUN>NOUN>X>PART,-0.40976106509580523,1.0,-0.37598515830345236,0.6488319478324696,3,2,0.4629074037075043,0.9866415868883264,0.24851596649038196
21bac9c2db949b4379649d88,function_word,从而,0.2904816279254811,1.0,0.349460558317231,0.17133684443872715,3,2,0.5318936109542847,0.9895152645881432,0.2479915400122772
986a6f17c455bec013af573a,pos_4gram,X>X>ADJ>NOUN,0.4954059431877595,1.0,0.5330783083918434,0.9977267891735624,2,6,0.2863427400588989,0.9866415868883264,0.24798483249689188
b4dc9a5c595e60044a6760b0,pos_4gram,NOUN>DET>NOUN>VERB,-0.4321750267640462,1.0,-0.38894045780383246,0.7468779940984577,4,2,0.4267146587371826,0.9866415868883264,0.24739851794119508
8141d4f40de38b68123172b2,pos_4gram,PART>VERB>NOUN>PART,-0.2879773245612784,0.95,-0.2781097865874105,0.1066493767230636,2,4,0.7388522028923035,1.0,0.2472133126241997
d75047fb374e663463cd17cd,dependency_treelet,VERB>parataxis>PART,-0.5123216179368698,1.0,-0.547569417928426,1.0781219202622725,3,2,0.31753650307655334,0.9866415868883264,0.2465310687219985
af2f0ca5ba7e7997a80d9cde,pos_3gram,X>AUX>X,-0.4960843737892794,1.0,-0.45778315649825735,1.013487468025589,4,3,0.28554287552833557,0.9866415868883264,0.24638066124927813
91090e97bab7881037d285a5,dependency_path,xcomp>cop,-0.3038055633129394,0.95,-0.4381264579957418,0.17148141150150228,2,3,0.6592681407928467,1.0,0.24636778894969458
33316a454ae3a4dc322f8784,pos_3gram,VERB>AUX>X,-0.48034928925838094,1.0,-0.4937034861050335,0.9512644804085055,9,9,0.2807438373565674,0.9866415868883264,0.2461733373826483
52cfc4469c8de5eef06f9fa1,pos_4gram,SCONJ>X>X>X,0.5437400760137755,1.0,0.6121795133350341,1.2172730696387952,1,3,0.33413317799568176,0.9866415868883264,0.24522918870897278
34275d8567bea78f78f7d9be,dependency_treelet,DET>clf>NOUN,0.47765249138482363,1.0,0.274228235224447,0.9516027214491114,9,9,0.2763447165489197,0.9866415868883264,0.24474883445036155
7b997ec4c0c8bf2017a59bbf,dependency_path,det>clf,0.47765249138482363,1.0,0.274228235224447,0.9516027214491114,9,9,0.2763447165489197,0.9866415868883264,0.24474883445036155
3431f7005c42fe3bf371b84f,pos_4gram,VERB>NOUN>ADJ>NOUN,0.3133857152227001,1.0,0.3865272995227119,0.2828558767018873,2,4,0.47790440917015076,0.9866415868883264,0.24428754695998117
10472f957559f6e316f32fdd,pos_4gram,ADP>VERB>PART>NOUN,0.35464150127866373,1.0,0.4276119159997778,0.4525228247930596,2,4,0.45950809121131897,0.9866415868883264,0.24415554456377603
570f4d85a42cd2166554f46a,pos_2gram,DET>ADP,0.5282703589448646,1.0,0.42037207803848453,1.168356789589445,1,4,0.23795241117477417,0.9848005373400158,0.2436270458262023
0c04bc54963f84df618aaf41,pos_4gram,X>AUX>VERB>VERB,-0.49228646775423174,1.0,-0.4356007672517369,1.0208205997568915,5,4,0.27334532141685486,0.9866415868883264,0.24360720977084985
53c831cf1c06acd88ada23a4,pos_4gram,VERB>SCONJ>ADV>ADJ,0.47008579282439145,1.0,0.5314934010903072,0.9297158708950578,1,3,0.4549090266227722,0.9866415868883264,0.24360363093575643
6c94543eda85827478339717,dependency_treelet,NOUN>nmod>PART,-0.4591927066733153,1.0,-0.3541201204843288,0.8856285803698118,10,10,0.29074186086654663,0.9866415868883264,0.24352235188504506
2373204d13b8e584401465e6,pos_4gram,NOUN>NOUN>PART>ADV,0.2810973710778885,1.0,0.3522021274902083,0.15457961074466392,2,4,0.5816836357116699,0.9895152645881432,0.24346296129081166
4bc5d3090c4ac88eec917b70,pos_4gram,NOUN>NOUN>VERB>ADJ,-0.2734519811645632,0.95,-0.24133536481227263,0.06709206357044117,6,7,0.5478904247283936,0.9895152645881432,0.24344608209072904
f700b242db517033d83a0dab,pos_4gram,VERB>X>ADP>ADJ,0.38639696681172303,0.95,0.4347084652306354,0.508119370182096,1,3,0.5904818773269653,0.9895152645881432,0.24340057274565385
5a3cc6d37a06ec997a438144,function_word,像,0.43309513469392885,1.0,0.3491277764416831,0.7798615139220684,2,5,0.32873424887657166,0.9866415868883264,0.24333080484423128
0c1329c67490a5c1f90b6104,pos_4gram,NOUN>SCONJ>PRON>VERB,-0.5123784123737806,1.0,-0.5328710985415385,1.1057161784227778,3,2,0.2161567658185959,0.959922602972177,0.2433273855347219
c087036e5a0fed3b9215349c,pos_4gram,SCONJ>NOUN>VERB>X,-0.463662586278131,1.0,-0.5076611915770904,0.9079257083200147,3,3,0.35652869939804077,0.9866415868883264,0.243019203659874
f0eba4e542bd6e5a73a6f653,pos_4gram,VERB>ADV>AUX>VERB,0.46587379967533127,1.0,0.3882511201385582,0.9193847061002817,1,4,0.30093979835510254,0.9866415868883264,0.2427203875255797
9c1ac2623699055d6e87003c,pos_4gram,NOUN>ADP>PRON>VERB,-0.39637189168114934,1.0,-0.4568434875936951,0.6352645180907189,5,4,0.36852627992630005,0.9866415868883264,0.24239007652654268
4ae7d6c127d7d2c879c638e2,pos_2gram,NOUN>ADV,0.35032999185930963,1.0,0.27109221909684145,0.44554655524556064,10,10,0.427714467048645,0.9866415868883264,0.2423512342705543
2a67bafe21a643d77e1d21b7,pos_4gram,CCONJ>NOUN>VERB>VERB,-0.45361372842430536,1.0,-0.42970474454910446,0.8718518681181174,2,2,0.4801039695739746,0.9866415868883264,0.24233420184063492
608c2e78a8e0a7f27bdc5df6,pos_4gram,NOUN>SCONJ>VERB>SCONJ,-0.5073220520620219,1.0,-0.5157018241140987,1.0938940398514114,3,3,0.3251349627971649,0.9866415868883264,0.24228640151152195
353329bae232d438597cd559,pos_4gram,X>ADP>ADJ>NOUN,0.26137121163279897,0.95,0.3079927510489208,0.025995010692377515,2,2,0.8788242340087891,1.0,0.24201155801293386
f9bf58897a6850dac5f40339,pos_3gram,NOUN>X>X,0.2560816201418333,1.0,0.3630528961928808,0.058188965770290084,8,10,0.5582883358001709,0.9895152645881432,0.24199989645084152
2536e66c04e0c7832c3be351,dependency_path,advcl>nummod,-0.5295515668514339,1.0,-0.5655580139679073,1.1898293901144275,7,7,0.2561487555503845,0.9866415868883264,0.24182320743433017
c4dd0ab219f96a5699ec1d35,pos_3gram,AUX>NOUN>ADP,-0.5408718769092987,1.0,-0.5475635350360638,1.2371774184434399,4,4,0.23915216326713562,0.9866415868883264,0.24176530321212564
ef6267b989bea10b32954b73,pos_4gram,NOUN>ADV>NUM>NOUN,0.5261368955363661,1.0,0.46089969781786194,1.177283472323485,1,4,0.30933812260627747,0.9866415868883264,0.24164832104976197
7655a7702b88b87e83cf57cc,pos_3gram,ADP>ADP>VERB,0.33498504731786183,1.0,0.3424937342356395,0.3866603725099849,1,5,0.46050789952278137,0.9866415868883264,0.2415768518079936
835dbd81515410e07509026b,pos_4gram,PRON>ADP>X>X,0.4271169918640022,1.0,0.3149749041003329,0.7683939159279672,1,3,0.4641071856021881,0.9866415868883264,0.24152819573566103
5bee6c4cd66ec89cd1edf94e,dependency_treelet,PART>conj>X,-0.4244722122991,1.0,-0.37792083905391616,0.7576997123083407,3,3,0.36412715911865234,0.9866415868883264,0.2414930202961983
386f3c07d0b7193ad2f065a9,pos_4gram,ADP>NOUN>SCONJ>NOUN,-0.36486445868210615,1.0,-0.33020919162183704,0.5117944768516701,2,2,0.47550490498542786,0.9866415868883264,0.24134527825630153
f1605a5a6e4be8f33390e84d,pos_2gram,PROPN>NOUN,-0.4138251990947451,1.0,-0.3842337981353451,0.7169979923306325,9,8,0.35632872581481934,0.9866415868883264,0.24101670528631414
a2fc764db6f5213ba728d72e,pos_4gram,NOUN>X>PART>NOUN,-0.5152120835948644,1.0,-0.5158727204292183,1.1380954409544355,5,5,0.24695061147212982,0.9866415868883264,0.24096776679196144
1f06f69258e05200b53d2073,pos_4gram,SCONJ>ADJ>SCONJ>VERB,-0.49658234273310803,1.0,-0.511755595589441,1.0618277532129767,3,3,0.285742849111557,0.9866415868883264,0.24084569720204632
83107f75effbcd58019d5aea,pos_4gram,ADV>ADV>VERB>NOUN,0.4131983357737434,1.0,0.42630281714229423,0.7170849896154522,5,8,0.3435312807559967,0.9866415868883264,0.24063941987302606
aafbef6142957efeaeeac9c1,pos_3gram,SCONJ>ADV>ADJ,0.46873108357032034,1.0,0.40875885706536086,0.9518800246267666,4,7,0.30973803997039795,0.9866415868883264,0.24014338876179128
0a46592b00bef7e3eb92b564,pos_2gram,ADJ>ADP,-0.5304846628241716,1.0,-0.5788462771030886,1.2093270582312683,7,6,0.22375524044036865,0.961011276813224,0.2401114225473092
3bedd817a6b5e1641eaa94a6,dependency_path,conj>obl,0.2922972618682244,1.0,0.3521720971721119,0.21751431351345826,2,3,0.5228953957557678,0.9895152645881432,0.24007706408372617
d7ec7325f8eb4e72d2101739,pos_4gram,NOUN>ADP>AUX>VERB,-0.35072408889434836,1.0,-0.3969402226788498,0.4612962294814052,4,5,0.4159168004989624,0.9866415868883264,0.24000889198134437
b53bf159d75f66307b7936d3,pos_3gram,ADP>VERB>NUM,0.38264355693620156,1.0,0.4294367620231684,0.5945509953801074,5,9,0.4087182581424713,0.9866415868883264,0.23996946980362166
8d847b67f677ad48876d81ce,pos_3gram,VERB>NOUN>NUM,0.49158815911432213,1.0,0.5663436469480195,1.0487621456392566,3,6,0.2721455693244934,0.9866415868883264,0.23994398771992947
9474bab7b9998549c0cff03f,pos_4gram,PART>NOUN>ADV>ADV,0.44730753329200745,1.0,0.43975249791551135,0.8645425905608611,2,5,0.30053988099098206,0.9866415868883264,0.2399020196998856
bc5a5c2c6f1f61a62089fd5b,pos_4gram,SCONJ>VERB>NOUN>ADJ,-0.4563116434911374,1.0,-0.42712564305152084,0.9027199179085966,3,1,0.4625074863433838,0.9866415868883264,0.23982071097079768
2d75866b580cd225173172dc,pos_4gram,NOUN>AUX>ADV>VERB,0.5673775803610955,1.0,0.5336591953745183,1.3675965685757165,5,8,0.19996000826358795,0.959922602972177,0.23964284620602186
8c1b2b24350b163a99aed663,pos_4gram,X>PART>NOUN>NOUN,-0.3013988615319103,1.0,-0.3079745936349246,0.2586867080315522,7,7,0.4951009750366211,0.9887535956345106,0.23945502849018324
249b0c7161426db0a61dc3d1,pos_3gram,NOUN>ADP>PART,0.42986528983606564,1.0,0.5077864012704718,0.7964858327367107,9,10,0.34333133697509766,0.9866415868883264,0.23928120222424587
4b11bc4d0ec3395692252a00,pos_4gram,NUM>NOUN>NOUN>PRON,0.39833911320947313,1.0,0.11604583875040214,0.6654884506289287,2,3,0.47010597586631775,0.9866415868883264,0.23917254608343316
c8bcb99b2b294fb4332257bf,pos_3gram,ADP>PRON>NOUN,-0.36637113445686664,1.0,-0.4009578820128185,0.5334240135640798,5,4,0.4121175706386566,0.9866415868883264,0.23892356661698808
0ed162d74c84196ad467b558,pos_3gram,VERB>SCONJ>DET,-0.44546029077275384,1.0,-0.5104359438015507,0.8647389313136303,3,4,0.4023195207118988,0.9866415868883264,0.2388861428762823
5d3550a822676b0a4c442928,function_word,库,-0.46469630116046273,1.0,-0.44492297403134423,0.9461891580921203,4,2,0.27374523878097534,0.9866415868883264,0.2387724231369225
f3bb5f72bbea55269dcfc31b,pos_4gram,VERB>ADJ>NOUN>AUX,0.40333035895566033,0.95,0.42137516798237723,0.6047707834236462,1,3,0.601479709148407,0.9895152645881432,0.23876546418076533
a4c1cb63fd16a42a36853a76,dependency_path,appos>nmod,0.40798682046413903,0.95,0.46850819378694986,0.6278200651800214,8,9,0.5126974582672119,0.9895152645881432,0.2381021635816171
37d96e719b8db945b1fc07bf,pos_4gram,NUM>NOUN>PART>NOUN,0.502624735379519,1.0,0.5216770276682141,1.1110257696836658,5,7,0.2833433151245117,0.9866415868883264,0.2380950259336894
d83c1fb04aa312b44a1eaa7d,pos_4gram,AUX>ADV>VERB>NOUN,0.540339840473248,1.0,0.4896496601256085,1.2700418465029848,2,4,0.2419516146183014,0.9866415868883264,0.23803078401644676
8a162da3a56500860f4de6f9,pos_3gram,NUM>VERB>VERB,-0.40162597914504966,1.0,-0.4098669525542495,0.6876120366152482,5,5,0.4903019368648529,0.9866415868883264,0.237984779932341
dac7e4508f1c21c50fae58ff,pos_3gram,NOUN>VERB>CCONJ,0.4364940265063736,1.0,0.5391541226517664,0.8359910095355332,5,8,0.3571285605430603,0.9866415868883264,0.2377430086745345
ff5cb1605bc8c376ef1f7d3d,pos_4gram,X>NOUN>NOUN>ADV,-0.3159392517210899,0.95,-0.28069432845550096,0.263630006818245,5,4,0.5474904775619507,0.9895152645881432,0.23752386973682124
d60f7bbb7f42172eafdda14d,pos_4gram,CCONJ>X>X>X,-0.5299989299540094,1.0,-0.4967908687246211,1.2347203789082717,3,2,0.3435312807559967,0.9866415868883264,0.23716565837777426
264acf9681cf2ee1bfd48fa7,pos_4gram,ADP>ADV>VERB>AUX,0.5036744486143885,1.0,0.3634874277053796,1.1276632981354402,1,4,0.31313738226890564,0.9866415868883264,0.23672657654798077
2f65cdc53843ef0d177c918b,pos_4gram,AUX>VERB>PRON>VERB,0.4246607094683808,1.0,0.17972937373919962,0.7948823770195586,2,4,0.38172364234924316,0.9866415868883264,0.23659528607860042
27ce1f1d7c37e2c778fea097,pos_3gram,VERB>AUX>VERB,0.43544085030529117,1.0,0.544013463706209,0.842411815308385,9,10,0.37332531809806824,0.9866415868883264,0.2363428451159854
c8801ba7fe914078f4c9c670,pos_4gram,VERB>SCONJ>AUX>X,0.4572346317666722,1.0,0.3768353227022378,0.9367559161898681,1,5,0.3259347975254059,0.9866415868883264,0.23608273399065097
3c79884643eca6cce7e54228,dependency_treelet,VERB>obl>X,-0.4829581924352419,1.0,-0.4916602487663493,1.0477630293980937,7,10,0.2763447165489197,0.9866415868883264,0.23584671932337775
182b625e530b1f37269a0407,pos_4gram,SCONJ>NOUN>X>NOUN,-0.5974679716574998,1.0,-0.5577183323755982,1.533769917144138,4,1,0.17956408858299255,0.959922602972177,0.23580198328777924
0640f216105a8b67fc482586,pos_4gram,ADJ>PART>NOUN>ADP,-0.38523931718614823,1.0,-0.35200347832025564,0.6355539572154163,2,2,0.4637072682380676,0.9866415868883264,0.23554057356935548
449a15f237be7fda47284217,dependency_treelet,NOUN>case>ADP,-0.27569130113801843,1.0,-0.2504272948751587,0.17054997910306066,10,10,0.5302939414978027,0.9895152645881432,0.23552287903953334
0d8852c37985b9ebca01f5b6,dependency_path,parataxis>punct,-0.4318393241569875,1.0,-0.4852911650677336,0.8336518553222211,10,10,0.3207358419895172,0.9866415868883264,0.23550780531405832
47df68aa0f23f65f13a2c50d,pos_3gram,VERB>SCONJ>ADJ,0.4679649205427788,1.0,0.49280424675277923,0.9875154048967975,7,7,0.28834232687950134,0.9866415868883264,0.2354522231072106
f4c686f87c03ac8d99b1edab,pos_4gram,X>NOUN>X>NOUN,-0.4131587188128656,1.0,-0.37192060944107996,0.7551058509029254,3,3,0.40791842341423035,0.9866415868883264,0.2354038752707214
8453657038b16b02b2cfad42,pos_4gram,NOUN>PRON>NOUN>VERB,0.3553008047910955,1.0,0.30977610363919184,0.5101383873875097,1,4,0.4513097405433655,0.9866415868883264,0.23527698372448788
026059a2590f5c8499ec6035,pos_3gram,NOUN>CCONJ>NUM,0.3324156540809917,0.95,0.39173182133931744,0.3428457630521954,3,6,0.6232753396034241,0.9989668161719603,0.23516838647140106
420db9947ed615a8801acb94,pos_4gram,ADJ>PART>SCONJ>NOUN,-0.42776924675308087,1.0,-0.46446939503900775,0.8191742619587584,2,3,0.4757048487663269,0.9866415868883264,0.23514473335418076
f9d81599ccd62b1890361fa4,pos_4gram,VERB>VERB>X>PART,-0.4586985717096615,1.0,-0.4611007288309686,0.9515797910066464,4,3,0.3599280118942261,0.9866415868883264,0.23503961960635988
08a2adef38e81764bc3376b3,pos_3gram,ADP>PART>ADJ,0.5055495989318768,1.0,0.4919137801819684,1.1516230590093584,2,6,0.25914818048477173,0.9866415868883264,0.23496197292319407
727da1f3ed1d60a84a4e778c,dependency_treelet,X>case>ADP,-0.3798908109488484,1.0,-0.35018355176466925,0.6175143291329814,8,9,0.38692259788513184,0.9866415868883264,0.2348608628107036
72759d320373b91000cb7098,pos_4gram,VERB>NOUN>NOUN>AUX,0.41180881603722697,1.0,0.42297529470483636,0.754105485512276,3,6,0.3591281771659851,0.9866415868883264,0.23476855835552027
0c24c7ef8222b39e95682886,pos_4gram,NOUN>VERB>PART>CCONJ,0.4553888966670088,1.0,0.47598565505204055,0.9405526782255336,1,4,0.32053589820861816,0.9866415868883264,0.2346696906385568
ce4173d7b628138424831c6a,pos_4gram,AUX>ADJ>PART>NOUN,-0.33588340432301794,0.95,-0.3806300296943798,0.3610474645439211,2,3,0.6746650338172913,1.0,0.23444386946034382
9197253d5a3b43dcbc5b7278,pos_3gram,SCONJ>NOUN>SCONJ,-0.3528044184803953,1.0,-0.5159799579518652,0.5049739670519826,6,7,0.40931811928749084,0.9866415868883264,0.23442559552806486
2f6d14ccd1fc35b5310bf153,pos_4gram,PROPN>NOUN>NOUN>NOUN,-0.34826417629742595,0.95,-0.3245359477046577,0.4128331222548433,2,4,0.8424314856529236,1.0,0.23417554576758895
51bfeef9af2b4b6b1d1be3c4,pos_4gram,ADJ>PART>NOUN>NOUN,-0.35412428010044217,1.0,-0.2957385696763803,0.5130171356331223,6,6,0.4095180928707123,0.9866415868883264,0.23405173131252
ae86212345c28288eea31f7d,pos_3gram,NOUN>ADJ>ADJ,0.25672561125725607,0.95,0.29677848457375355,0.04485233863754606,2,5,0.5734853148460388,0.9895152645881432,0.23341990219634012
927df1666ca3b132d5198c68,function_word,力,0.4144853646732659,1.0,0.33310929619765345,0.776634143910335,2,5,0.33933213353157043,0.9866415868883264,0.23329809690643016
b2e3b7e821eb6fbf21f91767,pos_3gram,SCONJ>VERB>VERB,-0.41742160018667535,1.0,-0.48530977961191735,0.7902596188323597,10,10,0.33833232522010803,0.9866415868883264,0.23316260714126222
6a9651cf419a008386919792,dependency_path,obj>appos,0.45238994430083806,1.0,0.5398976914734854,0.9412834387749299,10,10,0.36172765493392944,0.9866415868883264,0.23303652380938464
f8e9fd6487a6bf6f6a319856,pos_4gram,NOUN>VERB>SCONJ>NUM,-0.6172183378329145,1.0,-0.6171661764611818,1.6545908252956771,4,3,0.15656869113445282,0.959922602972177,0.23250978341046843
8d9d83ed8e8f27200758896d,pos_4gram,SCONJ>AUX>VERB>ADJ,-0.27669620560927793,1.0,-0.2572614653080392,0.1907801035163855,4,4,0.5200960040092468,0.9895152645881432,0.2323654928329683
40813b391b088d70b9d48f4b,dependency_path,obj>det,0.27799897941807417,1.0,0.10576643274160966,0.19640612407101304,9,10,0.5308938026428223,0.9895152645881432,0.2323617154951753
1d8a05fbb78f3d531e8b05e5,dependency_treelet,NOUN>parataxis>VERB,-0.43664623136940434,1.0,-0.4615664057709113,0.8794356146040233,6,8,0.31893619894981384,0.9866415868883264,0.23232837984790503
c00cf98cb32de4c600392111,pos_4gram,VERB>ADP>X>VERB,0.37969544103251796,1.0,0.36523751477110555,0.6346904564469542,2,3,0.4567086398601532,0.9866415868883264,0.23227360234169148
80b9d41e1246c5363c141b5f,pos_2gram,AUX>NOUN,-0.36331241431222394,1.0,-0.38765777733201745,0.5646020606833801,10,10,0.40891820192337036,0.9866415868883264,0.23220755196598547
35b87b48bdd2c158bf965d90,pos_4gram,VERB>NOUN>SCONJ>VERB,0.33307455859227625,1.0,0.2097142079306727,0.4345993347335711,3,6,0.4451109766960144,0.9866415868883264,0.23217253105316246
f19ac2d65e474ab0f025acff,function_word,一切,-0.2569101979929361,0.95,-0.3615818116118745,0.05147553505616509,2,2,0.7448510527610779,1.0,0.2321163735685514
c297fc8c12e469484467a064,pos_3gram,ADP>DET>NOUN,0.2840498777250533,1.0,0.18061252823934318,0.2239951875816883,8,9,0.5038992166519165,0.9895152645881432,0.232067805990533
aa06ec7616fa36f304163da7,dependency_path,nsubj>conj,-0.39701128538768815,1.0,-0.3298238504606306,0.7115434496494912,10,10,0.4033193290233612,0.9866415868883264,0.23196097386192124
afb0263b0d6717ea8dbc2a55,pos_4gram,VERB>SCONJ>ADP>VERB,-0.35092554671262927,1.0,-0.3160159796071485,0.5142405929005891,2,2,0.4637072682380676,0.9866415868883264,0.2317501910580915
51dc4420219521c7f6db9292,pos_3gram,SCONJ>ADP>NOUN,-0.42301620306026694,1.0,-0.4100387038927319,0.827276019289681,8,7,0.3259347975254059,0.9866415868883264,0.23150098758736326
4290279b9860ccd213c4a64a,dependency_path,appos>conj,0.4726376453174732,1.0,0.5354860370209517,1.0418245256434644,5,7,0.37632474303245544,0.9866415868883264,0.231478091962151
7633f0ca244763714b6f5c0e,punctuation_run,），,-0.3108502356077079,0.95,-0.3497211854699026,0.27755117829335785,4,4,0.5416916608810425,0.9895152645881432,0.23115138465279741
f32dd40c2945ed659c00a03f,pos_4gram,VERB>ADJ>ADJ>NOUN,-0.481279071283667,1.0,-0.443073411964973,1.0822430717414313,3,1,0.33213356137275696,0.9866415868883264,0.23113491302490508
bed9ee6e8dbfa499a95dca34,pos_4gram,SCONJ>VERB>PRON>ADV,0.3515916725239788,1.0,0.1990447045302341,0.521864822178327,1,3,0.5938811898231506,0.9895152645881432,0.2310268740036495
03fa217f5a25470d0e8492b9,pos_4gram,NUM>NOUN>NOUN>PART,0.5013442201575423,1.0,0.5562330484007539,1.1721286104089563,6,10,0.2623475193977356,0.9866415868883264,0.23080779736295268
dd9d51f5224bd40e18b30e31,pos_3gram,PART>ADV>ADJ,-0.38611087001259087,1.0,-0.41286633793531546,0.6728953905831865,4,3,0.39772045612335205,0.9866415868883264,0.23080395354427338
86e22194c2e98cbf890d3121,pos_4gram,VERB>AUX>VERB>PRON,-0.5697923069040032,1.0,-0.600487382464913,1.473102053591143,3,2,0.22175565361976624,0.959922602972177,0.2303957922304981
cff2f7c13d59128d6f36ce4a,dependency_path,obj>flat,-0.3461515355738593,1.0,-0.3480047365206015,0.5025938749568025,7,8,0.44591081142425537,0.9866415868883264,0.23036932423527326
724fc973fc15442904c948ff,pos_3gram,CCONJ>NOUN>PART,0.5793703994398655,1.0,0.653850199482144,1.5158619944454175,5,9,0.20735852420330048,0.959922602972177,0.23028703510725698
9dc3bc358f1800e0763e325c,dependency_path,root>nummod,0.49143246497448023,1.0,0.4192958993473143,1.1391534357878348,4,7,0.26154768466949463,0.9866415868883264,0.2297322187145913
10b7d930bed81f26792640db,pos_2gram,NUM>VERB,0.290363854739769,1.0,0.31506854006764345,0.26546148805811615,9,10,0.5012997388839722,0.9895152645881432,0.22945293671903044
83354cf0e8004a28b560ddae,pos_4gram,NOUN>ADP>VERB>VERB,-0.5247285718378919,1.0,-0.552896085348834,1.2871177789340384,7,7,0.2503499388694763,0.9866415868883264,0.22942787497478734
0d6065802e633afaa526cb52,pos_4gram,ADP>NOUN>CCONJ>NOUN,0.5504838131268688,1.0,0.38969182708852845,1.4027074913970872,2,5,0.21215756237506866,0.959922602972177,0.22910979180690133
1718c09e4f437e65a2fcb0ba,pos_4gram,VERB>NOUN>PART>SCONJ,0.37255395037986355,1.0,0.46056670562154606,0.6266029916015531,3,6,0.4339132010936737,0.9866415868883264,0.2290380334374321
d14cfc554272df5f0603206d,pos_4gram,VERB>DET>NOUN>NOUN,0.368398661535777,1.0,0.13317208449919915,0.6085553567190798,8,7,0.4073185324668884,0.9866415868883264,0.22902454677542977
c8e2548337096b03f2280137,pos_3gram,ADV>ADJ>ADJ,-0.4499383145669254,1.0,-0.7999791104585082,0.9657950864907585,4,2,0.34773045778274536,0.9866415868883264,0.22888362966159068
d09790062072e3003f71cb9a,pos_4gram,ADV>ADP>PRON>VERB,0.351581070942402,1.0,0.27008790317124437,0.5370109463573854,1,3,0.4557088613510132,0.9866415868883264,0.22874337477922715
7cc31c6d5f6efc0a2eac67bc,pos_4gram,NOUN>PART>SCONJ>AUX,-0.35092554671262927,1.0,-0.3160159796071485,0.5375907506294141,2,2,0.4637072682380676,0.9866415868883264,0.22823078674801967
635db6e73179f09772b3f590,pos_3gram,NUM>NOUN>ADP,-0.38911375131547854,1.0,-0.4652274650334673,0.7053512284830222,9,10,0.3881223797798157,0.9866415868883264,0.2281722057113189
6ec06c8a0067a15a0075746c,pos_4gram,AUX>ADJ>NOUN>ADP,-0.4251668293577553,1.0,-0.3921343050942617,0.8635320771621512,3,2,0.4659068286418915,0.9866415868883264,0.22815106569306473
d9b20becfd3cb2b4ad571965,pos_3gram,SCONJ>VERB>SCONJ,-0.3893174021361269,1.0,-0.4280885458394831,0.7069321806839722,6,7,0.46770644187927246,0.9866415868883264,0.22808018182663026
65dc7f8b1a940e567288998f,pos_3gram,PRON>PRON>AUX,-0.5577081063030399,1.0,-0.5861889892229406,1.4464273715928864,3,2,0.26994600892066956,0.9866415868883264,0.227968388834659
23081df5e663aa9adbc48c59,pos_4gram,VERB>NOUN>NOUN>SCONJ,0.5025272377531136,1.0,0.5186508637742099,1.2050242456720894,8,9,0.25634872913360596,0.9866415868883264,0.22790100323814974
f4776594d5d1dc30b9b0deb3,pos_3gram,PART>VERB>SCONJ,-0.36902043985435135,1.0,-0.35189269256557615,0.6217042892482947,4,5,0.42191562056541443,0.9866415868883264,0.22755100439760362
e22b99e24b1f6919e55a9960,pos_3gram,PROPN>VERB>PRON,0.3014382939438276,1.0,0.29001726909481684,0.3260776743133611,1,3,0.4639072120189667,0.9866415868883264,0.22731571444328208
c79e59bbba50d37390f3a94c,pos_4gram,NOUN>ADV>AUX>NOUN,0.3229007187603468,1.0,0.17978311586623805,0.4209054968116563,1,4,0.49870026111602783,0.9895152645881432,0.2272499610177438
8f4553f99b8b75e7cda8e5e7,function_word,并,0.48722438789045613,1.0,0.5718590471827002,1.1451857996844308,8,10,0.2847430408000946,0.9866415868883264,0.22712456327192249
17885be9e42358ad9d92a6df,pos_3gram,PART>X>VERB,0.39757175111588294,1.0,0.4451259882375942,0.7521649448113484,2,6,0.36912617087364197,0.9866415868883264,0.22690315332081284
c3793b162fac9a99612ebc77,pos_4gram,ADP>AUX>VERB>VERB,0.36373367486951347,1.0,0.42083349578626267,0.6046302345068577,1,3,0.4669066071510315,0.9866415868883264,0.22667756536526795
0b04af6381a4bc254ae867c3,function_word,需要,-0.451104385892452,1.0,-0.37440359712547944,0.9903272642740265,8,8,0.29954010248184204,0.9866415868883264,0.22664834773139317
6b3692936142625b1d045687,dependency_path,advcl>mark,-0.29713489665567655,1.0,-0.3508813883726788,0.31179387801148717,10,10,0.49730053544044495,0.9895152645881432,0.2265103547411696
4aa0c25815b281ee798b63e6,dependency_path,ccomp>xcomp,-0.5417546283005062,1.0,-0.7098190244989562,1.392548713830358,10,9,0.22795440256595612,0.9664622067658178,0.22643410567519126
a919a566d5e747540bd18e53,dependency_path,acl>aux,0.524070979278087,1.0,0.4944948379671241,1.3145943172467194,8,8,0.2507498562335968,0.9866415868883264,0.22642023069575556
53e3f4cf34b125569289a625,pos_3gram,PROPN>SCONJ>VERB,-0.48964722945887407,1.0,-0.4709284099605462,1.1640514990656985,3,3,0.33353328704833984,0.9866415868883264,0.22626412988335673
e94b8fa2fc521e4a1db4610b,dependency_path,nmod>amod,0.32909811484200496,1.0,0.43906186798234464,0.45497351923981244,10,10,0.4655068814754486,0.9866415868883264,0.2261883879604562
52da089a2ecc59322f9832a8,pos_3gram,ADP>NOUN>AUX,-0.5017690170415356,1.0,-0.4824422045266843,1.2273897337405,5,5,0.27374523878097534,0.9866415868883264,0.2252722141261309
3ecd0c2cd52340be0f1998ae,pos_4gram,VERB>PART>ADP>NOUN,-0.5592706884612,1.0,-0.5201744468588912,1.484553137652475,3,2,0.2079584002494812,0.959922602972177,0.22509910534238994
af32b636179e973a8b6d8921,pos_4gram,PRON>AUX>VERB>X,-0.5562184987529549,1.0,-0.5788450480389601,1.4711128288851547,3,2,0.2167566418647766,0.959922602972177,0.22508826478954969
fe7e8730a7ab15d18c8351cb,pos_3gram,SCONJ>AUX>X,0.5074128417834498,1.0,0.4601616578801351,1.2569404274270248,2,7,0.2501499652862549,0.9866415868883264,0.22482332081840312
9039a5dd6b55259de53dc538,dependency_treelet,PART>compound>NOUN,-0.5180448920517197,1.0,-0.3930455362686514,1.3062760337859862,10,10,0.2517496347427368,0.9866415868883264,0.22462397582187785
267792a0d513cc291c97afb2,pos_4gram,SCONJ>VERB>DET>NOUN,0.510691073092771,1.0,0.28196923794656775,1.2747327328745808,3,6,0.27434512972831726,0.9866415868883264,0.22450596754169463
870b4432d70b4072bd9d0c2d,pos_4gram,AUX>NOUN>VERB>VERB,0.3177357421395844,1.0,0.3860951698087089,0.4157623979689376,2,4,0.5050989985466003,0.9895152645881432,0.22442730686689397
f7f4676b87a6dc49136f1795,pos_4gram,NOUN>NOUN>SCONJ>AUX,0.48805630853629833,1.0,0.4207974130329781,1.1793697168117956,6,6,0.26454707980155945,0.9866415868883264,0.2239437874039458
a31d77049ac0aee7c575ed43,pos_4gram,X>VERB>PRON>VERB,-0.4080696280097473,1.0,-0.4028144630136885,0.8229841938679964,2,2,0.4945010840892792,0.9887535956345106,0.22384704671734304
8e42a796fb472b318d80ba71,pos_3gram,PART>VERB>ADP,0.3276413792018065,0.95,0.3637423862838895,0.39111314351421317,5,6,0.6126774549484253,0.9921043618789303,0.22374837855058766
9391c4372ae54c213d70500c,pos_4gram,PRON>VERB>AUX>NUM,0.4078577880381227,1.0,0.15470887197862368,0.8235709730245842,3,4,0.4111177623271942,0.9866415868883264,0.22365885072279237
679e74fcb566d39c496f5a07,pos_4gram,ADP>NOUN>ADJ>SCONJ,-0.43265180265645253,1.0,-0.4450531646457448,0.9351654987879476,2,2,0.4757048487663269,0.9866415868883264,0.22357354083019534
05f6757ab865ead70a90d91f,pos_4gram,VERB>VERB>ADJ>PART,-0.3170061433371378,0.95,-0.33388869067742166,0.35012278992828283,2,3,0.7386522889137268,1.0,0.22305810880081356
82cb0d2f30b7793af681787c,pos_3gram,VERB>NUM>NOUN,0.2416915508266947,1.0,0.18139505679410894,0.08399045542795074,10,10,0.5668866038322449,0.9895152645881432,0.22296464845834535
8012baf696a6b0b2d6e6e84f,pos_3gram,AUX>ADJ>SCONJ,-0.40016183356007473,1.0,-0.47610467497660836,0.7962088363152164,8,6,0.3649270236492157,0.9866415868883264,0.22278135229585877
4cf8514fc6a607be253cec39,dependency_treelet,PROPN>flat>PROPN,-0.39582710948043537,1.0,-0.3477497537323608,0.7791581900300475,4,7,0.37152570486068726,0.9866415868883264,0.22247999739345853
13c3357368d6c44e3edd28ec,pos_2gram,VERB>PRON,0.444853132343003,1.0,0.17609654490719867,1.0003163858792525,10,9,0.3533293306827545,0.9866415868883264,0.2223913854244936
7d6c73b6982d224dc8490f15,pos_2gram,CCONJ>DET,-0.36656561963789813,1.0,-0.6325257091502928,0.6512532627486389,3,2,0.4593081474304199,0.9866415868883264,0.22199236659052607
43ad7c66a56a4265cad97f03,pos_4gram,PART>DET>NOUN>NOUN,-0.5165258643578211,1.0,-0.5583329598345946,1.3280156632016697,3,3,0.23295341432094574,0.980723467948487,0.22187387848046272
73d7b9a9ed45231877918a3d,pos_4gram,AUX>NOUN>AUX>VERB,-0.41818858791242275,1.0,-0.38857377031504314,0.8856693281958826,2,2,0.46810638904571533,0.9866415868883264,0.22177196269747115
24516fc2f17970593df7ca34,function_word,被,0.3987310258509161,1.0,0.4344102521410544,0.7988083089184737,7,7,0.3859228193759918,0.9866415868883264,0.2216639893611852
9cbd5296c3613ea3407f8334,pos_4gram,VERB>X>VERB>X,-0.5224317407312007,1.0,-0.5254655500265276,1.3599854508288625,3,3,0.25434914231300354,0.9866415868883264,0.22137074639494697
7cff6d6590bbbc6f24f77e8a,dependency_path,acl>advmod,0.42382690062459677,1.0,0.36429565411470455,0.9148373530369105,9,8,0.3475304841995239,0.9866415868883264,0.22133832931157943
7eddcc03d0603732db6de602,pos_2gram,NOUN>ADJ,0.3509462857863288,1.0,0.5053629521025946,0.5863786731894581,10,10,0.4323135316371918,0.9866415868883264,0.22122478807707469
ecd920ab3d0b4a2d71b256e7,pos_2gram,SCONJ>ADV,0.31766673947427565,1.0,0.14881698013180503,0.436006406395848,10,9,0.47010597586631775,0.9866415868883264,0.2212154054880365
7ade225fbc381516bd6d3d24,dependency_path,parataxis>appos,-0.37525962660170004,1.0,-0.3421745699861813,0.7002696068320691,2,2,0.4763047397136688,0.9866415868883264,0.22070595456968808
061daeb162b53e4be75e57d8,pos_3gram,X>SCONJ>VERB,-0.36167815322022673,1.0,-0.37840989043364115,0.6391405537215185,6,7,0.4141171872615814,0.9866415868883264,0.2206510920610619
f425dd95e3a786f67a97ace5,dependency_path,cop>punct,-0.25715380794291426,0.95,-0.27117719132670004,0.10735763721442555,2,3,0.5916816592216492,0.9895152645881432,0.22061176022617138
fd79bb66042c3248239e4cd3,pos_4gram,NUM>NOUN>VERB>ADJ,0.3769795533985519,0.95,0.36145494763271524,0.6248204436805724,2,3,0.5314937233924866,0.9895152645881432,0.2204124013342548
862290b6aad954bbb8a72dd7,dependency_path,obl>flat,-0.37524647085315327,1.0,-0.3429396062176724,0.7029954045296847,6,7,0.45210957527160645,0.9866415868883264,0.2203449697251443
a3d6fdd2b97630e9046659ac,pos_3gram,VERB>VERB>PART,-0.3887727846654852,1.0,-0.33577177427742927,0.7644529771057778,9,10,0.3717256486415863,0.9866415868883264,0.22033615500662818
ea7490c1181977529aaa0c07,function_word,从,0.42293283928915765,1.0,0.4874498118354525,0.9196644012077038,9,10,0.35492900013923645,0.9866415868883264,0.22031602973055142
65aca7e54561d5ba2679429e,pos_4gram,ADV>VERB>PART>NOUN,-0.43273039739785535,1.0,-0.4450613214520526,0.964664116459069,2,2,0.4781043827533722,0.9866415868883264,0.22025668091183395
1e66941bcf403dc8b565f7ea,pos_4gram,NOUN>PART>CCONJ>NOUN,-0.4249842339431953,1.0,-0.3934595158119119,0.9322357507748291,2,2,0.4737052619457245,0.9866415868883264,0.21994429705214597
41d5b096f3c23edc90a44b7a,pos_3gram,SCONJ>ADJ>VERB,0.2725697619035917,0.95,0.3329927954924569,0.17748544620138768,2,3,0.6822635531425476,1.0,0.21991038160494164
455bc4506b386f8f8fd8d834,pos_4gram,ADP>NOUN>VERB>X,-0.4568536157420823,1.0,-0.4779617811686292,1.0778295193556042,3,3,0.300339937210083,0.9866415868883264,0.21987059644997534
267418466a131d72d6acb623,dependency_treelet,VERB>xcomp>PART,-0.3825343781832674,1.0,-0.3769488405387996,0.7419254729768936,3,2,0.47010597586631775,0.9866415868883264,0.21960433102199756
370e1557bda40d33e1f5bcae,pos_3gram,PART>SCONJ>ADJ,0.32786314212036155,0.95,0.3825044400504628,0.42237253811260017,1,3,0.5986802577972412,0.9895152645881432,0.21897918911429826
6ca04db68f897c4ea52a865d,pos_4gram,ADV>VERB>SCONJ>NOUN,0.257518934690516,1.0,0.2522739090532208,0.1766221903800121,7,9,0.550889790058136,0.9895152645881432,0.21886289141576148
89dbc688c0af8bf85229827a,pos_3gram,SCONJ>PRON>AUX,-0.3836064661985991,1.0,-0.5305937967063573,0.7550342512554891,2,2,0.48310336470603943,0.9866415868883264,0.218574917226932
45c838a36f1d3204e06a7f10,pos_4gram,AUX>X>PART>NOUN,0.4340083327791517,1.0,0.4551154281723038,0.986887149496916,1,4,0.4659068286418915,0.9866415868883264,0.21843632784531497
9d61ce66b613a491e822095f,pos_4gram,DET>PART>NOUN>NOUN,-0.40149508217865004,1.0,-0.33184840745523647,0.8381573193425716,6,5,0.37292540073394775,0.9866415868883264,0.21842258981524346
1ec1dd606d77010e645a46b0,pos_4gram,NOUN>NOUN>SCONJ>VERB,0.35583124368915076,1.0,0.3902786322064539,0.6293073269859947,9,10,0.41171765327453613,0.9866415868883264,0.21839418370958413
5751306796e221261b332a2d,pos_3gram,NOUN>NOUN>PRON,0.26898667141369553,1.0,0.06609643907199797,0.23487631813769286,6,8,0.5392921566963196,0.9895152645881432,0.21782478735955693
232fd300cb1bb86262ec77d5,function_word,同,-0.3575022557249008,0.95,-0.3178126621049582,0.5613902935308694,3,4,0.5388922095298767,0.9895152645881432,0.2175158538808613
717a41fad52f96e23e9a1fb8,pos_4gram,ADP>ADV>VERB>NOUN,0.3118425449745782,1.0,0.3322801767261372,0.4337742993187058,4,5,0.4801039695739746,0.9866415868883264,0.21749765295887788
5900de8d0d1d1f18cc2d0c7f,pos_4gram,NOUN>NOUN>ADP>DET,0.32764708646240787,0.95,0.3383504268817171,0.43160942822130993,5,6,0.5688862204551697,0.9895152645881432,0.2174229409246176
6ffb8546d96b49381a659fe7,dependency_path,advcl>iobj,-0.27597417053047707,1.0,-0.3047460465862909,0.2708913716099957,2,2,0.5880823731422424,0.9895152645881432,0.2171500859124304
9ae0ec266b544fe76089149d,pos_4gram,NOUN>SCONJ>X>X,0.46840930111970325,1.0,0.5370923723732234,1.161081499467597,1,4,0.31273743510246277,0.9866415868883264,0.21674763364320146
f5cf4f53d407a46b9764c8d4,pos_3gram,CCONJ>NOUN>SCONJ,0.5758367676883998,1.0,0.48183238419285046,1.6567272540119222,1,4,0.19656068086624146,0.959922602972177,0.21674666333129566
192ad6c213e1920960fb7ee9,pos_4gram,SCONJ>VERB>PRON>PART,-0.5097815701986974,1.0,-0.512473191233127,1.352994999463385,3,3,0.286542683839798,0.9866415868883264,0.21665221146451918
876e38c6ca2625dfee0b1ffd,function_word,每个,0.24250382099795217,0.95,0.29119159365513336,0.0636669876975259,4,5,0.6042791604995728,0.9895152645881432,0.21658905711339715
a04f71b809d026046db72f13,pos_4gram,ADV>ADV>VERB>DET,-0.2640873039964955,0.95,-0.4312746104972546,0.160523367746673,2,2,0.7388522028923035,1.0,0.21618085923060462
5997d5fcd13945b7e1913457,pos_4gram,VERB>NOUN>PART>X,-0.4964987273980515,1.0,-0.4858316146646916,1.2968475990447608,3,3,0.3169366121292114,0.9866415868883264,0.21616529002818516
6cbad66d020ccb71d51c0ccc,pos_4gram,VERB>VERB>X>SCONJ,-0.5078139642712919,1.0,-0.5113015368692537,1.3527738171354018,3,2,0.308138370513916,0.9866415868883264,0.2158362867577199
fcc187e0fed47f634f68f0cc,pos_3gram,ADV>ADJ>SCONJ,0.35384314303916486,1.0,0.19571044229714973,0.640619811124351,8,10,0.4335132837295532,0.9866415868883264,0.21567650264851357
25589f5ce7073a4a23135aee,pos_4gram,VERB>PRON>AUX>ADP,-0.42695839769090815,1.0,-0.43053090057581267,0.9820162303033348,2,2,0.4729054272174835,0.9866415868883264,0.21541619647865592
5ac3b93552b4dfa36d7eb721,pos_4gram,ADP>VERB>SCONJ>NOUN,-0.31127793415905824,1.0,-0.2712094415460647,0.44541815913687643,5,4,0.47790440917015076,0.9866415868883264,0.2153549353115476
667254220de27a2922a56a51,dependency_treelet,VERB>obl>VERB,0.4021361966604552,1.0,0.3919923027634606,0.8674667538397034,1,4,0.43991202116012573,0.9866415868883264,0.21533780766571714
003707848555a7f24ee44ec0,pos_3gram,ADJ>VERB>ADP,-0.3265955294289595,0.95,-0.32372677250483234,0.44083798061672524,2,3,0.6746650338172913,1.0,0.21533701716046358
75e3eae7b67195fd92d170b3,pos_4gram,VERB>ADP>X>NOUN,0.3451993780374429,1.0,0.39914876445489034,0.6044510988757577,4,6,0.4413117468357086,0.9866415868883264,0.21515107458203298
590656d681a40b001ce06ab7,dependency_treelet,VERB>advcl>PART,-0.23778785668572208,0.95,-0.2362710000078635,0.051611102550530565,3,6,0.6086782813072205,0.9906530276205413,0.21481179050273616
ba317bdf73a8dd3476205132,pos_4gram,NOUN>ADP>NOUN>NOUN,-0.38359202362277006,1.0,-0.29789874019449347,0.7858538670788675,7,9,0.37432512640953064,0.9866415868883264,0.21479474367643192
f92c2cd2531e917769d0525d,pos_4gram,PART>VERB>NOUN>NOUN,-0.3018875551314018,0.95,-0.2557444829033642,0.3385874311074913,4,3,0.5342931151390076,0.9895152645881432,0.21425061278033297
739b447cd2d275628f2dde31,pos_4gram,VERB>SCONJ>AUX>ADV,-0.33637144986343875,1.0,-0.38086300750548996,0.5700322830479562,2,2,0.4913017451763153,0.9866415868883264,0.21424492572243778
fab7243625035b93b3712ee6,dependency_path,conj>punct,0.4331651254354975,1.0,0.5413524512937118,1.0251697466577299,10,10,0.32573485374450684,0.9866415868883264,0.21389077441551665
7090a0dc949c7c8ee6f34459,pos_4gram,SCONJ>AUX>ADP>NOUN,0.3011060720630974,1.0,0.2838928120363898,0.4080220134670061,1,5,0.506098747253418,0.9895152645881432,0.21385040090508015
6e6ba8fb8bec29f625e4fd4a,function_word,都会,-0.45350029206535014,1.0,-0.8111849392629942,1.1215646573146303,3,1,0.44251149892807007,0.9866415868883264,0.21375746928183087
4f58e3ff167a54ed259bf7f5,pos_4gram,X>NOUN>ADP>PART,0.3165569774225902,0.95,0.34987435073123685,0.4099348744605669,2,4,0.6432713270187378,1.0,0.21329292153761212
28b24070f86bc7d3432892ca,pos_4gram,NOUN>VERB>VERB>X,-0.5158322726248432,1.0,-0.48257523799161,1.4189156394190587,7,6,0.26614677906036377,0.9866415868883264,0.2132493850627749
c97aa0d9005e79aa402ffc51,pos_4gram,SCONJ>NOUN>ADV>AUX,0.4261448605812194,1.0,0.47608511081888133,0.9991038844305281,2,6,0.35092979669570923,0.9866415868883264,0.2131679418464101
7deac10290b6866b0f7e635c,pos_3gram,PART>AUX>VERB,-0.40348301525230273,1.0,-0.3925123034924547,0.8940539577363023,6,5,0.37912416458129883,0.9866415868883264,0.21302614616878685
5278f61d4a170b56893af3b1,function_word,与,0.43765045846393497,1.0,0.5081274616699002,1.0549367750796819,8,10,0.4077184498310089,0.9866415868883264,0.21297514540171908
7a9ee0126cd345584c6631bf,pos_4gram,VERB>X>NOUN>ADP,-0.5012806099440249,1.0,-0.46336006592392687,1.3539683552371855,4,1,0.27614477276802063,0.9866415868883264,0.21295129513052266
af3a417e78f7c41d813459da,pos_4gram,AUX>PRON>PART>NOUN,0.35470122414233146,1.0,0.3313165899574632,0.6673193563816778,2,4,0.49390122294425964,0.9887535956345106,0.21273742356838224
12389dd4b638d4b17c5653f3,pos_4gram,SCONJ>NUM>NOUN>NOUN,-0.338041479229348,0.95,-0.39243486208335426,0.5105327077412426,4,3,0.6090781688690186,0.9906530276205413,0.21260010036332988
7d8de142b28a2cc6db2ad90b,dependency_path,parataxis>xcomp,-0.4589029462333884,1.0,-0.4865648320520552,1.159004716533963,10,10,0.32433512806892395,0.9866415868883264,0.21255300774428365
a86e165e99e3ef69130471c4,pos_4gram,ADP>NOUN>AUX>VERB,0.4198494253004075,1.0,0.3790233005078207,0.9763714025010741,1,3,0.4583083391189575,0.9866415868883264,0.2124344770264805
3a93da47a05c4adc8e4cf264,pos_4gram,SCONJ>ADV>VERB>NUM,0.4019409190088009,1.0,0.33632777961360727,0.8929074005524272,1,3,0.4625074863433838,0.9866415868883264,0.2123405079886624
6d224378810353b5a65e40ff,pos_3gram,VERB>NOUN>AUX,0.22868206788806705,0.95,0.24574032538891424,0.02342021383337505,6,9,0.5964807271957397,0.9895152645881432,0.2122764056808382
86e80cf64184fc7cf952338e,pos_3gram,NOUN>X>NUM,0.4798885663193962,1.0,0.534878886161391,1.2610263469965903,2,5,0.2763447165489197,0.9866415868883264,0.21224368612813863
b5d9e27857dac01d81080be5,pos_3gram,AUX>X>X,0.2556495659589716,1.0,0.2877516518105777,0.204519375394276,6,8,0.5610877871513367,0.9895152645881432,0.21224197068253026
32ddb210f4157dfa4d26a678,dependency_treelet,ADJ>obl>NOUN,-0.42708683214593496,1.0,-0.4355864074775045,1.0145941538665821,4,3,0.4111177623271942,0.9866415868883264,0.21199646158320928
15417ecceeadf3bc448b4f74,pos_4gram,ADP>ADV>AUX>VERB,0.23103629610242987,0.95,0.17525000639709012,0.03550229722843182,1,3,0.5944811105728149,0.9895152645881432,0.21195943445491952
f62674c34db74c5f5de9af86,pos_3gram,NOUN>VERB>SCONJ,-0.3303323602543804,1.0,-0.26538170966521424,0.5614196995800996,9,9,0.45590880513191223,0.9866415868883264,0.2115589808065148
830b4bf88c473ae58855aafb,function_word,它们,-0.4312649764141986,1.0,-0.4361407384303933,1.0407985503117303,3,4,0.406118780374527,0.9866415868883264,0.21132167912816444
0a53bad7cca87e08fcb94ac8,pos_4gram,VERB>AUX>VERB>X,0.26966141069746646,0.95,0.2951046893341111,0.2124873477505817,3,6,0.5560888051986694,0.9895152645881432,0.21128330999730235
f5ff66e6b84edb61488d3375,pos_4gram,X>X>NOUN>ADP,0.29638906024992145,0.95,0.33647810784376564,0.33403675753803896,3,5,0.6464707255363464,1.0,0.21106585380530388
2253648ce07bc7d912771199,pos_4gram,DET>NOUN>VERB>SCONJ,-0.47506675326712894,1.0,-0.429836423703524,1.2608116387653658,4,3,0.3221355676651001,0.9866415868883264,0.21013106316391927
fd09c9c9460ee4eb59a8d12e,pos_4gram,VERB>NOUN>NOUN>PART,-0.36995459595922436,1.0,-0.3129729725614187,0.7637696006558603,8,10,0.37932413816452026,0.9866415868883264,0.2097522237721164
cd4b59479e51a77c72b3cd44,pos_3gram,X>PART>NOUN,-0.483018276312433,1.0,-0.4550217606870721,1.304797980614433,8,8,0.29614076018333435,0.9866415868883264,0.209570765149519
2a6431b30a4379005d8a9b4f,pos_4gram,NOUN>VERB>PRON>NOUN,0.36495586552473464,1.0,0.3260760758614506,0.748815730947114,2,6,0.4203159213066101,0.9866415868883264,0.2086874329104324
6759a19101f75686fc4dc045,pos_2gram,X>SCONJ,-0.36797268431265445,1.0,-0.4427838767885164,0.7640640109961941,6,8,0.39432114362716675,0.9866415868883264,0.20859372563519088
ef03b86c11bf8f6ea6013218,pos_4gram,NOUN>ADV>AUX>X,0.29778769408908756,0.95,0.35570629087188876,0.3563810401466577,3,3,0.6052789688110352,0.9895152645881432,0.20856846344154514
61e4764d0889bf02614012b1,pos_4gram,X>VERB>SCONJ>X,-0.2781045554183874,0.95,-0.2427139861690041,0.26762959535311764,2,3,0.6788642406463623,1.0,0.20841997427006367
7070974b6b85f0ff408fc0b7,dependency_path,acl>advcl,0.40818710030938715,1.0,0.4278052460402528,0.9601166447911401,8,8,0.3497300446033478,0.9866415868883264,0.20824633135691853
3367666b691452031e06b30e,pos_4gram,SCONJ>NOUN>ADP>VERB,0.4997719157093341,1.0,0.549647262294274,1.4037765507723419,2,5,0.25394919514656067,0.9866415868883264,0.20791113697683572
bbe7a26ab9eac3bd703f8086,dependency_path,nmod>cc,0.5176907513888629,1.0,0.5630251105763068,1.4921772770031714,2,7,0.08038391917943954,0.959922602972177,0.20772629466045972
17957a6847731a84e3e1743a,pos_4gram,SCONJ>VERB>NOUN>PART,-0.48774513147185866,1.0,-0.5104116688845132,1.3499659191622055,3,3,0.3303339183330536,0.9866415868883264,0.20755412982574079
bfa5d6fe55bb1d08e0799e22,function_word,之间,-0.24248608101174174,0.95,-0.2210191814168516,0.11030789192409755,4,6,0.7020595669746399,1.0,0.20747558279708467
65d66c34f20254f7b4426750,pos_4gram,PRON>PART>NOUN>AUX,0.4831384012578446,1.0,0.42264558752281,1.3292554537968018,2,3,0.3343331217765808,0.9866415868883264,0.20742181819100394
418d534d3eb7cb8f92c8f2a5,dependency_treelet,VERB>conj>PART,0.41875632220594083,1.0,0.44525881529006145,1.022831713054551,1,4,0.4567086398601532,0.9866415868883264,0.2070149086073024
9c5cf147ffe84abd76ef634f,pos_4gram,VERB>NOUN>PART>VERB,-0.31131413987330725,0.95,-0.2737743655299834,0.4288044496864464,2,3,0.5946810841560364,0.9895152645881432,0.2069901398645171
f1e7b3d2725dbe092e794e0e,dependency_treelet,NOUN>nmod>PROPN,-0.32082201664086313,1.0,-0.2916960849646496,0.5505693931144348,8,8,0.4629074037075043,0.9866415868883264,0.206905939241112
237ba4a9f9273daf7c517576,pos_4gram,VERB>NOUN>PART>NOUN,-0.42348412679535585,1.0,-0.39321082407417157,1.0512930311312867,8,8,0.3469306230545044,0.9866415868883264,0.20644740676655282
51fb1b95d1626893316fb813,pos_3gram,PROPN>PROPN>X,-0.47814557348845765,1.0,-0.44070762114995127,1.3160867034244474,3,2,0.3259347975254059,0.9866415868883264,0.2064454550779537
8ddb9a77562bec14bc6b92e0,pos_3gram,AUX>SCONJ>NOUN,0.24273736217066771,1.0,0.21787330032836824,0.17595624766933907,1,4,0.6544690728187561,1.0,0.2064170011866987
102b653bb9cf3962dbaef43a,function_word,全部,0.4205831015338562,1.0,0.47953415177814795,1.0414282496412268,1,3,0.4543091356754303,0.9866415868883264,0.20602394505306376
274fa90e464c46192a1826af,pos_3gram,NOUN>NOUN>ADP,0.3023784845886537,1.0,0.37099188422478996,0.4686308250462853,10,10,0.49770045280456543,0.9895152645881432,0.2058914190222883
2390e5257b86427cad817afe,pos_4gram,NOUN>VERB>ADV>ADP,-0.2669646461565411,0.95,-0.4280141891810943,0.23227453837691237,2,2,0.5848830342292786,0.9895152645881432,0.20581161579688592
9e9b94e5ee144c5bd270bff3,pos_2gram,DET>ADJ,-0.26650595757754164,0.95,-0.48490041454001603,0.23142064943544097,3,3,0.6338732242584229,1.0,0.20560046627018813
1113fb774e6e8dbd5b7742e8,function_word,师,-0.4871228038224335,1.0,-0.4736778142555902,1.3700578454912726,5,4,0.29074186086654663,0.9866415868883264,0.20553203152788924
349a107b3e3604d19d6d4a6f,dependency_path,ccomp>parataxis,-0.36772075591507036,1.0,-0.37160414292698307,0.7894946212118948,3,4,0.42991402745246887,0.9866415868883264,0.20548860642343802
5944ec05fc267aea682c5593,pos_4gram,ADJ>PART>SCONJ>VERB,0.3516899116276204,1.0,0.32997809758950625,0.7125366860372311,1,4,0.4465107023715973,0.9866415868883264,0.2053619723857843
1d588166b02285cf56cf07dd,function_word,他们,-0.32500980500547644,0.95,-0.3859727479058057,0.5053515936822334,4,5,0.5946810841560364,0.9895152645881432,0.20510777419110968
d1d93c690fca82234bc396c8,pos_4gram,X>VERB>ADV>ADJ,-0.4252610796800361,1.0,-0.39558499695945837,1.074290795522336,2,2,0.473305344581604,0.9866415868883264,0.2050151698103396
f506f40a9d55c51c9b75e9c6,pos_3gram,SCONJ>AUX>VERB,-0.3571548681528671,1.0,-0.41298782592468647,0.7434622248804562,8,8,0.406118780374527,0.9866415868883264,0.20485380357314947
0a634b7f614885b171d2a576,dependency_path,parataxis>det,-0.41773775827008564,1.0,-0.5019863447852988,1.0463920427918336,2,2,0.46910616755485535,0.9866415868883264,0.20413378743409208
319ec3aaf5fd5f2ab92102f8,pos_4gram,AUX>NOUN>NOUN>PART,-0.37124733089680706,1.0,-0.3310193641754594,0.8187197399858465,5,4,0.40751850605010986,0.9866415868883264,0.20412563999536076
c1303aee91fa9cbed379e2c9,pos_4gram,ADV>VERB>VERB>X,-0.41489241490600837,1.0,-0.3667993575165662,1.0331965682707065,5,5,0.3507298529148102,0.9866415868883264,0.20405917528126
73ceb06d563455ab72d4edce,dependency_path,root>amod,0.44075316694784017,1.0,0.3934783128993729,1.1603282967955735,4,7,0.29674065113067627,0.9866415868883264,0.20402138304701728
c39c1dc80c0ee9920c750cca,pos_4gram,SCONJ>PRON>VERB>VERB,-0.43637879952669906,1.0,-0.5467531700750216,1.1391837017453097,2,2,0.47490501403808594,0.9866415868883264,0.2039931396123988
ba60f2ca936567fb5a38c0b5,pos_4gram,VERB>SCONJ>NOUN>AUX,-0.4061589716021743,1.0,-0.41655327854400287,0.9921186642457673,4,4,0.3483303189277649,0.9866415868883264,0.2038829206772928
060183c9671da49acdaef1a1,pos_4gram,VERB>NOUN>ADP>DET,-0.32847414264318336,1.0,-0.5193036355731012,0.6116000221726959,2,2,0.5972805619239807,0.9895152645881432,0.20381865110695857
505ca07a733957a54d1c2d82,pos_4gram,NOUN>NOUN>ADV>ADP,-0.3679601461704653,1.0,-0.33028648795990967,0.8073631519731375,4,5,0.4169166088104248,0.9866415868883264,0.20358949211106536
248c5a1d0cb2bd29ec8f2bfb,dependency_treelet,VERB>csubj>VERB,0.2729731540214528,1.0,0.2863860591572802,0.3450779759216262,5,7,0.5342931151390076,0.9895152645881432,0.20294225235114408
37ad05afd9dcea70f9d19adc,pos_3gram,NOUN>SCONJ>PRON,-0.42608814915995447,1.0,-0.5396060920301157,1.1002655425491745,4,3,0.42791441082954407,0.9866415868883264,0.20287346553464594
9f4a3a624886891481eaff02,pos_3gram,ADP>VERB>VERB,-0.4945236095169385,1.0,-0.44336171495035676,1.438074922612731,9,8,0.26114776730537415,0.9866415868883264,0.20283363933171863
9a837a702339efe186a54739,pos_4gram,SCONJ>NOUN>AUX>NOUN,-0.3007131110758072,0.95,-0.38401392771542997,0.4090525691386173,2,3,0.6674665212631226,1.0,0.20274435587357634
a012d787653c16976aa89e99,pos_4gram,VERB>NUM>NOUN>PART,0.3468493475109799,1.0,0.37339761982801933,0.7128751787463513,3,6,0.47050589323043823,0.9866415868883264,0.20249540177518247
05665625d2919b87ed144c08,pos_4gram,ADV>VERB>AUX>ADP,0.24829230184797826,1.0,0.30199097001081593,0.2296347508324087,1,3,0.5734853148460388,0.9895152645881432,0.20192362136796743
ecc396431652156a87f821bd,pos_3gram,AUX>ADV>ADJ,-0.23809714950950492,0.95,-0.263428852995223,0.12067173796662337,4,6,0.6492701172828674,1.0,0.2018363490137076
37b501b8c5876b8814f66883,dependency_treelet,NOUN>conj>X,-0.6189403803684272,1.0,-0.569312922799753,2.066905848270905,9,7,0.17696461081504822,0.959922602972177,0.20181264472705626
c9874f1fefe685282fe8f54a,pos_2gram,CCONJ>VERB,-0.27374686823862454,1.0,-0.19168310692885723,0.35882377621073436,10,9,0.5296940803527832,0.9895152645881432,0.20145869761125687
6f7616ec76742017e5fab3ba,pos_4gram,X>ADP>VERB>PART,0.3303260519266375,0.95,0.323738809792053,0.5593286316618703,2,5,0.5556888580322266,0.9895152645881432,0.20124670512582052
39cc17cee8f65bd881c56055,pos_4gram,VERB>NOUN>ADP>PART,-0.4708580569639874,1.0,-0.42505453786525965,1.3415586177912178,3,3,0.2589482069015503,0.9866415868883264,0.201087452343237
1881a1101211dc0a2d2b904f,pos_4gram,ADJ>NOUN>PART>X,-0.3850862840196655,1.0,-0.34578210997616954,0.9154483931547911,3,2,0.45950809121131897,0.9866415868883264,0.201042369711365
c81772781534ef996461da69,pos_4gram,NOUN>ADV>VERB>NOUN,0.3074586553018925,1.0,0.2212067022511334,0.5297052761613824,8,9,0.47450509667396545,0.9866415868883264,0.20099208657593456
2089bdafdc56387c7032f88c,pos_4gram,SCONJ>NOUN>VERB>VERB,0.5506650089647969,1.0,0.5873217652224895,1.7406289976517135,4,8,0.21255747973918915,0.959922602972177,0.20092650608186294
b597a109b6b9de32d6c69523,pos_4gram,NUM>NOUN>PROPN>NOUN,-0.3911754087617559,0.95,-0.4003266767172479,0.8499286022735965,4,3,0.47590482234954834,0.9866415868883264,0.20088161125080414
d142e9c55017f708f2be72a1,dependency_treelet,PART>nummod>NUM,0.46610328080737495,1.0,0.5261941452362812,1.3239400567106858,6,6,0.3135372996330261,0.9866415868883264,0.20056596531456988
e7917bf995a29ec115d4a832,pos_3gram,SCONJ>X>ADP,0.3284185879609032,0.95,0.34632521916662634,0.5556769437233822,1,3,0.5978804230690002,0.9895152645881432,0.200554273058851
6ae9b5d7dc50b5782b8930b1,function_word,短,0.3079575508205447,0.95,0.3095269139148339,0.45876216123323277,1,3,0.5950809717178345,0.9895152645881432,0.20055337398674264
348d634bf265c959d0a6bfe1,pos_3gram,SCONJ>PRON>VERB,-0.43987129555504,1.0,-0.5327415594336157,1.1955677915551632,4,2,0.4095180928707123,0.9866415868883264,0.20034512131527973
1751422fa05bfba9d574bcd6,pos_4gram,VERB>ADP>PRON>PART,0.4093231250679517,1.0,0.4160366376202419,1.0464037337817673,1,4,0.4635072946548462,0.9866415868883264,0.20002070867585836
abdd7656ecc5b1c080e1a422,pos_4gram,ADP>NOUN>VERB>ADP,0.4510900567550242,1.0,0.4845327567512601,1.2592400638222463,3,5,0.34133172035217285,0.9866415868883264,0.19966450842406597
a5b24b4b65851093d3ccaf05,pos_4gram,NUM>NOUN>ADP>PART,-0.3529917646858286,0.95,-0.32508206753010294,0.682605644985087,2,2,0.7612477540969849,1.0,0.19929932925816926
c1078fae2439dd67b809f544,dependency_treelet,PROPN>cc>CCONJ,-0.33810751827065877,0.95,-0.3041014286419381,0.6116721595989972,3,1,0.6126774549484253,0.9921043618789303,0.1992974442376945
80cdc0f443011af46d091a30,pos_3gram,NOUN>NOUN>SCONJ,0.5770307896235357,1.0,0.5781905097386216,1.8975493527063896,10,10,0.18736252188682556,0.959922602972177,0.19914442150383851
9c092ea5d334dcd0f4609a8e,pos_4gram,PRON>ADV>VERB>NOUN,-0.5171275582144799,1.0,-0.7110517531805645,1.5976937753665341,3,2,0.31553688645362854,0.9866415868883264,0.19907179326459035
65839e74aa3699ab6de6da5c,pos_4gram,SCONJ>VERB>VERB>ADJ,-0.4355006949105736,1.0,-0.4089344277132888,1.1918403748669353,4,3,0.3435312807559967,0.9866415868883264,0.19869179339166632
293a137a19cd8ebd378f8b8b,pos_3gram,VERB>ADJ>X,0.27991604497284256,0.95,0.24545984569802096,0.33852812525392856,3,4,0.5778844356536865,0.9895152645881432,0.19866616002092102
a55a541b8a2d20a9e8aa2d77,dependency_treelet,PART>conj>VERB,-0.3349833619109282,0.95,-0.33540724668923333,0.60257587745585,2,3,0.6062787175178528,0.9895152645881432,0.1985766778922135
fdafa5eb30030498429d2205,pos_3gram,VERB>NOUN>ADV,-0.25183745390706197,1.0,-0.2760661193489275,0.2683133618723723,6,7,0.5676864385604858,0.9895152645881432,0.1985609089028929
846fa85b18f15f0ccbc9a1a2,pos_4gram,ADV>VERB>NOUN>ADJ,0.40710587351079014,1.0,0.405233770903054,1.0521028417021197,1,4,0.5248950123786926,0.9895152645881432,0.19838473259610886
b9ff7d903e6b59633f5b43db,pos_2gram,PART>ADJ,0.2824411420431752,0.95,0.41708972943865646,0.3566108636711637,9,10,0.5516896843910217,0.9895152645881432,0.19778633072044732
b6c3fc330240f239c11f19fa,pos_4gram,NOUN>PART>NOUN>AUX,-0.3488032313572092,1.0,-0.3965175088051793,0.7641780034967216,5,5,0.4291141629219055,0.9866415868883264,0.19771430698368153
0f55b2546523f7318ef39fbe,punctuation_run,%,0.400153430512048,1.0,0.3564606212864708,1.0267611174119045,3,4,0.44771045446395874,0.9866415868883264,0.19743492564285445
29ec0d8cd3316180621f9330,pos_4gram,X>X>VERB>X,0.33288640433874106,0.95,0.38654318382182723,0.6018284442369678,3,6,0.496700644493103,0.9895152645881432,0.1974256889116775
2d565256517a7d427278d4a5,pos_3gram,PRON>ADV>AUX,0.35173181243001694,1.0,0.0240914859017922,0.782184130926387,3,3,0.5150969624519348,0.9895152645881432,0.1973599732633604
fe2a2b2fd81d04c53aad0dd6,pos_3gram,SCONJ>DET>NOUN,-0.29516744122555333,1.0,-0.499934949122661,0.4974772367835037,5,4,0.5184962749481201,0.9895152645881432,0.1971098017219656
7b19f23345b8318d28cd6d54,pos_4gram,ADP>NOUN>ADP>PART,0.4793829925072609,1.0,0.4541357695372618,1.4321740640629532,1,3,0.3435312807559967,0.9866415868883264,0.19710061035123877
a0de812db410132463953a44,pos_4gram,ADV>VERB>AUX>NOUN,0.3791544507631026,1.0,0.44060356675027396,0.9251941558024827,3,8,0.38512298464775085,0.9866415868883264,0.19694348729469255
9b80a8b5e530efdd847aeff5,pos_4gram,VERB>AUX>VERB>SCONJ,0.5088421582446719,1.0,0.5557479299802941,1.5848948450967222,2,4,0.3751249611377716,0.9866415868883264,0.19685216952244414
daa8d6e2e2334e1410192647,pos_4gram,NOUN>ADP>NOUN>AUX,-0.4519429091851622,1.0,-0.4521210180470746,1.297914185445085,3,2,0.37392520904541016,0.9866415868883264,0.19667527710466917
0162dbb636fd3cfe50ee7775,function_word,就,0.4455478184159899,1.0,0.2731994058860063,1.2655606239238084,6,7,0.3057388365268707,0.9866415868883264,0.19666117680149697
4ea8d75b051ef8cfa4263b2f,dependency_path,xcomp>aux,-0.32055629544483133,1.0,-0.4334975890068239,0.629994301314243,8,8,0.4593081474304199,0.9866415868883264,0.19666099150553532
c538977aceb1e775e131cfc8,pos_4gram,VERB>VERB>PART>X,0.4363909862403694,1.0,0.4938439145192631,1.2196193060779474,3,3,0.39092180132865906,0.9866415868883264,0.19660623109801173
9c359a3ddbe2f5768246f905,pos_4gram,X>X>NUM>NOUN,0.3296167804793867,0.95,0.400222044859639,0.5940608589172669,3,5,0.5378924012184143,0.9895152645881432,0.19643913825731127
0abb74cd9868ee61ab56b9a8,pos_3gram,NOUN>SCONJ>ADJ,0.5394738739151297,1.0,0.46732788524027025,1.7486167832973576,3,6,0.2599480152130127,0.9866415868883264,0.19627103974383575
c0f37dbbfe499f698457ebfe,pos_3gram,PART>X>ADV,0.4617148443846496,1.0,0.5476511976080235,1.3525891186079735,2,5,0.32913416624069214,0.9866415868883264,0.19625817391259814
e39e94dea095e5ce0c3afc4c,pos_4gram,PART>NOUN>AUX>ADJ,-0.4210590465338392,1.0,-0.37566854603399064,1.1464063990352003,3,2,0.37292540073394775,0.9866415868883264,0.19616930266472524
30fbe8f4887f19d0e4f5f227,dependency_path,root>obj,0.48990093489500686,1.0,0.4938611622920967,1.4989178899941207,10,10,0.2629474103450775,0.9866415868883264,0.19604523096041362
699aa658967ca53a5b0dce6c,dependency_treelet,SCONJ>punct>PUNCT,-0.3760315722467872,1.0,-0.40480954411865894,0.9218479680918863,6,5,0.495700865983963,0.9888535267300285,0.1956614563118286
42d14cead03f440bc81c4847,pos_4gram,NOUN>NOUN>PRON>VERB,-0.21232639456612312,0.95,-0.3013289420016187,0.03206348023355458,3,4,0.7406518459320068,1.0,0.19544347678320156
00e554ce7f627c8187f352bf,pos_4gram,VERB>ADP>ADP>NOUN,0.39607766809732603,1.0,0.44857267600222916,1.0267648285443312,1,3,0.6056788563728333,0.9895152645881432,0.19542359454786776
44ccf89b9afa79d78c286ece,pos_4gram,NOUN>PART>ADV>VERB,0.2108110483765954,1.0,0.26264438942759577,0.07886822052343355,4,6,0.6302739381790161,1.0,0.19540018360566447
fdefe7ba0a87661827fe65bc,pos_4gram,NOUN>SCONJ>ADV>ADJ,0.31184878970944435,0.95,0.3072525121988972,0.5167866242881742,2,4,0.5158967971801758,0.9895152645881432,0.19531840898386402
bcb21f38791e85b90ede3ee1,function_word,群,-0.2888475983797933,0.95,-0.25280971007126996,0.40592430243538963,2,2,0.6038792133331299,0.9895152645881432,0.19517780437074003
958efee1e1a26d39e00bf090,pos_3gram,NOUN>VERB>AUX,-0.4671533567273125,1.0,-0.47462991135546495,1.3990085372933307,10,9,0.2989402115345001,0.9866415868883264,0.19472767581493305
1e3caf2efdbd7d002929ba04,function_word,我们,-0.36643123586922194,1.0,-0.6274500038202367,0.8824663865448764,8,7,0.4057188630104065,0.9866415868883264,0.19465486262507908
e90cef6b88afa4bed2fe5074,pos_4gram,ADV>ADP>DET>NOUN,-0.3128165805742765,1.0,-0.41753433338129786,0.6075549732543117,2,2,0.6016796827316284,0.9895152645881432,0.19459152923462084
6c680af1036b001310ddcc69,punctuation_run,。“,-0.360701677666294,0.95,-0.3412756211961931,0.7621730051847654,3,3,0.5850830078125,0.9895152645881432,0.19445683980787712
511c3014d81caf6326fbe624,pos_4gram,X>NOUN>VERB>VERB,-0.28327148512484823,0.95,-0.24822167216369997,0.3865478832716899,4,7,0.7344530820846558,1.0,0.19408483047380987
933a779ef0b5ca3c8b731460,pos_3gram,PROPN>VERB>X,-0.3167801660284189,1.0,-0.27187114476865315,0.632486157936914,3,3,0.4785043001174927,0.9866415868883264,0.1940476888507012
818972b65e9a51985151d69c,dependency_treelet,X>acl>NOUN,-0.5457485668037294,1.0,-0.4840219647660286,1.815646435915761,8,7,0.23435312509536743,0.9828528711087978,0.19382709414160879
6ded360db4170a57e46e9b6b,pos_3gram,PRON>ADP>X,-0.4086922598313286,1.0,-0.4782296384402989,1.1097172938542725,5,3,0.3523295223712921,0.9866415868883264,0.1937189693718076
0cda32c8fa33c077aedcaf91,pos_4gram,VERB>SCONJ>VERB>VERB,-0.4956809896985209,1.0,-0.4926001075420009,1.5617464554404403,5,4,0.2827434539794922,0.9866415868883264,0.19349338364295643
08a7a9be1508ce724a280218,pos_4gram,NOUN>NOUN>AUX>AUX,0.39648137764938424,0.95,0.40972577330582505,0.9469697675149654,1,3,0.5912817120552063,0.9895152645881432,0.19345822161772205
dbb1ea1a26a3d3ae92033ebe,pos_3gram,VERB>ADP>PRON,0.34179312816622653,1.0,0.17950813905298368,0.768134570410406,3,6,0.4125174880027771,0.9866415868883264,0.1933071915939589
3007ca20257c8f60417fd7fd,pos_3gram,ADJ>PART>ADJ,-0.37366272429285796,1.0,-0.33680248848302025,0.9334035152310711,5,4,0.40931811928749084,0.9866415868883264,0.19326680713529146
9f10e19db45856d9852202e3,pos_4gram,X>AUX>ADV>VERB,0.2296764297169661,0.95,0.28963679964781386,0.1291254258108594,3,3,0.7102579474449158,1.0,0.19324036395197375
7fbd5cfcb9e39ffa9bfa4f28,dependency_treelet,NOUN>acl>PART,-0.44786381954216825,1.0,-0.39201828823946216,1.3180026502195834,5,5,0.3499300181865692,0.9866415868883264,0.19321109037547576
bc8ae4b9ba20bf3374e14f36,dependency_treelet,VERB>advcl>X,-0.32903853176086617,1.0,-0.35204076635080944,0.7032297058861512,3,4,0.4777044653892517,0.9866415868883264,0.19318505931627994
258900fc37108190826b1bed,pos_3gram,PRON>VERB>VERB,0.2361529908503133,1.0,0.05239677416026253,0.2230740723326181,5,7,0.5826834440231323,0.9895152645881432,0.19308151173536683
8f0da78dc4e99d8bab368611,dependency_path,nummod>case,0.3733857424139155,1.0,0.369226322458495,0.9341086106547839,3,5,0.3825235068798065,0.9866415868883264,0.19305314104749652
9bd9870a1f834ed5d0a9ca34,pos_4gram,ADJ>NOUN>VERB>PART,0.21272986646251832,0.95,0.22887370582661015,0.04751709444111997,2,4,0.6056788563728333,0.9895152645881432,0.19292608608665707
d2b20cbc0a7a378dc1e24c70,dependency_path,parataxis>ccomp,-0.2483077638813871,0.95,-0.3094169208143558,0.22310927591895718,10,9,0.5938811898231506,0.9895152645881432,0.19286287851106762
0a42e0264c796dcff4f25c4e,pos_3gram,NOUN>AUX>ADJ,-0.4267728844413945,1.0,-0.4245656370083085,1.2129665847733926,5,6,0.3397320508956909,0.9866415868883264,0.19285102964403594
af1c0e873a460922dc453e9d,pos_3gram,VERB>ADP>ADJ,0.3805795098245195,1.0,0.39475175083064523,0.9735625402876305,4,5,0.4859028160572052,0.9866415868883264,0.19283883943655172
b80ef096d0c8f142b30b142d,pos_4gram,VERB>VERB>PRON>ADP,-0.47727086916354944,1.0,-0.6166047536875762,1.4766746351735154,3,2,0.39132171869277954,0.9866415868883264,0.19270632580694713
9f0db85ebd54e56c8cd30091,pos_4gram,ADP>NOUN>NOUN>NOUN,-0.2747521901160874,1.0,-0.20462843465243624,0.4264662893251451,6,9,0.5350929498672485,0.9895152645881432,0.19261036322566827
13888d9ac2c6fb3e0a86e62e,pos_3gram,SCONJ>ADP>VERB,0.23354204737366902,1.0,0.17900635747040777,0.2126265762054812,2,5,0.6546690464019775,1.0,0.1925918926372722
27aa619abfae655edc8b7265,pos_3gram,AUX>PART>NOUN,0.3929801774297808,1.0,0.429003006677031,1.0417302053293325,4,4,0.4461107850074768,0.9866415868883264,0.19247409692231734
7ded69892474addbf316636d,pos_4gram,PART>VERB>ADP>NOUN,-0.2864500579962501,1.0,-0.28120384939461496,0.49042897833063454,3,3,0.5116976499557495,0.9895152645881432,0.19219302775305033
59cb60ed9e6b4e387b7fc1d2,pos_4gram,NOUN>DET>NOUN>SCONJ,0.34873820315389253,1.0,0.188226669719848,0.8148675350954101,2,4,0.40251949429512024,0.9866415868883264,0.1921562849134104
e2352be2d548e477c5a8b931,pos_4gram,X>ADV>VERB>AUX,-0.2613323180685073,0.95,-0.250338216538426,0.2942197282063976,2,4,0.812237560749054,1.0,0.19182654749757408
0b0541557fc4b6f9139c34bb,pos_4gram,NUM>NOUN>NOUN>VERB,0.31373098382623527,1.0,0.22938894937242063,0.6362453007651161,8,9,0.5026994347572327,0.9895152645881432,0.1917383559051526
0c277dd16de7ada354448c7b,pos_4gram,ADV>NUM>NOUN>ADP,-0.43686346208130905,1.0,-0.4902994380401682,1.2790970367821197,3,2,0.3917216658592224,0.9866415868883264,0.1916826949580528
c2e5bb0ceb87f350aec41323,pos_3gram,NOUN>ADP>AUX,0.4276246875258929,1.0,0.24750137894550703,1.231883614831804,4,6,0.32053589820861816,0.9866415868883264,0.19159811232276955
18041febafd3948e94ed19f4,pos_3gram,PART>SCONJ>ADV,-0.32259327687074696,1.0,-0.4558572542764384,0.6855478600048622,3,3,0.45690861344337463,0.9866415868883264,0.1913877882232406
1ab2af7234a7d39465001385,pos_3gram,PROPN>NOUN>ADV,-0.3911455284284664,0.95,-0.3817560176933171,0.9425560475213107,2,3,0.5902819633483887,0.9895152645881432,0.19128830412959633
ff88194a4090813d2bba6f24,pos_3gram,NOUN>CCONJ>ADV,0.3949322919237022,1.0,0.35863558499397125,1.0665232051980298,1,4,0.36132773756980896,0.9866415868883264,0.19110953650571605
431e79f4fc744789a4616ec1,pos_4gram,NOUN>CCONJ>NOUN>SCONJ,0.5310942176581225,1.0,0.47870598784985163,1.7849849837753242,1,4,0.26074784994125366,0.9866415868883264,0.19069913150417475
cf98460916706e62d470a25c,pos_4gram,VERB>NOUN>ADP>PRON,-0.4260272653029084,1.0,-0.5842528769743364,1.2351645479032176,3,2,0.3707258403301239,0.9866415868883264,0.190602193338544
936851d7fce68e48185c277c,function_word,高,0.43370603358236404,1.0,0.48438887053792423,1.2769349277830424,2,4,0.3669266104698181,0.9866415868883264,0.19047800984134655
b6a6e91e62896257a078a59a,pos_3gram,PROPN>ADV>VERB,0.3290136835250166,1.0,0.33057677508395783,0.7282004137041544,3,5,0.5018996000289917,0.9895152645881432,0.19037935699819794
a767274fb4730b128b341a18,dependency_path,advcl>xcomp,0.23776960350004223,0.95,0.22751653618239895,0.1865648099648059,9,10,0.5904818773269653,0.9895152645881432,0.19036560112695392
bc4d48bda863551c39556175,pos_4gram,VERB>ADV>VERB>NOUN,-0.277947963293947,0.95,-0.28114245090096396,0.38723731693111896,4,6,0.663467288017273,1.0,0.19034274951122918
4efd26844bb6933a1405e57d,pos_4gram,VERB>SCONJ>NUM>NOUN,-0.317523313872108,1.0,-0.3851661116380337,0.6682169475477198,4,5,0.496500700712204,0.9895152645881432,0.19033694288915332
7e11a31bb0839298d6fd0bf3,pos_4gram,ADJ>NOUN>SCONJ>NOUN,0.42925373848744564,1.0,0.4787104175737711,1.2583971478623663,2,6,0.33993202447891235,0.9866415868883264,0.19007008527873223
88cebec864dead00627001c1,function_word,以下,0.5986783326987426,1.0,0.6594717786558311,2.1502905519070588,1,3,0.3289342224597931,0.9866415868883264,0.19003908459691976
3e0df7ca8f37c6c600ee6908,pos_3gram,DET>ADJ>NOUN,-0.3258544590502759,1.0,-0.36211517021947076,0.7150377725063116,2,2,0.46910616755485535,0.9866415868883264,0.1899984153550628
0da1ecad028c38c55e13ef45,pos_4gram,CCONJ>X>X>NOUN,-0.4115186970176752,1.0,-0.3849249891636904,1.16638519832752,4,4,0.36172765493392944,0.9866415868883264,0.1899563832578682
7fccf548bffd0d91c0806957,pos_3gram,PART>NOUN>AUX,-0.3926421790109884,1.0,-0.4526075334269895,1.0678715304252824,8,7,0.36272746324539185,0.9866415868883264,0.18987745284652033
fbe7bb8e73a0108e3fecf8a3,dependency_path,csubj>aux,-0.35997990780091066,1.0,-0.3608142271332685,0.8992654036914597,5,5,0.45350930094718933,0.9866415868883264,0.18953638975429382
74314e545104de9c2f61ad4e,pos_4gram,NOUN>ADJ>SCONJ>VERB,-0.22866068844863516,0.95,-0.27967627531697486,0.1469374123779113,4,3,0.6366726756095886,1.0,0.18939800174085503
8f3c37dbc2655545bc4e1821,pos_4gram,AUX>VERB>ADV>VERB,0.29680944663077224,1.0,0.1990447045302341,0.567599315042549,1,3,0.5938811898231506,0.9895152645881432,0.18934012268480485
73f334faaba0291281970e38,pos_3gram,NOUN>ADV>NUM,0.49517458435227807,1.0,0.46735777320628497,1.617229752417931,1,4,0.30933812260627747,0.9866415868883264,0.18919798076374852
c70922c2cd617d2eeac18baf,dependency_path,ccomp>discourse,-0.4425593939697339,1.0,-0.6380817364618195,1.3394240926844045,5,5,0.32133573293685913,0.9866415868883264,0.18917450467987318
f8f8386f621e114cf82f8674,pos_4gram,SCONJ>VERB>VERB>ADP,-0.38963279251515437,0.95,-0.38573573027190955,0.9607762716210052,2,3,0.6750649809837341,1.0,0.1887778622409515
5dd12300af139945868192ca,pos_2gram,X>ADP,0.27581271249769934,1.0,0.34466204367404013,0.4635833607139503,9,10,0.5290941596031189,0.9895152645881432,0.18845029254989287
cd14c61fde2800d721b445ef,pos_4gram,NOUN>VERB>ADP>VERB,0.374061115546676,1.0,0.431952599230527,0.9850301793062785,4,6,0.4369126260280609,0.9866415868883264,0.18844102192814097
b7df561acbfd5a5a33c0694e,pos_3gram,PRON>SCONJ>ADV,0.27897895293913316,1.0,0.10160890484180926,0.48211941064739744,1,4,0.5114976763725281,0.9895152645881432,0.1882297410957419
788825d5004b1e8bda66ebd7,function_word,某个,-0.2688224837729525,0.95,-0.35030308976008884,0.3567777988012801,2,2,0.7286542654037476,1.0,0.18822636971944526
bb7d4f6dd69716eeacac83d8,pos_4gram,NOUN>PART>X>X,-0.32076123411955476,0.95,-0.2851498592619238,0.6207765100348764,6,6,0.5922815203666687,0.9895152645881432,0.18801060511854276
851834417e6558148b7ce1a8,pos_4gram,PART>NOUN>ADP>PRON,-0.2956167282017459,1.0,-0.3260508797062376,0.574569531184933,3,4,0.5086982846260071,0.9895152645881432,0.18774447386853807
f39868db2703053c1e3e450b,pos_4gram,VERB>X>VERB>SCONJ,0.2493642077532703,0.95,0.31710539484572725,0.26291820263726134,3,4,0.6016796827316284,0.9895152645881432,0.18757825872721914
1f8c39522bbe8fbd0fd91eba,pos_4gram,NOUN>SCONJ>NOUN>AUX,0.4728813564769014,1.0,0.47708947444189076,1.5251381940108748,1,4,0.2581483721733093,0.9866415868883264,0.1872694958234293
8fab39932a95aaa9d5b6d395,pos_3gram,X>ADJ>NOUN,0.3204193311737281,0.95,0.3797423625768344,0.6262030453430205,4,7,0.5548890233039856,0.9895152645881432,0.187183491930329
c9f0006a1fd88dda6a4a7627,pos_4gram,NUM>NOUN>ADP>ADJ,-0.3928974901150157,1.0,-0.3597731080410335,1.1014808949752937,2,2,0.4645071029663086,0.9866415868883264,0.18696219939683767
015cc46bdba1c90fb8b5ac3b,pos_4gram,VERB>PRON>VERB>AUX,0.49743782180220286,1.0,0.30161492679444085,1.6632594840289372,3,5,0.2613477408885956,0.9866415868883264,0.18677782799056694
f14e164a2d00f20c65492bca,dependency_treelet,PROPN>nmod>PROPN,-0.2891967806461325,0.95,-0.2615394460345466,0.4724046752505558,2,3,0.7254549264907837,1.0,0.18659064741632564
472bcec2f3ba34d4da550630,pos_4gram,NOUN>NOUN>VERB>DET,-0.34422812727716023,0.95,-0.32741726491073064,0.7533350050607276,4,5,0.5816836357116699,0.9895152645881432,0.18651125995284387
8d54b6cbb1a66f9a14765cea,pos_3gram,VERB>ADP>AUX,-0.3390414660894785,1.0,-0.31556115165142046,0.8186296858855322,3,3,0.4955008924007416,0.9887535956345106,0.18642688432988572
e54e6015a43db444f8cedd2c,dependency_treelet,DET>case>PART,-0.5015069174003329,1.0,-0.43846202703603415,1.6901224969021318,6,7,0.24715057015419006,0.9866415868883264,0.18642530887640024
24363f4abbe1cec51429c5a8,pos_3gram,NOUN>NOUN>ADV,0.24682083708508254,1.0,0.25165458758129033,0.3242455849942429,9,10,0.5812837481498718,0.9895152645881432,0.18638599960758456
f3940f4c456c8ccab8037c39,dependency_path,csubj>nmod,-0.22771205626512298,0.95,-0.5312229714555897,0.16078872748817463,2,2,0.7362527251243591,1.0,0.18636160769753046
a75f342d1ce0ee33f2fe75be,pos_3gram,X>VERB>NOUN,0.31571655303873375,1.0,0.35904524957459644,0.6943268371704696,7,8,0.47010597586631775,0.9866415868883264,0.18633745633515506
b02af35f8d5bea93d459515b,pos_4gram,AUX>NUM>NOUN>X,-0.36594747435708785,1.0,-0.3873492844915419,0.964361772964384,2,2,0.46530693769454956,0.9866415868883264,0.1862933189770044
045f5afcab559bb51fb1078e,pos_2gram,NUM>ADV,-0.43377316264821597,1.0,-0.4946358960411518,1.3293952741040367,5,3,0.3201359808444977,0.9866415868883264,0.1862170699281854
94bce068f65f54692c0afd3b,pos_3gram,NOUN>ADP>NUM,-0.4345274457825309,1.0,-0.63235057275743,1.335147930462019,5,5,0.31853628158569336,0.9866415868883264,0.18608133562508725
8416116134949a15de1a2fc5,pos_3gram,CCONJ>NOUN>X,0.2786288478664155,0.95,0.3413294315676105,0.4252294357791817,2,5,0.5612877607345581,0.9895152645881432,0.18572266249074698
4d9dd131efce4d726c3f2390,dependency_path,root>case,0.3460014882071304,0.95,0.3635995613457288,0.7710700414737608,4,5,0.5622875094413757,0.9895152645881432,0.1855948133611088
f000d820aee359736e8a45a5,dependency_path,conj>obj,0.3379571667150761,1.0,0.32175401416794375,0.8223480099097665,9,10,0.4393121302127838,0.9866415868883264,0.1854514971220069
771043c32729149622deec94,pos_3gram,VERB>SCONJ>NOUN,0.3856807703640851,1.0,0.4624701029971652,1.0808442570098746,10,10,0.3669266104698181,0.9866415868883264,0.18534821578540409
b5db36ce14bae8280c275cd1,pos_3gram,ADP>NOUN>ADJ,-0.3230240892086541,1.0,-0.31440067823700246,0.7467942053577072,4,4,0.4533093273639679,0.9866415868883264,0.18492395281475385
df09e7e940e140230b09e234,pos_4gram,DET>NOUN>ADJ>SCONJ,0.3593372929612549,1.0,0.3392023341174332,0.9439448935114485,1,4,0.5086982846260071,0.9895152645881432,0.18484952642467414
f9cc80e0577401cbaec2bd4f,pos_3gram,ADV>ADJ>PRON,-0.3120414722829264,1.0,-0.3641426625642024,0.6902664170991442,3,3,0.5096980333328247,0.9895152645881432,0.1846108217771112
3c0a98e07d7f63fd2bbf7aad,pos_3gram,NOUN>NUM>NOUN,-0.29504524690485195,1.0,-0.23892411733263366,0.5982329969790563,10,9,0.49050188064575195,0.9866415868883264,0.18460715519110155
fd197f4b51f4ba008c92e396,pos_2gram,SCONJ>ADP,-0.2638271456956527,1.0,-0.3310042560153932,0.4293366671993853,9,9,0.5306938290596008,0.9895152645881432,0.18458012849596206
c594b2e681ac4ef44cedc28b,pos_4gram,ADP>VERB>ADJ>NOUN,0.3517345754287693,1.0,0.40534049343885786,0.9063626600124437,4,7,0.43271344900131226,0.9866415868883264,0.18450559424326604
26a70358da658faa7999ab73,pos_4gram,NOUN>VERB>VERB>NOUN,-0.4772042586156172,1.0,-0.4223436906544442,1.587153315195561,10,9,0.31373724341392517,0.9866415868883264,0.18445148024771996
f57b7ba4a64797d25a015db1,pos_3gram,VERB>PRON>NOUN,0.18567239185623613,1.0,0.04955293596287819,0.007984288617797153,6,8,0.6750649809837341,1.0,0.18420167253880534
aafd2ac136bff1fdb6a40926,pos_4gram,PART>NUM>NOUN>ADJ,-0.36048798001351706,0.95,-0.3874175875136669,0.8631714559147959,2,2,0.5908818244934082,0.9895152645881432,0.18380679884594703
b643821bfcdf10f33299864e,pos_2gram,AUX>AUX,0.2984420640494476,0.95,0.26928694698794087,0.5450454059360921,8,8,0.5864827036857605,0.9895152645881432,0.1835026723212706
4d794ae44e2a362b797f96f1,pos_4gram,NOUN>NOUN>CCONJ>NOUN,-0.2229022089205512,0.95,-0.1377824710261331,0.1543207529330907,9,10,0.6028794050216675,0.9895152645881432,0.1834473632536328
8b0f35a20d66af903f024f1e,pos_4gram,NOUN>NOUN>CCONJ>X,0.19337296111059973,0.95,0.18595236431890796,0.002181184730650965,1,3,0.866026759147644,1.0,0.18330449209585054
dcd294844c16ca9951cf6432,pos_3gram,VERB>ADV>VERB,0.2884374201896772,1.0,0.19894710624620413,0.5740518914250666,8,9,0.4985002875328064,0.9895152645881432,0.1832451787396543
e7b52cd95d81babe7fd9a7ce,pos_4gram,NUM>NOUN>SCONJ>NOUN,-0.3598844383566565,1.0,-0.3493328734222116,0.9655790863327239,4,5,0.3775244951248169,0.9866415868883264,0.18309333918896661
b462dd1350f216d32cf6d8f2,pos_3gram,DET>NOUN>VERB,0.4887633588075652,1.0,0.4384217297140188,1.6695144560239736,8,9,0.28734251856803894,0.9866415868883264,0.18309073311239482
b1ee5de013f3de05d90aab21,pos_4gram,DET>NOUN>ADP>NOUN,0.20535049124174465,0.95,0.16457075809755706,0.06561139212094663,2,3,0.6784642934799194,1.0,0.18307139743633252
8afb20b74c363cb10fd036b7,pos_4gram,NOUN>NUM>NOUN>X,0.3606000807448074,1.0,0.39432238347501586,0.9697678492423372,1,4,0.4593081474304199,0.9866415868883264,0.1830672994706004
9ae9c7ec5e3163a1e65783fd,pos_2gram,ADJ>X,0.3847793857703656,1.0,0.4389172745797114,1.101884445346319,6,7,0.44431114196777344,0.9866415868883264,0.18306400555096503
27b238690ec6fe23d98b4335,pos_3gram,PRON>NOUN>NOUN,0.5069701241503669,1.0,0.40994457421876435,1.7706499153352782,5,6,0.2463507205247879,0.9866415868883264,0.18297877380478006
9702c54c9fa2943c93e9c294,pos_2gram,X>PROPN,-0.25235497085743,1.0,-0.2539654162119463,0.3814923494274689,3,5,0.5766846537590027,0.9895152645881432,0.18266838101710325
4a6f3febea274a362be49cf1,pos_3gram,ADJ>NOUN>AUX,0.388955963999346,1.0,0.4262208518455385,1.1317827552282904,4,6,0.3945210874080658,0.9866415868883264,0.18245572305405627
4afd6287314b95e9e4f2b434,dependency_path,ccomp>iobj,-0.40178997647358167,1.0,-0.5793303325799773,1.2038726978139613,3,2,0.3877224624156952,0.9866415868883264,0.18231088250792357
c6a1993cb434397eeb5fddff,pos_4gram,CCONJ>X>X>VERB,-0.5307245891987385,1.0,-0.48359174060458543,1.9129589719245939,4,2,0.2629474103450775,0.9866415868883264,0.182194323474487
f60d081dff2bd4a0a097c9f4,pos_4gram,NUM>NOUN>NOUN>ADJ,0.4484030637946615,1.0,0.4018574339542434,1.465477701205881,1,5,0.37092581391334534,0.9866415868883264,0.1818726908685261
e1cfef6cda0426f166be12e8,dependency_treelet,X>dislocated>VERB,0.4441555227662782,1.0,0.13888998512987435,1.4439408219746592,2,3,0.39772045612335205,0.9866415868883264,0.18173742947155677
8f394f3fcddb587eef88e54e,pos_4gram,VERB>PART>VERB>ADP,0.3438134557115586,0.95,0.4103422927103554,0.7976965635133694,3,5,0.5728853940963745,0.9895152645881432,0.18168960744278106
26fc0f6fda0aa59b776d37a5,pos_3gram,SCONJ>ADP>DET,-0.3542629872732126,1.0,-0.44329945274095467,0.9517452163019383,3,4,0.399320125579834,0.9866415868883264,0.18151087770792695
2b107530a74014b021d21c39,function_word,因为,0.24291697874731097,1.0,0.021775240798783516,0.3400572676916677,7,8,0.5786842703819275,0.9895152645881432,0.181273580319258
cd2c1d8956134a99e7f4d480,pos_3gram,VERB>PROPN>NOUN,-0.4134508728923253,1.0,-0.4011094682861058,1.284637598139664,6,5,0.3557288646697998,0.9866415868883264,0.18097000295757643
5eb0b97070afac584028f78a,pos_4gram,X>ADP>NOUN>PART,-0.42173948812507916,1.0,-0.4046257177866863,1.3308524041189478,3,3,0.3517296612262726,0.9866415868883264,0.18093787808262998
972d774cf0e2be187c26ce15,pos_3gram,X>ADP>NOUN,-0.24715270418851742,0.95,-0.20411541465800911,0.29774664565125103,4,6,0.601479709148407,0.9895152645881432,0.1809251981239095
d28bfaf5742a503086c4d34e,pos_4gram,X>NUM>NOUN>ADV,-0.4609136747603632,1.0,-0.42460935723303683,1.5475604431885863,3,2,0.3177364468574524,0.9866415868883264,0.1809235482489565
0218d9e851818db323df4f5c,pos_4gram,NOUN>CCONJ>NOUN>VERB,-0.3755284216398275,1.0,-0.3578843607380542,1.0758003752612264,5,6,0.39572083950042725,0.9866415868883264,0.18090777230569177
d8d46072039cb85f428dc917,function_word,这些,-0.29974055975271524,0.95,-0.3979895413559235,0.5740794230922505,7,8,0.6154769062995911,0.9925726710353047,0.18090162896970366
4eb215912c31affbfd7adcf9,pos_4gram,ADJ>PART>VERB>VERB,-0.4876070282888523,1.0,-0.5788148800631445,1.6967929640609853,3,2,0.3251349627971649,0.9866415868883264,0.18080996012188705
fe58da29bb224301756a3e9e,pos_4gram,X>VERB>AUX>ADJ,0.3333760041088767,0.95,0.3323038914348684,0.7516796681684111,1,3,0.5866826772689819,0.9895152645881432,0.18080200944193625
9a7c96faddab0993476a33e3,pos_4gram,ADV>VERB>AUX>ADJ,-0.2608364334696032,0.95,-0.2884333453944103,0.3718472182114719,2,3,0.6740651726722717,1.0,0.18062843187390948
6bf0fceec887e6609e674c1f,pos_4gram,VERB>VERB>VERB>PROPN,0.2296280556561695,0.95,0.247518232932459,0.2078604333967913,2,3,0.8066386580467224,1.0,0.18060584388866904
8ad8830e745d8b634301e650,pos_4gram,SCONJ>ADV>VERB>NOUN,0.2811570556033324,1.0,0.10578997560610143,0.5576548849025944,4,5,0.509498119354248,0.9895152645881432,0.18050022397670848
ae20758353827115cd432af7,dependency_treelet,ADV>punct>PUNCT,0.3792219971783702,1.0,0.25648836871838027,1.1030829476152462,3,5,0.4335132837295532,0.9866415868883264,0.1803171851154907
7c485cd0bd69b4e469443bc4,pos_3gram,NOUN>VERB>PROPN,-0.2317264942275394,1.0,-0.1967340186662842,0.2869293389734454,6,6,0.5762847661972046,0.9895152645881432,0.18006155210695748
90783d3e6e7930e031fed16a,pos_3gram,ADP>VERB>ADJ,0.31293327074845395,1.0,0.3949079666139347,0.7415470572505738,6,9,0.4593081474304199,0.9866415868883264,0.17968694526261608
2d8bfb8b5c3d5bdf3a6fe7c6,pos_4gram,VERB>AUX>NOUN>PART,-0.36525439934321574,1.0,-0.34784298612099335,1.0359729025688902,4,4,0.39232152700424194,0.9866415868883264,0.17940042270815873
638b7caa6fd2ba553964eb74,dependency_treelet,NOUN>conj>PART,-0.3577966011107596,1.0,-0.313757439501829,0.9972713737798861,8,6,0.4187162518501282,0.9866415868883264,0.17914270729951964
a934b2f913055460f7f92594,pos_4gram,PART>ADJ>ADJ>PART,0.3830822152896119,1.0,0.43593727811136584,1.1395716348794354,1,3,0.602279543876648,0.9895152645881432,0.17904622076895244
78951e86a435c2a1783bd78a,pos_3gram,CCONJ>NOUN>ADP,0.37468913559457234,0.95,0.35446336326216393,0.9896785709143717,2,3,0.6728654503822327,1.0,0.17890059430617583
315fc9531c55b3c15e9b5a2d,pos_4gram,VERB>PRON>PART>NOUN,0.20283412869126224,0.95,0.09579132539794609,0.07879816175859497,5,5,0.6482703685760498,1.0,0.17861767760392083
f482db86bcdef482a0229e50,pos_4gram,AUX>NOUN>SCONJ>VERB,-0.3683102917225857,0.95,-0.3671050277854364,0.9615404612727267,2,3,0.5908818244934082,0.9895152645881432,0.17837754766956507
5450260ee74b2718d7fb32ff,pos_4gram,ADP>SCONJ>VERB>NOUN,-0.3986181247775949,1.0,-0.35885232797412825,1.2352933358107938,3,1,0.5842831134796143,0.9895152645881432,0.17832922345872187
bb700f903513da2681de24c1,function_word,着,-0.19475275342127654,1.0,-0.2082242162480153,0.09484866252246668,8,9,0.6522695422172546,1.0,0.17788098034716296
5f52043351a26bbd56ea9862,pos_3gram,SCONJ>VERB>DET,0.35962070580012384,1.0,0.1537132918164325,1.022246634249029,5,7,0.41711658239364624,0.9866415868883264,0.17783226818605669
e4141e133d7f17bf364947c5,pos_4gram,NOUN>X>VERB>AUX,0.34339257376591326,1.0,0.3231578622908952,0.9358119428744556,2,5,0.4727054536342621,0.9866415868883264,0.17738942826027576
0fe2bd1250e2d4a2bd25d17f,pos_4gram,ADV>VERB>SCONJ>VERB,0.26531597897933673,1.0,0.33343956203130015,0.4959926356869937,4,7,0.5424914956092834,0.9895152645881432,0.17735112636934716
715ced5d6b0298058f479668,pos_4gram,NOUN>AUX>VERB>NUM,0.23192904583731908,0.95,0.25666852949331775,0.24466383318262191,4,5,0.5922815203666687,0.9895152645881432,0.17702176898806465
859a1b104f06ed622950b6d7,pos_4gram,VERB>X>NOUN>X,-0.38644838588520014,0.95,-0.3632663338425553,1.0765761242899639,2,3,0.6620675921440125,1.0,0.17679388792764347
9ec6039737ddbcdd3d85d95c,pos_3gram,PRON>AUX>VERB,0.4213076073578919,1.0,0.24915896436359497,1.3840198995095152,6,8,0.331333726644516,0.9866415868883264,0.1767215145496777
1324e7466d3fba181cca4441,pos_3gram,VERB>ADP>NUM,-0.4202390891906907,1.0,-0.44494162429312434,1.3793948406673169,5,5,0.3327334523200989,0.9866415868883264,0.17661595377454542
8f6ad4c8ccc85dc3621ea18a,pos_3gram,NOUN>ADP>PROPN,-0.3881511358953701,1.0,-0.3395144955639764,1.2012218672142485,4,5,0.40691861510276794,0.9866415868883264,0.17633439939727383
da751f423eec7442b1d39e69,pos_4gram,X>X>ADP>NUM,-0.18556722721158336,0.95,-0.14764610579689685,0.0010503052968517026,2,2,0.7394521236419678,1.0,0.1761039029888987
d597e055f77fb6b842ec7965,pos_4gram,NOUN>X>CCONJ>NOUN,-0.36709523054932924,0.95,-0.33963997191328926,0.9812292157104071,2,2,0.6056788563728333,0.9895152645881432,0.17602227256517378
c02065044710ba44daa70a93,pos_4gram,PART>ADJ>NOUN>VERB,0.4038318398218433,1.0,0.43908205008579293,1.2946423365848627,4,6,0.4165166914463043,0.9866415868883264,0.1759890129207979
1d453fa15b3ff20dacaac530,pos_4gram,VERB>AUX>VERB>PART,-0.37247936550790417,1.0,-0.3115803034988655,1.1165634985175712,7,6,0.40211957693099976,0.9866415868883264,0.17598308095589218
d3622b8053d16b773b79e3e1,pos_2gram,SCONJ>SCONJ,0.3165757940743223,1.0,0.1465413206602023,0.7999599702540817,5,6,0.47150570154190063,0.9866415868883264,0.1758793524889526
065297618c2bcff98a2dae79,pos_4gram,VERB>ADP>NUM>NOUN,-0.4149001893243266,1.0,-0.44930442049115915,1.3607040875843763,4,5,0.3469306230545044,0.9866415868883264,0.17575273051222573
c991973d7b330229e50081e5,pos_3gram,VERB>X>SCONJ,-0.4280844868172567,1.0,-0.47162548258065246,1.43646013008901,5,7,0.3279344141483307,0.9866415868883264,0.1756993605315502
a77178a705e8e9c27222aefa,pos_4gram,SCONJ>NOUN>NOUN>AUX,-0.29963499188491544,0.95,-0.3137562855246404,0.6204392242830292,5,4,0.5884823203086853,0.9895152645881432,0.17566425079386472
85fa4222fcb7a913b03906d6,pos_4gram,NOUN>PART>VERB>AUX,-0.32580825287265386,1.0,-0.33107061337413973,0.8550341699749213,3,3,0.4447110593318939,0.9866415868883264,0.17563463689569586
e21ad7947e55ccbadf7a4f31,dependency_treelet,NOUN>nsubj>PRON,0.293035789893894,0.95,0.12447072452814607,0.5863010108237985,7,6,0.5292941331863403,0.9895152645881432,0.17549254428995717
00b281934b1624ba52101511,pos_4gram,NOUN>AUX>ADV>ADJ,-0.2791447040945465,1.0,-0.3414577715538239,0.592893687338786,3,3,0.5342931151390076,0.9895152645881432,0.17524377572297853
0dab65e0e6feecf82e38c863,pos_4gram,NOUN>AUX>ADJ>SCONJ,-0.3020824846398099,0.95,-0.29682926276286725,0.6389754718179882,2,3,0.7406518459320068,1.0,0.17509618987128378
7dc9694f07c0ca2bec42a3d3,pos_4gram,ADV>VERB>NOUN>VERB,-0.45412522914528075,1.0,-0.44587027796754347,1.6028321078331664,7,5,0.3143371343612671,0.9866415868883264,0.17447350052990385
411f4affa65697eeafa5ad6c,pos_3gram,PART>VERB>NUM,0.26152980193397607,0.95,0.2898059766928068,0.4253511639335272,1,3,0.5896820425987244,0.9895152645881432,0.17431024587065488
bb002eb44c97c7d70dea56cd,pos_4gram,VERB>ADJ>NOUN>CCONJ,0.3444349767297445,1.0,0.39891068032271354,0.9797026881415721,1,3,0.5994800925254822,0.9895152645881432,0.17398318383508368
3ac274367c7905bd7f3e062e,pos_4gram,NOUN>PART>DET>NOUN,-0.2362267250129457,0.95,-0.26906851307270235,0.29004295153654613,4,4,0.6126774549484253,0.9921043618789303,0.17395962552642252
2159eef1aa44441b2a181c4c,pos_4gram,X>NOUN>NOUN>SCONJ,-0.47867767803816225,1.0,-0.43303340038981897,1.7565006166757278,3,3,0.26754647493362427,0.9866415868883264,0.17365411607106251
789e04846f56f242c5f0e6fc,pos_4gram,NOUN>VERB>DET>VERB,-0.4282707672619709,1.0,-0.4186851085275793,1.4665000862832187,2,3,0.4829034209251404,0.9866415868883264,0.1736350100466991
3b70cff974601cbaf6966433,pos_3gram,VERB>PART>NUM,-0.30299736861759424,1.0,-0.24799484859295498,0.7472178108154638,4,2,0.5610877871513367,0.9895152645881432,0.17341705581411107
9014ad7d9928aad59098cc77,pos_2gram,NOUN>AUX,-0.25120315551682454,1.0,-0.25374634339356944,0.44957168254890173,10,10,0.5724855065345764,0.9895152645881432,0.17329474529684055
3125506ecbdf527b85157621,pos_3gram,NOUN>X>CCONJ,-0.3888868214414562,1.0,-0.35035500202315295,1.2445788169126561,3,2,0.4009198248386383,0.9866415868883264,0.17325603294089584
b8ffe6e5a0fd5f2080b7fa08,dependency_path,acl>compound,-0.4156905771887938,1.0,-0.3574865304191837,1.4003128645754128,5,5,0.3643271327018738,0.9866415868883264,0.17318183113696917
9aad74bd382588745c66782d,pos_3gram,VERB>NOUN>SCONJ,0.38040555216462396,1.0,0.22194821571843812,1.1987357867900914,10,9,0.3863227367401123,0.9866415868883264,0.17301103409062785
95784cbbf33320dace2c7f3d,pos_4gram,PART>X>NOUN>SCONJ,-0.4591377218464567,1.0,-0.42075374793322956,1.6625503006202356,3,2,0.39232152700424194,0.9866415868883264,0.17244283487883832
0f7e8c8838bab2c0064b49fb,pos_4gram,PART>ADJ>SCONJ>NOUN,-0.284849830817526,0.95,-0.2894873632801682,0.5704828661303541,2,3,0.5976804494857788,0.9895152645881432,0.17230836777189557
5c4c021814e994f16c306caa,pos_3gram,VERB>X>PART,-0.2866321893506811,0.95,-0.2685141984740583,0.5830368291933739,6,6,0.5426914691925049,0.9895152645881432,0.17201152548162507
54d4667aafa8cd15a86c7ec0,dependency_path,nmod>nummod,0.2878532649966418,1.0,0.3527522169084868,0.6752656299552973,10,10,0.5160967707633972,0.9895152645881432,0.17182544657370122
1be78248701de67264197688,pos_2gram,NUM>AUX,-0.2534236327154573,1.0,-0.25585178239569656,0.4773208632522412,4,2,0.5916816592216492,0.9895152645881432,0.17154271561396556
4746faf69f9bd48bf64f04dd,pos_4gram,NOUN>VERB>VERB>PROPN,-0.38345110113503783,0.95,-0.38242859557147163,1.123865209544612,2,3,0.6768646240234375,1.0,0.17151679138639525
86359ac9176c521354b11522,pos_4gram,DET>NOUN>NOUN>ADV,0.2845573717308347,1.0,0.06611631709831385,0.6620308517310101,2,6,0.5142971277236938,0.9895152645881432,0.17121064355361834
18a88929d7f661db934dafc6,pos_4gram,NOUN>VERB>NOUN>AUX,0.3553273461840875,1.0,0.35715659803355104,1.0781842363152518,2,4,0.4333133399486542,0.9866415868883264,0.17097971391319217
d554dff04c95babf4f523a35,pos_3gram,NOUN>ADP>X,0.23549920386692783,0.95,0.296432835820873,0.3093745270451715,8,9,0.6044790744781494,0.9895152645881432,0.17086344590684346
ba4d180e95d0171cda6f317e,dependency_path,obl>advmod,-0.31231183989142697,0.95,-0.3436923593634971,0.7370458027897978,3,4,0.6658667922019958,1.0,0.1708050803383215
61a1e448f93727d3a51a1d6d,pos_3gram,DET>NOUN>ADP,0.29906369714327957,1.0,0.22237884480513578,0.7541762645706656,5,5,0.5128974318504333,0.9895152645881432,0.1704866855078987
31b6cb958394500e2f25dc47,pos_4gram,PART>PART>NOUN>NOUN,-0.4737444136836823,1.0,-0.430990278443398,1.7833117090631823,4,3,0.3499300181865692,0.9866415868883264,0.17020889616532997
13d46589d0de547ebde4a5c4,pos_4gram,VERB>AUX>ADV>ADJ,0.358030818758471,1.0,0.3696343536742915,1.1043479068924182,2,5,0.4037192463874817,0.9866415868883264,0.17013860568673295
119b3b44196009a22102a7af,pos_4gram,ADJ>NOUN>NOUN>SCONJ,0.4861399137527877,1.0,0.47552862091644243,1.859819379673499,1,5,0.237152561545372,0.9848005373400158,0.16998972634708476
2cdebe7f56766d4816f4ca96,function_word,式,0.3818582504828267,1.0,0.43563261421116634,1.2478694944014075,5,7,0.3859228193759918,0.9866415868883264,0.16987563176327233
b9693b2f3f3f9f5dd1d51149,pos_3gram,ADP>NOUN>X,0.4005701711274412,1.0,0.46555105713616757,1.359065328799238,3,4,0.4637072682380676,0.9866415868883264,0.1698003723073371
9008fba15826b136e782ca52,pos_4gram,SCONJ>NOUN>CCONJ>NOUN,0.4201071704706304,1.0,0.43308046582150383,1.4743238145538815,2,4,0.45650869607925415,0.9866415868883264,0.1697866576717144
0028c8fb393c5fb53f9a1136,pos_3gram,X>X>X,0.40489455147267767,1.0,0.4639634451253479,1.3856903224485808,8,10,0.48850229382514954,0.9866415868883264,0.16971798378974412
a6ff5e06cf9d75cef3694055,dependency_path,ccomp>advcl,-0.4684018933390662,1.0,-0.542251104742158,1.7626345520688662,10,9,0.30593881011009216,0.9866415868883264,0.16954898829752635
8af2d9a03a3b164df7724e2d,pos_4gram,X>X>DET>NOUN,0.3268111112277812,1.0,0.23612602367664584,0.928407313138877,1,4,0.5064986944198608,0.9895152645881432,0.16947203477248246
8e2b9d225cf0adc946915ecb,pos_2gram,NOUN>PART,-0.395911090051691,1.0,-0.2666074456419778,1.3383415469280757,10,10,0.3713257312774658,0.9866415868883264,0.16931277236715353
f37d7b7b5c034d807d37d730,pos_4gram,ADJ>SCONJ>NOUN>VERB,0.3677613022215095,1.0,0.25685622813153375,1.1747567352874169,4,6,0.39372125267982483,0.9866415868883264,0.16910456983728156
ab1f4ebab391ef99242ed03c,pos_4gram,NOUN>PART>SCONJ>VERB,0.45121215238506884,1.0,0.5290573776801127,1.672933053481045,2,5,0.35792842507362366,0.9866415868883264,0.1688078763504537
f1bee4e5823fa273b4f8d174,pos_4gram,NOUN>NOUN>NOUN>ADP,0.2658118248636179,1.0,0.3360364908202194,0.5748717082048697,8,9,0.5486902594566345,0.9895152645881432,0.16878316086242073
207f16479cbfefa8244a1f27,pos_4gram,X>PART>VERB>PART,0.30065974309860766,0.95,0.3635295991102167,0.6926232135586654,2,4,0.6278744339942932,1.0,0.1687479845813763
66599763b728a87a0c1d93a9,pos_4gram,ADV>VERB>AUX>NUM,0.4627074739024753,1.0,0.21236679663301095,1.7437797756991527,1,3,0.3319336175918579,0.9866415868883264,0.1686387070859472
3a0622150f56fd78c5d2548f,pos_4gram,NOUN>VERB>VERB>PART,0.34696499080699095,1.0,0.4195641942698887,1.0579900503252813,7,9,0.43271344900131226,0.9866415868883264,0.16859410508430325
59f00283d58ca53f05ff49fe,pos_4gram,AUX>ADJ>PART>SCONJ,-0.2914118800551007,0.95,-0.35629712779342604,0.6427513137628059,2,2,0.592081606388092,0.9895152645881432,0.1685229430243014
ab37c2def021e2e5508e628d,pos_4gram,ADV>ADV>AUX>NOUN,0.36580532480688915,1.0,0.37810481702339443,1.1708884954598109,1,4,0.5272945165634155,0.9895152645881432,0.16850488893000873
253bd59a408fe3f133f3c057,pos_4gram,ADJ>NOUN>NOUN>AUX,0.4542530490923902,1.0,0.5097901967087648,1.6966238681007506,1,3,0.46950608491897583,0.9866415868883264,0.16845250628606337
6e8d91594e1a27363ebb586a,pos_4gram,ADV>VERB>NOUN>ADP,-0.2994866124849456,0.95,-0.32508206753010294,0.6917361081519328,2,3,0.7612477540969849,1.0,0.16817769656255785
430197233d6cc345cbb7ec10,pos_3gram,CCONJ>X>NOUN,-0.35760191795938695,1.0,-0.32296514134645665,1.126450434137806,4,3,0.4291141629219055,0.9866415868883264,0.1681684709027233
6754fcd34a085a3a8f683e72,pos_4gram,VERB>PROPN>NOUN>NOUN,0.25851422448753547,1.0,0.22149946662915976,0.5376164976054559,2,5,0.5356928706169128,0.9895152645881432,0.16812659391345114
83bafa653f33d8bfdfe1447a,pos_4gram,SCONJ>VERB>NOUN>NOUN,-0.3151970493127426,1.0,-0.24127777677722384,0.8749509084559004,8,9,0.4639072120189667,0.9866415868883264,0.1681094944359479
e6f77c5ecd459e8b6803625e,pos_4gram,VERB>ADV>ADJ>SCONJ,0.39281809706892085,1.0,0.2953266177339689,1.3367071676610347,5,6,0.3629274070262909,0.9866415868883264,0.16810754146062662
8bb5f6d143a9e3dc567d28c8,pos_3gram,PART>ADP>SCONJ,-0.2527073877167938,1.0,-0.21465676880058335,0.5044052416770105,2,2,0.7134572863578796,1.0,0.1679782685648532
d3e2b70aa73e12893664bdfe,pos_3gram,ADJ>ADJ>SCONJ,0.18356180089643503,1.0,0.147731693196702,0.09290529802285258,4,7,0.6658667922019958,1.0,0.16795764576172523
dd7d8a9a24a398a338af255d,dependency_path,ccomp>cc,0.36480101613996885,1.0,0.2698892796494721,1.1741119883010054,1,4,0.5124974846839905,0.9895152645881432,0.16779311190176935
a19cae7027701f353191c5e3,dependency_path,csubj>obl,-0.3107097153478594,0.95,-0.3236649366233966,0.7690236429184762,3,3,0.5964807271957397,0.9895152645881432,0.16685714222196477
edfe7bcecbfca60fc94d0bee,pos_4gram,VERB>NOUN>SCONJ>ADJ,0.3931810445231296,1.0,0.46292665572934427,1.3566552478988796,1,4,0.4393121302127838,0.9866415868883264,0.16683859248130484
2283050c78d44f07595dcfb5,pos_3gram,VERB>ADV>ADV,0.1817781682152558,0.95,0.008142860890113164,0.036492779535293944,2,3,0.6506698727607727,1.0,0.16660922604971484
690f06805bce5d41b4cea326,pos_4gram,VERB>PART>NUM>NOUN,-0.2907823713463754,1.0,-0.24375872444025212,0.746965610755558,3,2,0.5054988861083984,0.9895152645881432,0.16644996876647894
557606fbeea1f4a59d311f94,pos_4gram,ADV>VERB>VERB>PART,-0.2624009945905585,1.0,-0.25659576203266715,0.5770684622568676,7,7,0.5562887191772461,0.9895152645881432,0.16638529072799346
9c25227f768e984475223d69,pos_4gram,ADP>NOUN>PART>VERB,-0.19033960688310153,0.95,-0.1711840469896993,0.08860152455081315,3,5,0.7380523681640625,1.0,0.1661054320253307
0ff272d15a18d129d034bdfe,dependency_path,advcl>ccomp,-0.282764298453906,1.0,-0.26955987717710045,0.705619644767081,9,8,0.5270946025848389,0.9895152645881432,0.1657839127975805
d5622f1e4b38895ec9c12782,pos_3gram,X>AUX>NUM,-0.4356288935377264,1.0,-0.38889797841867335,1.630288192114295,5,2,0.33993202447891235,0.9866415868883264,0.16562021410572364
64aee6de1ee68238fdd8b181,pos_3gram,AUX>VERB>PROPN,-0.25567845101066655,0.95,-0.45741311785803607,0.4705995678063992,2,2,0.580083966255188,0.9895152645881432,0.16516700655804195
55f2925635a62bd7b4f5a12e,pos_4gram,NOUN>ADP>ADV>VERB,0.27143097272522243,1.0,0.2359805155344563,0.6450736341246383,8,8,0.5322935581207275,0.9895152645881432,0.1649962452104181
3fff0f9296b5a330a893e285,pos_3gram,X>X>CCONJ,-0.4746495778471642,1.0,-0.4295776591441284,1.8820376108636625,7,7,0.28154370188713074,0.9866415868883264,0.16469236073047833
afaf1613bf6f839800a1087f,pos_4gram,ADP>X>NOUN>ADP,0.4136702563634088,1.0,0.448085396360908,1.523112371346192,2,3,0.5314937233924866,0.9895152645881432,0.16395237130984278
7cc25367e957865a6073d0b2,pos_3gram,VERB>AUX>ADP,-0.2993813502451289,1.0,-0.2936166236239614,0.827858961470007,6,5,0.49490100145339966,0.9887535956345106,0.16378799270396627
aba4cfd111e95c3fb7147560,pos_3gram,NOUN>SCONJ>DET,0.27475949343713985,1.0,0.10698563294535532,0.6799785361794445,2,4,0.5692861676216125,0.9895152645881432,0.16354940704301463
8987849b93bae99d5582b05d,pos_4gram,VERB>X>SCONJ>NOUN,-0.41384738671372223,1.0,-0.37579169899169723,1.5328429378165616,3,2,0.31993600726127625,0.9866415868883264,0.1633924395921997
7d76fa7cb04e096d21111c0f,function_word,自身,-0.3005687684796292,0.95,-0.31246367378920065,0.7483968886319963,2,2,0.5932813286781311,0.9895152645881432,0.16331551028957958
eccaf131609d3fe283af9bdc,function_word,为了,0.38489008240526107,1.0,0.40943008430799027,1.3623234017660235,4,8,0.41431713104248047,0.9866415868883264,0.16292861600470337
3c58457b06d9d0af5d16facb,pos_3gram,ADV>VERB>AUX,0.3461926748832273,1.0,0.3152744025451499,1.1258120271461471,10,9,0.42191562056541443,0.9866415868883264,0.16285196925336
1bb807e386c6c64c2903b596,pos_4gram,AUX>NOUN>NOUN>SCONJ,-0.205141195732914,0.95,-0.19330947650669866,0.19741140796105092,2,4,0.811437726020813,1.0,0.16275453419816377
f116575a347113713d6e62a7,pos_3gram,PROPN>PART>ADP,-0.35562925987669947,0.95,-0.36969745331464504,1.0781939328172399,2,2,0.5880823731422424,0.9895152645881432,0.16256798345324366
12e887c9627fb6d7c6c3ce4d,pos_4gram,VERB>PART>NOUN>PART,-0.3883074834112293,1.0,-0.3319553009098082,1.3885879940038177,9,6,0.3757248520851135,0.9866415868883264,0.1625677950261893
3a30a14573df2cb5683ca706,pos_3gram,VERB>ADP>ADV,0.34693631709716244,1.0,0.3684880271006604,1.1369389711716527,4,8,0.4335132837295532,0.9866415868883264,0.16235200058471594
9ccda7e85a3c20eb8ad48a4b,pos_2gram,VERB>ADJ,0.34640921927621865,1.0,0.4057081503194826,1.1350648467657374,10,10,0.42691460251808167,0.9866415868883264,0.16224763374328893
280a28981c485ec19376ef1d,dependency_treelet,X>nsubj>NOUN,-0.35094280269494627,1.0,-0.3533768183062912,1.1631144275734513,4,4,0.44051188230514526,0.9866415868883264,0.16223959223859855
abf7c1b7887b5d6f01de3718,pos_3gram,DET>NOUN>AUX,0.39803906953864365,1.0,0.36257194954808164,1.4546133029294914,4,6,0.3805238902568817,0.9866415868883264,0.16215958296306734
a5276bce63f7534192204fa0,pos_4gram,VERB>NOUN>VERB>PART,0.3773736086857044,1.0,0.4061003557144807,1.3277187292418096,3,8,0.3755248785018921,0.9866415868883264,0.16212165325001424
9f58a5ef085d38f72a660d7a,pos_4gram,PART>X>X>NOUN,-0.31893506047898557,0.95,-0.31130783700919956,0.8697608120187685,3,4,0.6878623962402344,1.0,0.16204655991688147
0c35289bf352885ea7b3678e,pos_4gram,ADJ>NOUN>NOUN>NOUN,0.28632950612221203,0.95,0.3705631470856534,0.6804642367614422,5,8,0.5434913039207458,0.9895152645881432,0.1618677891892062
cddd904067face43bedfa929,pos_4gram,VERB>SCONJ>PART>NOUN,-0.25778220185908785,0.95,-0.20322861026691638,0.5149672602858815,4,4,0.595680832862854,0.9895152645881432,0.16164909842336855
57968b6c44c14cd61b9b9b33,pos_4gram,NOUN>NOUN>ADV>SCONJ,-0.45164331107607253,1.0,-0.6090174886479471,1.79672779441869,3,2,0.3035392761230469,0.9866415868883264,0.16148990687524106
d9b1c4b825e4fa78fac28333,pos_3gram,NUM>ADJ>NOUN,0.44652981103936173,1.0,0.4428117987498342,1.7663558286189507,1,3,0.46710658073425293,0.9866415868883264,0.1614144523346742
2d6f963ac659e03725f554fa,pos_4gram,SCONJ>VERB>NOUN>SCONJ,0.36463385801794024,1.0,0.29913625314942105,1.2602942948479288,1,3,0.47110578417778015,0.9866415868883264,0.16132140794633673
9e55e8bccb7c35fe60b47c50,pos_3gram,PART>NOUN>ADP,-0.3267298194622913,1.0,-0.29451889240468127,1.0282367626189695,9,9,0.45210957527160645,0.9866415868883264,0.16109057161571216
e2fd668a6c5c8c7ad5bdc056,pos_3gram,ADP>X>X,0.22347211562456135,0.95,0.2738969773818788,0.3190844607935932,7,9,0.6214756965637207,0.9973721780056851,0.1609438335098037
64e5064854563e86d5b62b44,pos_4gram,VERB>AUX>NOUN>VERB,0.3122101193728742,1.0,0.382561494378939,0.9416479456534578,3,7,0.4913017451763153,0.9866415868883264,0.1607964616200289
b4b167ee1788d5061695b94d,pos_4gram,VERB>ADJ>NOUN>NOUN,0.4684088856354379,1.0,0.5352718919649724,1.9131520557129584,5,7,0.31893619894981384,0.9866415868883264,0.1607910870003662
4caca4ad8291fb4484545d55,pos_4gram,ADJ>NOUN>SCONJ>AUX,-0.30502874375469474,1.0,-0.34516306197113555,0.89784070093306,2,2,0.46570685505867004,0.9866415868883264,0.16072410271564389
c04f23f01ec9a71b65cea7d3,pos_3gram,VERB>VERB>PRON,-0.362673070996876,1.0,-0.6622434496522804,1.2565028902586097,8,7,0.405318945646286,0.9866415868883264,0.16072351272517596
cfbe507d3e32cc4746433cbc,dependency_path,amod>punct,0.34238111737040605,1.0,0.3638776499264106,1.1328793495623624,4,5,0.4257148504257202,0.9866415868883264,0.16052530933859807
2bedd812c9f3639a35beecb9,dependency_treelet,VERB>xcomp>ADJ,-0.3655340469530898,1.0,-0.44922258453452046,1.2780910938854733,8,8,0.39472106099128723,0.9866415868883264,0.16045629076651238
97ee3cf13026ebf385750192,pos_3gram,NOUN>DET>VERB,0.3537489365066943,1.0,0.3665137651552157,1.2107944425897108,1,4,0.5248950123786926,0.9895152645881432,0.16000987233001865
a3e426ae4b9af3d82db1e49b,pos_4gram,ADV>ADP>NOUN>ADP,-0.26458646706319283,1.0,-0.5072356288227486,0.6544738288296532,2,2,0.7226554751396179,1.0,0.15992182073400146
3370b1217cb14c570482d451,dependency_treelet,VERB>obj>NUM,0.36831330889403996,1.0,0.32857755423165247,1.3044914860463876,4,7,0.399320125579834,0.9866415868883264,0.1598241135296718
d5c1088da04cccb0ae229533,dependency_path,csubj>ccomp,-0.4144710393083888,1.0,-0.3823210299603349,1.593746301564197,3,5,0.37052589654922485,0.9866415868883264,0.1597962912018172
73d8f27bc9dc530032d8d961,pos_4gram,NUM>NOUN>ADP>PROPN,0.2147324300635175,0.95,0.2562322386836258,0.27771251586707246,2,2,0.8702259659767151,1.0,0.15965704806601771
3a0effe5231cb3278c8f9258,pos_3gram,AUX>VERB>AUX,0.3750090388774459,0.95,0.42432059550618,1.23167672394193,5,6,0.5984802842140198,0.9895152645881432,0.1596371836079802
7da27819d9b132b2c49a6caf,dependency_path,obj>cop,0.29511306677342225,1.0,0.32714533301406845,0.8487981036063473,1,5,0.48130372166633606,0.9866415868883264,0.15962428033529547
3aa1825a35fbad98d6ec7161,pos_3gram,NOUN>AUX>DET,0.259965553672423,0.95,0.24133358204725672,0.5480055699118082,2,4,0.5974804759025574,0.9895152645881432,0.1595390099293195
a779133f132af313e048f5e3,dependency_path,parataxis>nummod,-0.24148733983738233,1.0,-0.37676815621550114,0.5142923280787717,6,5,0.5634872913360596,0.9895152645881432,0.15947207508061842
9ff81866253d1232aa4be842,pos_3gram,ADP>PRON>VERB,0.23799392492366353,1.0,0.0025882593147086193,0.49244617447979794,5,8,0.5902819633483887,0.9895152645881432,0.15946566716660177
0726f7cbde7df8782e2359c5,pos_4gram,NOUN>ADP>VERB>X,-0.46825668433122447,1.0,-0.470379622602667,1.9384446448982202,4,3,0.2673465311527252,0.9866415868883264,0.1593552851656471
0770f2bc36eb0d49d0da9293,pos_4gram,PART>NOUN>ADV>VERB,0.390854946649827,1.0,0.4124087110056517,1.4593773361276534,5,8,0.38212355971336365,0.9866415868883264,0.15892435085428458
86145963198e81f83408f59b,pos_3gram,SCONJ>NOUN>NUM,0.40495960198916037,1.0,0.3912496980759643,1.554754209369551,2,4,0.48410317301750183,0.9866415868883264,0.15851215764865859
83988dd8be62a0461b3ddea7,pos_4gram,NOUN>PRON>AUX>NOUN,-0.31852505787750346,1.0,-0.28311231740951454,1.0097516121566212,2,2,0.5814837217330933,0.9895152645881432,0.15848976358610858
a6b27f22725ef00e05f5ac64,pos_4gram,NUM>NOUN>ADJ>SCONJ,0.33354496178347703,1.0,0.34960834099745536,1.105326166548354,5,8,0.4169166088104248,0.9866415868883264,0.15842911520466127
55af473f26a1c693ea8946c8,pos_4gram,NOUN>CCONJ>NOUN>ADV,-0.2854420288867975,0.95,-0.29175043534214695,0.7129367993853903,1,3,1.0,1.0,0.15830702425200663
a91716c43f3ab5ae3d54b987,function_word,量,0.3537780738495331,1.0,0.43200842943273804,1.2355404134028645,2,6,0.45350930094718933,0.9866415868883264,0.15825170134635322
319924264fd30534acd15b3c,pos_4gram,PART>NOUN>NOUN>SCONJ,0.37641881092915,1.0,0.38242518805466597,1.3837251387770406,6,9,0.3935212790966034,0.9866415868883264,0.15791200285879856
7c98c30174176a40dbb7a414,pos_4gram,SCONJ>ADP>NOUN>NOUN,-0.3848899367251225,1.0,-0.32895091192377973,1.4378481314655218,5,5,0.41031792759895325,0.9866415868883264,0.1578810147183961
9e49ab61e8c4d74701690a34,pos_4gram,NOUN>ADP>PART>NOUN,0.3603876091344359,1.0,0.4236583233417464,1.282873937967602,7,9,0.4257148504257202,0.9866415868883264,0.15786575120975888
5b72bf2f2b0dac6dd3aff13e,pos_4gram,PART>NOUN>X>X,0.27237848391408725,0.95,0.3346106020894949,0.639751633215756,3,7,0.5338932275772095,0.9895152645881432,0.15780411769489952
606457eb191fced12aaf1fe7,pos_3gram,ADV>AUX>X,0.17272588403282513,0.95,0.19315028859709263,0.04125365870359071,4,4,0.7488502264022827,1.0,0.1575884881264024
a741edd6a9c50b982ccddca7,dependency_treelet,VERB>discourse>PART,-0.38155601861901883,1.0,-0.547465147845773,1.4273601931443973,8,6,0.3965207040309906,0.9866415868883264,0.15718969920354173
f2099a558d084852022e25fc,punctuation_run,）,0.2907652355655575,1.0,0.37522243962622026,0.8505530749608678,7,9,0.5084983110427856,0.9895152645881432,0.15712342407239852
593afbd817959661ed1c0ad1,pos_3gram,SCONJ>ADJ>PART,0.17767127742225836,0.9,0.1982732892879422,0.017907650998246413,4,5,0.6924614906311035,1.0,0.15709101854497015
4930358002b377a3acd36009,pos_4gram,ADP>NOUN>NOUN>AUX,-0.3596977650619058,0.95,-0.3452512339913488,1.1813628232445308,2,4,0.6382723450660706,1.0,0.15665109589634943
f26694b90c74856778accaa4,dependency_treelet,VERB>iobj>X,0.24856301604933861,0.95,0.29820613831294884,0.5074865623998016,2,3,0.8104379177093506,1.0,0.1566414395568232
1597c886d71213664dfbfb8c,function_word,副,0.286635035325195,0.95,0.32707453162854955,0.7385873458124709,1,3,0.5182963609695435,0.9895152645881432,0.1566232977680413
33ea82c8e66d180ba397b6a8,pos_2gram,VERB>DET,0.26771898083483425,0.95,0.16941231227746803,0.6244289125453479,9,10,0.5618876218795776,0.9895152645881432,0.1565676588423764
aee7a47ce78b49914da01766,pos_4gram,ADV>VERB>SCONJ>X,-0.3180807802886024,1.0,-0.26876758282739355,1.0350953903785194,4,3,0.5080983638763428,0.9895152645881432,0.15629772530192834
507d6e41f7a0ea188999c139,dependency_path,nsubj>case,-0.43526279338385704,1.0,-0.3859054409696583,1.7915844798929652,10,10,0.32913416624069214,0.9866415868883264,0.15591962074547208
ea15d09c7ad15fa17b2d1422,pos_3gram,ADJ>ADJ>NOUN,-0.35961288440708933,1.0,-0.3157934939663144,1.3074904122094233,3,3,0.4801039695739746,0.9866415868883264,0.1558458845611236
8b3c12ca8e76f3fc064aa637,pos_4gram,X>X>X>X,0.3897344171982633,0.95,0.4370028226899403,1.3781152833653134,4,6,0.580083966255188,0.9895152645881432,0.15568954916870384
1050c6573670ed79b244b19c,pos_3gram,NUM>PART>NOUN,0.3697532180731447,1.0,0.4369980360743844,1.3782805685085018,6,9,0.40351930260658264,0.9866415868883264,0.15547081491105533
ce2804dc48fdd27af4a62511,pos_3gram,ADJ>NOUN>ADJ,0.3329068711066345,0.95,0.38066493498271264,1.0344950728626694,4,5,0.6576684713363647,1.0,0.15544964043894283
ddc40ff125a179ae95b82bc2,pos_4gram,X>AUX>VERB>NUM,-0.19933923658918293,0.95,-0.15765182739685885,0.21836821439463375,2,3,0.7446510791778564,1.0,0.15543106962439635
e4d7f659471b245752fff8cb,pos_4gram,VERB>VERB>PRON>PART,-0.25364998671987027,0.95,-0.3792808553601213,0.5506518520213616,3,2,0.6544690728187561,1.0,0.15539754269777714
b20645b24581374bc6f298dc,pos_3gram,VERB>NOUN>X,0.3602099135944828,1.0,0.45660503703507155,1.3227949187610886,8,9,0.44431114196777344,0.9866415868883264,0.15507607265931522
4541995cc71594f9e2477f53,pos_2gram,SCONJ>X,-0.3569429331444395,1.0,-0.3046605112007852,1.3079975191905304,10,9,0.42291539907455444,0.9866415868883264,0.15465481664366254
acc9ca1ef1cedf702cc92e94,pos_2gram,DET>DET,-0.29415061176938834,0.95,-0.28779943803316715,0.8070076500010152,2,3,0.880423903465271,1.0,0.15464410523152014
9a37c601c1820dfdc13f9cd6,pos_4gram,X>NOUN>VERB>X,-0.4656319289955553,1.0,-0.44894522134203607,2.01303147463056,5,4,0.2847430408000946,0.9866415868883264,0.1545393511206677
71802fc8563cb9a8ccfa1815,pos_4gram,NOUN>NOUN>AUX>ADP,-0.24565320713844613,0.95,-0.2814346342025051,0.5124460753704114,3,5,0.7378523945808411,1.0,0.1543000775907791
a6bfc6a89776fbb0dc4fe16b,pos_4gram,SCONJ>NOUN>NOUN>ADV,-0.3469203512755692,1.0,-0.35006578194792104,1.2502513922693679,4,3,0.48170366883277893,0.9866415868883264,0.15416959743582326
d94b3fc95349b01efb7d9783,pos_3gram,PRON>VERB>NUM,-0.37216088169301004,1.0,-0.7335228882989809,1.425732621185562,5,4,0.3881223797798157,0.9866415868883264,0.15342205420444016
31824951fa7a05eb161ac97e,pos_4gram,AUX>X>X>X,0.2438799373960187,1.0,0.22887016129721507,0.5929085185093664,4,6,0.5742851495742798,0.9895152645881432,0.15310354270955873
0d50f493cc4887f53aec85db,pos_4gram,ADP>VERB>NOUN>SCONJ,0.28033518342806346,1.0,0.12354321383055865,0.8318568627717019,3,5,0.5248950123786926,0.9895152645881432,0.15303334508565297
050b75e8661a46cf226248f3,pos_4gram,NOUN>ADJ>VERB>NOUN,-0.3344494897934579,1.0,-0.3294642305658622,1.1858675088986563,2,4,0.5200960040092468,0.9895152645881432,0.15300538044136508
8c87710c0f97cb6ede3eadb3,pos_4gram,PROPN>X>X>X,-0.31966357709650073,1.0,-0.26912118126773205,1.093435277321209,3,3,0.46770644187927246,0.9866415868883264,0.1526980941610705
831203d5742959a516347b65,pos_4gram,NUM>NOUN>VERB>VERB,0.31962033722940253,1.0,0.27981414829164375,1.0938959192333642,5,7,0.4593081474304199,0.9866415868883264,0.15264385125045987
8ba01aebc053dc1d546b852b,pos_4gram,NOUN>NOUN>AUX>NOUN,-0.3804753947005461,1.0,-0.333003669542991,1.4957443988205554,5,5,0.40111976861953735,0.9866415868883264,0.1524496638679634
83f50879ff3ac44a1e03975f,dependency_treelet,NOUN>amod>VERB,0.44376429305889853,1.0,0.5811696381782954,1.9132004481222429,8,10,0.3123375177383423,0.9866415868883264,0.1523287878611082
dab11045a4812c8bf91f3990,pos_4gram,ADP>X>VERB>PART,0.2558870208338162,0.95,0.24556826570218404,0.5985426264768079,1,3,0.592881441116333,0.9895152645881432,0.1520714341712002
2377fda2deae7707ed5d433f,pos_4gram,NUM>NOUN>NOUN>NOUN,0.2980594957217413,0.95,0.34344943660272975,0.86297373256637,10,9,0.512297511100769,0.9895152645881432,0.15199168726098317
28933818747fb329341c1ca0,pos_3gram,ADJ>SCONJ>ADJ,0.4590343542754679,1.0,0.39512678741862606,2.020448838608197,3,5,0.3037392497062683,0.9866415868883264,0.15197554363708007
36c9f684580ee38f80ae59ac,pos_3gram,CCONJ>VERB>ADV,-0.23910380874705514,0.95,-0.25670595716301225,0.4949276973711237,2,3,0.6642671227455139,1.0,0.15194622369305902
f4b2c9f0754f5c0676263dd7,function_word,也,-0.21747636767565479,1.0,-0.2962104606602154,0.43320695329297937,10,8,0.6142771244049072,0.9925726710353047,0.1517410777110553
344e5c0a14e30a4267dca291,pos_4gram,NOUN>SCONJ>NOUN>VERB,0.3665582258122745,1.0,0.24293900282152162,1.417544033263577,4,6,0.4387122392654419,0.9866415868883264,0.15162421894646408
3b8193833112fadb382cc2d4,pos_4gram,VERB>VERB>AUX>NOUN,0.21153335205085938,0.95,0.24007621128336545,0.3285521762712062,3,4,0.7504498958587646,1.0,0.15125991138137565
88df72a09601c7119d850ed8,pos_3gram,ADP>SCONJ>ADV,0.19212488891204751,0.95,0.19990424961126763,0.2073762216407796,2,4,0.669666051864624,1.0,0.15116965300046167
06c07c561b3adef44aded7dd,pos_3gram,DET>DET>NOUN,-0.23647303776794557,0.95,-0.23849168186637124,0.4864464965705005,1,3,1.0,1.0,0.15113183447763162
10fad5664d0f82f0c726e82e,pos_4gram,NOUN>X>X>AUX,-0.3487169209083205,0.95,-0.3231831533643092,1.1930625690050196,2,3,0.8090381622314453,1.0,0.15105865174344063
36ff463c1202a181241b0f30,pos_4gram,NOUN>NOUN>CCONJ>ADJ,0.34263824374146856,1.0,0.4187711987434227,1.2745714643989494,3,3,0.4329134225845337,0.9866415868883264,0.15063859241371869
436c4a149a7f1c9b0914282c,pos_4gram,NOUN>NOUN>PART>VERB,0.4588992512265165,1.0,0.48368075560184715,2.050158968009334,3,5,0.32053589820861816,0.9866415868883264,0.15045092929238832
347d5b6852927ba8db9d2caa,pos_4gram,NUM>NOUN>VERB>PART,-0.3975956134365268,1.0,-0.41734996925548956,1.645812703971985,6,6,0.36992600560188293,0.9866415868883264,0.15027352950556272
f66227f178493302ee66cea5,pos_4gram,PART>PART>NOUN>PART,0.36197842065444796,1.0,0.3834219582759689,1.4102932519223605,2,5,0.4141171872615814,0.9866415868883264,0.15018024066812094
0d59851db661baa095723065,dependency_path,root>flat,0.3714750689940347,0.95,0.4102350964658326,1.3511701969365946,4,2,0.9462107419967651,1.0,0.1500960313311805
feb0554f323ef470b61ae2ba,pos_4gram,AUX>ADV>VERB>ADJ,-0.3678941029638369,1.0,-0.32244472655618384,1.4518583552768445,3,2,0.435512900352478,0.9866415868883264,0.15004704581407077
aed37e67e039ab0d3d3c283e,pos_4gram,X>X>SCONJ>VERB,0.3016375655128645,1.0,0.37714049448661097,1.013001206298557,2,5,0.5008997917175293,0.9895152645881432,0.1498447018159051
d6114369d2a65e4fa3d62ecc,pos_4gram,X>AUX>NUM>NOUN,-0.4075307566086174,1.0,-0.3594746731418839,1.7283440710696554,5,2,0.38992202281951904,0.9866415868883264,0.14936926794898114
be6c69c5aa450ea8b594f4c3,pos_4gram,VERB>AUX>VERB>ADJ,0.3913623431549275,1.0,0.3661707480377398,1.6223785632221501,2,3,0.4591081738471985,0.9866415868883264,0.1492394533129708
a815668f643f002feb7c30e9,pos_4gram,ADV>VERB>VERB>ADJ,0.46747589906100195,1.0,0.540681449309543,2.1377475851896905,1,4,0.3693261444568634,0.9866415868883264,0.1489845458785497
1f1d00070a528fcb32cbba77,pos_4gram,ADP>VERB>ADP>NOUN,-0.40989664596786235,1.0,-0.4072795893069734,1.7517685902368472,3,3,0.3781243860721588,0.9866415868883264,0.14895752768679657
dc990da9c717ac754bd78ebe,pos_4gram,NOUN>AUX>AUX>VERB,0.2853299253090313,0.95,0.3125209201828807,0.8203811663273557,2,3,0.6630674004554749,1.0,0.14890476459413934
2f84151ca8b17a6925675a93,pos_4gram,ADP>SCONJ>VERB>AUX,-0.4165941224825438,1.0,-0.6190935989868127,1.7980094628817314,3,2,0.3765246868133545,0.9866415868883264,0.14888946160084973
edad1c69dd859e1e9a3a0405,pos_4gram,X>PART>NOUN>ADP,-0.4272308967543918,1.0,-0.4109262659399895,1.8718487768702128,3,4,0.35012996196746826,0.9866415868883264,0.14876510915034843
0cfa6914e1fb1c9fe19bc89f,pos_3gram,NUM>X>VERB,-0.3518869992359842,1.0,-0.33861008913103524,1.3707718937614797,3,2,0.5406918525695801,0.9895152645881432,0.14842718532388133
0914335a7fe0521f0efb2570,pos_4gram,NOUN>ADP>NUM>NOUN,-0.39656892825748513,1.0,-0.49848195300934206,1.6733666898359578,4,3,0.3767246603965759,0.9866415868883264,0.14834064094732147
83de501c9ab4a7938bc79f0b,pos_3gram,VERB>VERB>PROPN,-0.32315962056776565,0.95,-0.32984071125579034,1.078448999883268,3,6,0.5396920442581177,0.9895152645881432,0.14770708328980867
3edf97344cd1ef49136dae34,dependency_path,parataxis>csubj,0.3662806987455542,1.0,0.3899644166356892,1.4838131191467,2,4,0.44191160798072815,0.9866415868883264,0.14746709240000627
d3b9dc0c6b745711c1c91920,dependency_treelet,ADJ>mark>VERB,0.1779840629433128,0.95,0.2329230715422343,0.14923188891724834,2,3,0.780643880367279,1.0,0.14712858338402954
ee5cf69769cb02089ee2773c,dependency_treelet,X>nmod>PART,0.3668226980193928,1.0,0.4327965364293473,1.4932365642590961,5,7,0.3979203999042511,0.9866415868883264,0.14712711311788415
2a61713b0153794335ea9b1b,pos_3gram,VERB>SCONJ>AUX,0.32839411579125427,0.95,0.2820941492181818,1.121978122440857,6,6,0.49490100145339966,0.9887535956345106,0.14702055912001363
7dfb1452c9c6f444ec07e9d2,pos_4gram,NOUN>ADJ>NOUN>SCONJ,0.3287241106663757,1.0,0.31834093438739564,1.236423968335936,1,3,0.6124774813652039,0.9921043618789303,0.1469864906299366
840f4e4eb821f8034c90a48e,pos_3gram,X>NUM>VERB,-0.3998457438590628,1.0,-0.3766882279628159,1.7214925964657377,3,4,0.444111168384552,0.9866415868883264,0.14692148873685046
cd5ff397134bf14f40210469,pos_4gram,NOUN>AUX>NOUN>PART,-0.4321716865395593,1.0,-0.3872137949782435,1.941572073180911,3,2,0.38072386384010315,0.9866415868883264,0.14691861215293095
41ddd73003daf99ef33300f7,pos_3gram,NOUN>PART>NUM,0.2738653213904568,1.0,0.32050039417227244,0.8656855357948839,8,9,0.5376924276351929,0.9895152645881432,0.14679071908748823
51262e81f69fee277a9c8a68,pos_4gram,PART>NOUN>NOUN>VERB,-0.2110684065981388,0.95,-0.11828416562161476,0.36678768991769667,9,9,0.6270745992660522,1.0,0.1467052913538504
927ae0a9276a7fd687567211,pos_4gram,VERB>AUX>PART>NOUN,-0.24544397428230377,0.95,-0.35895799844083487,0.58971914077924,2,2,0.721055805683136,1.0,0.14667482424215744
19a8a5967e871998dff84897,pos_4gram,NOUN>VERB>X>SCONJ,-0.30441065867962386,0.95,-0.33653313102019045,0.9716625074139145,2,3,0.5896820425987244,0.9895152645881432,0.14667323878108948
1d1443447b3597bc3aefb4b2,function_word,小,0.3439112559169927,0.95,0.38366180238140046,1.2313032826247765,4,3,0.6932613253593445,1.0,0.1464237047761672
bfc84f62c47e1f5603f55c23,pos_3gram,VERB>PRON>SCONJ,0.2880950808548719,1.0,0.03724925489835093,0.9703544532138831,2,4,0.5370925664901733,0.9895152645881432,0.14621485001592197
e83249d547648ba0426ef8b8,pos_3gram,PRON>NOUN>ADV,0.30400389657088095,1.0,0.19179447749824904,1.0799127011270009,1,4,0.4407118558883667,0.9866415868883264,0.1461618540076977
550d5e972c4c8ed92c400bf3,pos_3gram,ADV>ADP>X,-0.40661642296270933,1.0,-0.42050246136610925,1.7846321463833394,5,3,0.35452908277511597,0.9866415868883264,0.1460215933694581
2e9fdd79624ab21e816819a4,pos_4gram,NOUN>SCONJ>AUX>VERB,-0.3125577472977565,1.0,-0.35460127395094415,1.1414863252992418,7,8,0.4607078433036804,0.9866415868883264,0.14595365079162065
cc87a666d1773b8154c7c5cd,pos_4gram,NOUN>ADP>VERB>NUM,-0.2670625266318846,1.0,-0.3160046417082334,0.8322599743210525,4,4,0.5446910858154297,0.9895152645881432,0.1457558045117725
1e014a7bd916391282ad0faf,pos_4gram,CCONJ>NOUN>NOUN>AUX,0.35660604785355987,1.0,0.3764016442769216,1.4498254758820717,2,4,0.5542891621589661,0.9895152645881432,0.14556385806428196
b15b3a460c2823acc8798b3a,dependency_path,root>ccomp,-0.5025296606806421,1.0,-0.7742729773874675,2.4574075287951698,10,10,0.2657468616962433,0.9866415868883264,0.14534869161222733
535c3da884d500753646eccd,pos_3gram,NOUN>PRON>ADV,-0.24630887338401541,1.0,-0.6118129471321192,0.6970705411715937,5,4,0.5700860023498535,0.9895152645881432,0.14513767542860828
9ecac51eb16456598926f9b7,pos_4gram,VERB>SCONJ>ADV>AUX,0.1562334190786136,0.95,0.11652984020772301,0.023061075549697985,1,3,0.7224555015563965,1.0,0.14507613638309408
754d0b497a26e8b19c2c5a15,pos_4gram,SCONJ>ADV>VERB>AUX,0.39714518399339577,1.0,0.4072957570686277,1.741641935485395,1,3,0.616276741027832,0.9925726710353047,0.14485669293757833
54075731778f794b2bc92f14,pos_3gram,PART>AUX>AUX,0.3861893088249611,1.0,0.3491467927308671,1.6681368084267276,1,4,0.37932413816452026,0.9866415868883264,0.14474119453142975
f66a8a6cbadae7f95d06fa1e,pos_4gram,NUM>NOUN>ADP>VERB,-0.41718825145711885,1.0,-0.505559218686508,1.889948510773598,6,5,0.3307338356971741,0.9866415868883264,0.14435836828990545
2351b00c879ae62b4521f7e6,pos_4gram,X>ADP>DET>NOUN,-0.23024043062768043,0.95,-0.21576588939657465,0.5167642913561574,2,3,0.744451105594635,1.0,0.14420725114825103
9e036d2a145d9f6c22df1906,pos_3gram,X>VERB>DET,0.3304576992699908,1.0,0.3026713056275636,1.2961333548605924,1,5,0.44671064615249634,0.9866415868883264,0.14391921034135852
bcb2a1c9865356a8b0084815,pos_4gram,NOUN>VERB>NOUN>ADJ,-0.2674043813716172,0.95,-0.2668059532690088,0.777478653772158,4,5,0.6560688018798828,1.0,0.14291826332987237
793d559cc17d28c97ab25b7d,dependency_path,ccomp>case,-0.3498215171213009,1.0,-0.6987756975431928,1.4507416403477822,10,8,0.4387122392654419,0.9866415868883264,0.14274108349979236
1842f569aed312f2d51acfc9,function_word,这样,0.2975129921826663,1.0,0.10676353654176385,1.0844033245992934,4,5,0.5046990513801575,0.9895152645881432,0.14273292921362057
8df6b263c1aa3b6c8fa619fe,punctuation_run,://,0.42035493063050944,1.0,0.47594839761979335,1.9466399503623535,1,7,0.33253347873687744,0.9866415868883264,0.14265568162775288
bd6678fe87d1b9b4e86b34b5,dependency_path,nsubj>nsubj,-0.41972032531708453,1.0,-0.39665811598299355,1.9504983495460002,4,4,0.39532092213630676,0.9866415868883264,0.14225404511128362
9c81e324d73fe4161a27731a,pos_4gram,ADP>ADV>ADV>VERB,-0.43285643385382006,1.0,-0.4469820617659301,2.0435746494864326,4,5,0.35392922163009644,0.9866415868883264,0.1422197526605301
578901eaa361b5e977b9b2a9,pos_3gram,NUM>NOUN>SCONJ,-0.37133009436615877,1.0,-0.40454572588976323,1.6115000435717033,7,8,0.39372125267982483,0.9866415868883264,0.14219034584364665
370b0cb00292dd8b0b891e4a,function_word,都,-0.3319441503808022,1.0,-0.4259924729797918,1.3345563199312918,9,7,0.5018996000289917,0.9895152645881432,0.14218725311821634
f05ae29116b3d066ae78db49,pos_3gram,NUM>X>NOUN,0.26525411738387505,0.95,0.3089068208605918,0.7724550442088709,3,4,0.6216756701469421,0.9973721780056851,0.14217083380366174
244513c19b3cf8b98fd07922,function_word,哪,0.4126085582672384,1.0,0.37421462874380396,1.9130724791989766,3,5,0.45310938358306885,0.9866415868883264,0.14164033377593668
a7cafa0b9079939061676870,pos_4gram,VERB>ADP>VERB>SCONJ,-0.32036334236573255,1.0,-0.3171513970429046,1.2664940638218432,3,3,0.4855028986930847,0.9866415868883264,0.14134753206700415
faf4913182b258170219e63b,function_word,既,0.33477163844366353,1.0,0.33907580848828206,1.3687173495397729,1,3,0.45950809121131897,0.9866415868883264,0.14133034425095403
eb2df955f8b87b1d02c76574,pos_4gram,NOUN>X>NOUN>NOUN,-0.3797762062412567,1.0,-0.3288632089771849,1.6894445703870513,7,8,0.3925215005874634,0.9866415868883264,0.14120990275200251
0adc77799ca8a62c4fd49d76,pos_3gram,PART>NOUN>NOUN,0.4111332891305461,1.0,0.5730590833198724,1.9115254190727173,10,10,0.3587282598018646,0.9866415868883264,0.14120889566593126
09553a92312ce06600322b34,pos_3gram,SCONJ>AUX>ADV,0.3324121233967216,1.0,0.11550777623212248,1.3544356416679044,5,5,0.4403119385242462,0.9866415868883264,0.14118547881021618
49437a4c4fbd970982b2c47d,dependency_path,amod>advmod,0.22549309554142435,0.95,0.052735796995782416,0.5181462344871749,8,9,0.6044790744781494,0.9895152645881432,0.14110527424699337
9a77c99f8432c17ebca2024b,pos_4gram,NOUN>NOUN>X>X,0.2254538660983191,0.95,0.29723683748937524,0.5211378852093531,7,8,0.6172765493392944,0.9929708354038833,0.1408032597675559
451517c53871c6626b5608f9,pos_2gram,NUM>PROPN,0.38082833409435873,0.95,0.3677593919785068,1.57646305283261,2,3,0.663467288017273,1.0,0.14041999049506484
13539324d2f3837f700b460c,pos_4gram,ADP>ADJ>NOUN>NOUN,0.29301643901277674,0.95,0.33573147643582735,0.985891462002773,2,6,0.7094581127166748,1.0,0.14017161682210263
880a1f2f624596305a7a12d2,pos_4gram,VERB>ADV>ADJ>NOUN,-0.34446595476273745,0.95,-0.3340068758270452,1.3347006181274101,3,3,0.5406918525695801,0.9895152645881432,0.1401647194007562
246b15e693e9e45823bad5c5,pos_4gram,AUX>ADP>VERB>NOUN,-0.30924759692600345,1.0,-0.31785865064344176,1.206650571493061,3,3,0.4693061411380768,0.9866415868883264,0.14014343771554222
95ac55d66d239264dd806313,pos_3gram,VERB>ADP>ADP,0.3380714470145937,0.95,0.3168634163042711,1.29345971258988,2,4,0.4921015799045563,0.9879470854018131,0.14003641437467698
0dd918b56a023ed68cd580db,pos_4gram,ADP>X>ADP>VERB,-0.16947501874842835,0.95,-0.15527940996814896,0.15233982149303046,3,2,0.7164567112922668,1.0,0.13971683075432162
c0e23ba06e5556cc669c1e9d,pos_3gram,ADP>PRON>ADP,0.3303457667409931,1.0,0.18587409276286504,1.371668859580196,4,5,0.48710256814956665,0.9866415868883264,0.13928831818429613
01a2c5b98119010ef7517d8e,function_word,新,-0.24423939983353182,0.95,-0.1685676932576139,0.6670633510150866,7,10,0.5954809188842773,0.9895152645881432,0.13918333079578057
ee0b78e25f583513fa61768a,pos_3gram,PRON>NOUN>PART,-0.24515163295142836,0.95,-0.2815224071490094,0.6738067112000057,3,3,0.7106578350067139,1.0,0.139140349805915
59f6ea9e8fd4607415a3ced9,pos_4gram,PART>NOUN>NOUN>PART,0.3283342086212637,1.0,0.4256519678851474,1.3715082126664653,7,7,0.4481103718280792,0.9866415868883264,0.13844953471701996
7578de7246f61cef496f2f8b,pos_3gram,CCONJ>NOUN>VERB,-0.3274745944526795,1.0,-0.3155245126049285,1.366655226093335,5,6,0.44091179966926575,0.9866415868883264,0.1383702158396961
f03745a3dbd03da32f1e5588,pos_4gram,PRON>SCONJ>VERB>NOUN,0.2875116214584744,1.0,0.11652984020772301,1.0788564951224284,1,3,0.5888822078704834,0.9895152645881432,0.13830277469034352
663d68e83713e28764d35b5e,dependency_path,ccomp>aux,-0.36616621883187944,1.0,-0.6010842394455975,1.65019871270652,10,10,0.44091179966926575,0.9866415868883264,0.13816557116124004
afbc0f2a5c53ef722aeab9e8,pos_4gram,PRON>ADP>NOUN>NOUN,-0.39673295408366394,1.0,-0.48584571626461953,1.876036809588642,4,3,0.37292540073394775,0.9866415868883264,0.13794432420369768
26e38f95659c05ca26a8dafe,pos_3gram,NOUN>NUM>PART,0.2992777333046101,0.95,0.36165407438090214,1.0625069238371376,3,3,0.602679431438446,0.9895152645881432,0.13784867500489903
7279539cd11ad50e82d21433,pos_4gram,SCONJ>AUX>VERB>VERB,0.37936460090114593,1.0,0.3474624288104396,1.7537294954557834,4,6,0.39292141795158386,0.9866415868883264,0.13776393125293354
decffb473f1084a005090d16,function_word,所以,-0.23224207221077062,1.0,-0.6520280012844561,0.6864661733433819,5,3,0.572285532951355,0.9895152645881432,0.13770929763171938
d0c530dd115ec1962ea17c95,function_word,本,-0.25795595999348725,0.95,-0.22272502239237613,0.7803479453749222,3,1,0.6036792397499084,0.9895152645881432,0.13764621833076918
740f91d26c49b467edfe7d9c,pos_3gram,PART>SCONJ>VERB,0.28652184086841875,1.0,0.2955093975461921,1.0819844934441227,6,8,0.5038992166519165,0.9895152645881432,0.13761958447367684
3ec34b947c696f7a38a10ea5,pos_3gram,SCONJ>VERB>X,-0.4179769528005033,1.0,-0.3660815197465389,2.0374673776163124,7,8,0.36172765493392944,0.9866415868883264,0.13760705905210924
651627721460566b99bae126,pos_4gram,VERB>PART>SCONJ>NOUN,0.3251082601833514,1.0,0.15165515693200138,1.366360783396233,3,5,0.4339132010936737,0.9866415868883264,0.13738744424117427
8307591f6725c888de0ee41d,dependency_path,acl>nmod,-0.4181619734056851,1.0,-0.5091811759535343,2.048061842975435,9,7,0.35152968764305115,0.9866415868883264,0.13718946496094936
be3a18bbb3fc979815c09bae,pos_3gram,VERB>PROPN>VERB,0.2865147632906073,0.95,0.2352840687658414,0.9870288007600694,3,4,0.5946810841560364,0.9895152645881432,0.13698292899527195
2ea41a55a3c9408cffc50d7e,dependency_treelet,VERB>obj>X,-0.3741251198130839,1.0,-0.4008009189885463,1.7359482525504384,9,10,0.4097180664539337,0.9866415868883264,0.13674422367613356
19d5317068e46b28e3a226a3,pos_3gram,NUM>NOUN>X,0.2910497464910057,1.0,0.2902899607146047,1.129492229272209,6,10,0.5156968832015991,0.9895152645881432,0.13667565558127298
3b92f6700204ca20e62e3b9a,dependency_treelet,PART>conj>PART,-0.3523780761005168,1.0,-0.2562217194343384,1.578960608012742,7,7,0.4085182845592499,0.9866415868883264,0.1366356954060059
432c1cc0dbf96c4a0b2193e2,pos_4gram,ADP>VERB>NOUN>PART,0.2634833276875074,1.0,0.33360698421096807,0.9302237166203258,2,4,0.6044790744781494,0.9895152645881432,0.1365040359927017
f7be92e42dc1fec931e7dd70,dependency_path,nmod>flat,0.23056133752499394,1.0,0.3176762566562894,0.6905577474322157,9,10,0.6058788299560547,0.9895152645881432,0.13638181711047317
ebe48324049b34a4a0d6e37f,pos_4gram,NOUN>ADP>VERB>SCONJ,-0.2968407446097508,0.95,-0.2947262943413094,1.0700773511698642,4,3,0.543891191482544,0.9895152645881432,0.13622616914285696
f42431c657d9853a91dd04af,pos_4gram,AUX>VERB>VERB>NOUN,0.43285541950359113,1.0,0.5057697133468783,2.181477777125288,4,6,0.33453309535980225,0.9866415868883264,0.13605483043628538
511923d7c134f9a5014983b9,pos_4gram,PRON>AUX>VERB>NUM,0.18763084325915308,0.95,0.04207225114394413,0.3123012131183343,3,3,0.7158568501472473,1.0,0.13582956360501522
bd0d0fb1e7da62472064d4ba,pos_4gram,VERB>NUM>NOUN>ADJ,0.26591547630545465,1.0,0.31438627811078035,0.95842245601586,7,7,0.5308938026428223,0.9895152645881432,0.13578044690440436
5384a07f757c93fdfd8e3124,pos_4gram,SCONJ>NOUN>VERB>PART,-0.23208294913677893,1.0,-0.21274470130977005,0.7127435524110429,4,4,0.592081606388092,0.9895152645881432,0.13550361862993085
0fefed1bdef4c01dcf9fbf73,pos_4gram,SCONJ>NOUN>ADP>X,0.3022282979721967,1.0,0.37146134375844597,1.230712622522373,2,4,0.5082983374595642,0.9895152645881432,0.13548508889973143
96cdac994c21dfeb325795f8,pos_4gram,NOUN>AUX>ADP>NOUN,0.34993250491875527,1.0,0.3184729133779546,1.5886829998097451,2,6,0.4373125433921814,0.9866415868883264,0.13517781240286025
5dd8ac9cc8288fb185cd483f,pos_4gram,DET>NOUN>NOUN>X,0.26208504637787117,0.95,0.20507319206908997,0.8420241772933621,2,4,0.6078784465789795,0.9902475795107869,0.135166952273572
f3125a50bf08633d3c711e2d,pos_4gram,X>NOUN>PART>X,0.14433915788583257,0.95,0.20782960514042606,0.015633841827418685,2,4,0.78144371509552,1.0,0.1350114523013712
58b6b2adbe1a10e236a7fd51,pos_4gram,NOUN>NOUN>SCONJ>NOUN,0.42712211194073085,1.0,0.42952814178841964,2.1637829083672138,6,9,0.32533493638038635,0.9866415868883264,0.1350036093851847
81b9b214b2472e6712ac5c05,pos_4gram,NOUN>VERB>AUX>ADV,0.24456192723339387,1.0,0.22442784619568842,0.817880481806261,1,3,0.7382523417472839,1.0,0.13453135653362377
143854b04d9be72dce8e8ae6,dependency_treelet,VERB>parataxis>ADJ,-0.18013700222967194,0.95,-0.2598227564808746,0.27242640005699686,8,9,0.6788642406463623,1.0,0.134491198949128
09f96811bf992351daf497b7,pos_4gram,VERB>ADJ>VERB>NOUN,0.31602247988664417,1.0,0.3174537187918024,1.3553379068095452,1,4,0.4451109766960144,0.9866415868883264,0.1341728840575222
1e4e407db57de49168ee5686,pos_4gram,VERB>VERB>VERB>NUM,-0.3146763793077614,1.0,-0.26379179685945325,1.3458980018278102,5,5,0.4835032820701599,0.9866415868883264,0.13413898603544605
5e156818ea7043dbc98351a7,pos_2gram,PRON>AUX,0.32855193540256955,1.0,0.15943062687175852,1.4543181898538131,8,9,0.45990800857543945,0.9866415868883264,0.13386688684491194
13f2e59fa115e406def13339,pos_4gram,PROPN>VERB>AUX>NUM,-0.32127892022855237,0.95,-0.3934780825139923,1.2806608904513064,2,2,0.5880823731422424,0.9895152645881432,0.1338274249779973
a3d929a7e8fd64989aa9413b,pos_2gram,VERB>VERB,-0.3010182437346099,1.0,-0.27122266608540185,1.250721596212804,10,10,0.4869026243686676,0.9866415868883264,0.13374299346534943
39f8045ba69fece36b894d81,function_word,自己,0.2605345600456026,1.0,0.041429113585106744,0.9481127204664256,3,5,0.5388922095298767,0.9895152645881432,0.1337369020326628
406452b5541337188b5f513e,pos_2gram,PART>PRON,0.24812701254251138,1.0,0.10067795209104143,0.8577944666857543,5,5,0.5620875954627991,0.9895152645881432,0.13355999115723605
b5a6f0a6135e62fa20c465d2,pos_3gram,NOUN>AUX>AUX,0.2802309472272825,0.95,0.2885569538762673,0.9941954945146977,3,3,0.7056588530540466,1.0,0.13349714238056928
157db3f2bde3abcbc1197571,function_word,即,0.39718090585870097,1.0,0.4420085721098335,1.9782821159662674,2,5,0.4785043001174927,0.9866415868883264,0.13335906082551904
61afed276b52c65c25011719,pos_3gram,X>ADP>NUM,0.18842113384546308,0.95,0.26759045350015526,0.34261312665180227,3,5,0.6572685241699219,1.0,0.1333221563233028
aef14b6f9f2a542291a9da4d,pos_4gram,SCONJ>NOUN>VERB>ADP,0.31748153813032176,1.0,0.22393191022315484,1.3831124927826708,1,3,0.5756848454475403,0.9895152645881432,0.13322138132036332
5f63aa9bf23fa9f05045f2ef,dependency_path,mark>punct,-0.2271661859009365,0.95,-0.25083117889977213,0.6206350677155288,5,6,0.7072585225105286,1.0,0.1331625366530515
b3b8eebbdbf80e4bf74af9a4,pos_4gram,VERB>NUM>NOUN>AUX,0.22696858789911756,0.95,0.2594794960098049,0.6203399743681545,2,4,0.6500699520111084,1.0,0.13307093691139843
51d346fdcbd84686673d5846,pos_3gram,VERB>SCONJ>PRON,-0.17630783175496467,0.95,-0.3431995045528865,0.2602594411177718,2,2,0.8758248090744019,1.0,0.1329031425613928
cd2367924cc79c531e0902d4,pos_3gram,NOUN>ADV>ADP,0.21250543009142606,1.0,0.23775490067203947,0.5994345604891232,6,8,0.6344730854034424,1.0,0.13286284749683022
8769dfee99350c7edfc9ae37,pos_4gram,NUM>NOUN>NOUN>NUM,0.2540990322363078,1.0,0.2994427475296967,0.9131021413945061,2,5,0.5764846801757812,0.9895152645881432,0.132820421209235
28b091d5b118390075e4cabe,function_word,任何,-0.21884693779023925,0.95,-0.19723438621519224,0.5661901423142889,3,4,0.6552689671516418,1.0,0.13274543446782008
974819c3704aa976a2c23529,dependency_path,conj>nummod,0.288351736686092,1.0,0.34395189038606644,1.1733169490470878,6,8,0.5184962749481201,0.9895152645881432,0.13267817968866558
437ea377b65ee2efc50d3697,dependency_path,parataxis>obj,-0.2935532063516601,1.0,-0.2045063924604442,1.2206689016796903,10,10,0.48810237646102905,0.9866415868883264,0.13219134384672096
640f2b14b05024cf07fcbbe4,pos_4gram,NOUN>X>X>ADP,0.3115646905457245,0.95,0.3656650416970852,1.240714145480693,1,3,0.6062787175178528,0.9895152645881432,0.13209469695874182
e7a45c07f04b522d7ebdeaac,pos_2gram,X>X,0.30093916516893937,0.95,0.3789355909207386,1.1660084900999141,9,10,0.542291522026062,0.9895152645881432,0.13199034455183722
a6f3f8c5f264da70653c03c9,pos_4gram,NOUN>PART>NOUN>NOUN,0.38710917635542963,1.0,0.4806757480869332,1.9348142478099295,10,10,0.391521692276001,0.9866415868883264,0.1319024454935454
d6f3849edc19833ea9140ca9,pos_4gram,NOUN>SCONJ>VERB>NOUN,0.3593358824710969,1.0,0.3574522819827701,1.7340873552312106,8,10,0.41911616921424866,0.9866415868883264,0.13142809127278574
cbfb21192e1183796d2d01fe,pos_3gram,X>ADP>ADJ,0.28448418622866184,0.95,0.34851131718293454,1.062588228194088,3,4,0.6222755312919617,0.9978492172904888,0.13102953523295174
1d397f508ab758c713f026e0,pos_4gram,VERB>PRON>AUX>VERB,0.24069721658346074,1.0,0.011668040078235836,0.8465242348558523,3,4,0.5434913039207458,0.9895152645881432,0.1303515069230871
96edb8632eb2518e82948869,dependency_path,conj>xcomp,-0.18334371718182957,0.95,-0.22133006596290355,0.33644537471295793,4,5,0.7730453610420227,1.0,0.13032820840892786
7d3f8d6a291087d63da7e7e8,pos_4gram,ADP>AUX>VERB>NOUN,-0.4191854181907624,1.0,-0.3595792646200063,2.2175576525479754,5,2,0.3431313633918762,0.9866415868883264,0.13028062383243097
07160eae69db82b1458e3aec,dependency_treelet,X>acl>VERB,-0.1768725118703099,0.95,-0.1528070766829977,0.28975254217148205,7,8,0.894821047782898,1.0,0.13027994191342615
0a05827f6fbbb26df09fc05f,pos_4gram,X>ADP>NUM>NOUN,0.18605314877108248,0.95,0.26537743942679015,0.359083596126371,3,5,0.6748650074005127,1.0,0.13005122851625797
7b5e4a4b9b10241479f7e6d0,pos_4gram,VERB>ADV>VERB>PART,0.2233944546070446,0.95,0.15877389257136063,0.6319644342528996,1,4,0.5780843496322632,0.9895152645881432,0.13004249812211574
9383f43d111fa8456b59b6c3,pos_4gram,ADP>DET>NOUN>VERB,0.19162900385074472,0.95,0.13045303832716973,0.40029858811208835,4,6,0.6722655296325684,1.0,0.13000623952899057
243a5637c9ac8d61c7f5bc6d,pos_3gram,NOUN>SCONJ>VERB,-0.2036085433227869,0.95,-0.26662738544438913,0.4886986462699813,10,10,0.6458708047866821,1.0,0.12993100829458845
9bfd23fbc2b264a447b8236f,pos_4gram,NOUN>NOUN>PART>SCONJ,-0.24447556521463182,1.0,-0.231101397959488,0.8819900917357497,3,4,0.5892821550369263,0.9895152645881432,0.12990268455088053
f998d0c5595f1fa650901198,pos_4gram,SCONJ>VERB>AUX>DET,0.3151158524779318,0.95,0.3771487543735134,1.305629790838129,2,3,0.5298939943313599,0.9895152645881432,0.1298387369228143
c9aee419a08d29cc3b1eb9a2,pos_4gram,NOUN>ADV>NOUN>NOUN,0.13801215950223042,0.95,0.1850989746759316,0.011766649462190668,1,3,0.8630273938179016,1.0,0.12958674966882122
c7015bb2ddbe40dcfa059987,function_word,之,0.29305283681786287,1.0,0.3105843786046954,1.2680652696986898,4,7,0.518896222114563,0.9895152645881432,0.1292082907546989
b0e9b1196b01f89bc5a5410d,dependency_treelet,VERB>appos>X,0.23717375671039728,1.0,0.2617874231105279,0.8367317487208654,2,5,0.5906818509101868,0.9895152645881432,0.1291281412626365
93c66d1eb624e3078a2cbcbb,pos_4gram,ADP>VERB>VERB>SCONJ,-0.2838401507363115,1.0,-0.23710996388076544,1.201140192790402,3,2,0.5048990249633789,0.9895152645881432,0.12895141875378924
0af5e6ac0b94874e53bfa063,pos_4gram,X>X>VERB>ADV,-0.28081670889172405,0.95,-0.24878920862095322,1.0694102864996402,2,3,0.7312537431716919,1.0,0.12891395929918906
f3efcebae829d0ecb7428fb8,pos_2gram,SCONJ>PRON,-0.3261840429529285,1.0,-0.7376678419285823,1.5307018614428285,7,3,0.47690460085868835,0.9866415868883264,0.1288907428893901
7ed0e81092c33e2e73da8839,pos_4gram,AUX>AUX>VERB>NOUN,-0.35467061099225766,1.0,-0.38402696397073627,1.7538167848408073,3,2,0.5012997388839722,0.9895152645881432,0.1287923775265828
7b028cb22f912b0ee96d3443,pos_4gram,VERB>NOUN>ADP>NOUN,0.20916227343545093,1.0,0.27097049946953206,0.6248846697537994,5,8,0.6320735812187195,1.0,0.12872438107693082
493826aa9f7b9d7474f8a72d,pos_4gram,NUM>NOUN>NOUN>CCONJ,-0.2737197093723488,0.95,-0.2874115473289444,1.0219513920119638,2,4,0.5104978680610657,0.9895152645881432,0.12860532895648993
2d5f4ef2251a6fdd447a4bb7,pos_3gram,X>VERB>AUX,-0.21739384002188217,1.0,-0.19687243901193133,0.6944001135804719,8,9,0.6228753924369812,0.9985683994913159,0.12830136062874944
87ef029f3d5e4fb97bf558d5,function_word,段,0.3085014632138405,1.0,0.3680776375927692,1.4065924479057041,1,3,0.5910817980766296,0.9895152645881432,0.12819015678467227
b3311ad81afd8c9b953d8ec8,pos_2gram,ADV>ADV,0.24984321772274584,1.0,0.11853127679054362,0.9495142776332308,8,10,0.56288743019104,0.9895152645881432,0.12815664937117724
f0780a70db14f13bcc888012,pos_3gram,NOUN>VERB>ADJ,-0.15029248886038943,0.95,-0.10154252762688766,0.11658751556793076,9,8,0.7270545959472656,1.0,0.12786983772136187
b815e79b5c8b8656ff9705c7,pos_3gram,DET>X>NOUN,0.2230041937293731,0.95,0.2567981208748683,0.659497517113466,2,4,0.6816636323928833,1.0,0.12766152516540294
7dab1060b30d075631722dae,pos_3gram,NOUN>PART>AUX,-0.3350752249833453,1.0,-0.2856104136367184,1.627237796969984,5,6,0.47830432653427124,0.9866415868883264,0.12753897853090818
310155e8600a5364a1d8f410,pos_4gram,NOUN>NOUN>AUX>ADV,0.2706829143971303,1.0,0.23422878868686647,1.1231771913273538,2,4,0.5718856453895569,0.9895152645881432,0.12748955457076408
059c00c28a44190025babf4c,pos_4gram,VERB>NOUN>SCONJ>NOUN,0.3796846570148054,1.0,0.2500623592762631,1.9783792432043998,8,8,0.38752248883247375,0.9866415868883264,0.12748029247152137
db619f19d4c5e913d7cef95d,pos_2gram,ADJ>VERB,-0.24808742108139242,1.0,-0.2254879313838699,0.946315860170065,9,8,0.5576884746551514,0.9895152645881432,0.12746513870555165
ecac7d43698cbcb4382de8e1,pos_3gram,PART>PART>ADV,-0.17847553645656344,0.9,-0.13530598275975156,0.26109140442513623,2,2,0.7274544835090637,1.0,0.12737219700908892
93205b5e9469ec535434bf4f,pos_4gram,ADP>PRON>VERB>PART,-0.25524233516862366,0.95,-0.21902145611851134,0.9046332659381552,2,2,0.7540491819381714,1.0,0.12731071264302174
393a7901809662880ebb1624,function_word,及,0.31226454010061433,1.0,0.39400487702816944,1.453259340514159,5,5,0.4951009750366211,0.9887535956345106,0.1272855808367856
a6b57d9c11e5a24dc1b377b9,pos_4gram,VERB>SCONJ>NOUN>DET,0.24437852307483887,0.95,0.2905503355415653,0.8275767039322246,1,3,0.592881441116333,0.9895152645881432,0.12703138337317443
93368691eda7ae0b69deac8d,dependency_treelet,VERB>xcomp>VERB,-0.34805397596740967,1.0,-0.41207583087813765,1.7436145089789705,10,10,0.4237152636051178,0.9866415868883264,0.1268596498627415
d4d7a6ac9dc6f9324975cda5,pos_3gram,AUX>VERB>PRON,0.364216890738951,1.0,0.15258632211051576,1.873720672528377,4,5,0.3905218839645386,0.9866415868883264,0.1267405333513167
e0ff716fa4a037c0bf57e5ba,pos_4gram,SCONJ>X>NOUN>NOUN,0.2780727795679995,0.95,0.3457935195050342,1.089730195698228,2,6,0.5010997653007507,0.9895152645881432,0.12641303701951553
587374e9ab7ae4ae226029bb,pos_4gram,NUM>NOUN>PART>VERB,0.3759165963477025,1.0,0.3047553370496446,1.9757416249380602,1,3,0.4689062237739563,0.9866415868883264,0.12632702825989714
9afd9df0bbc5b4ad8be5b658,pos_2gram,NOUN>ADP,-0.21458444217412928,1.0,-0.19151507528000622,0.701244692637711,10,10,0.6308737993240356,1.0,0.1261337908078495
df07b4ef8b5c47eccdd1d7fe,function_word,无论,0.2954815998963759,0.95,0.25286557903065987,1.2277479456873492,3,4,0.6258748173713684,1.0,0.12600506284607865
3a766753dc11f7878701baaa,dependency_path,appos>amod,0.2291128994216908,0.95,0.2855091784878694,0.7299028795376812,5,3,0.8090381622314453,1.0,0.12582050531575242
24f8ac2eaacba3480272c50a,pos_4gram,VERB>VERB>VERB>VERB,0.28135328094419754,1.0,0.32001856721485555,1.2365968304816188,5,7,0.5020995736122131,0.9895152645881432,0.1257952605090709
40ac32fc59e5d1e9f2ddaf29,pos_4gram,NUM>NOUN>AUX>NOUN,-0.3211038069295723,0.95,-0.30699806467044394,1.428380868178941,2,3,0.7394521236419678,1.0,0.12561811064334882
a389544be8c0f5459947fed8,pos_4gram,VERB>VERB>NOUN>SCONJ,0.36381071144025906,1.0,0.3256474142441872,1.9009452175216128,4,6,0.3995200991630554,0.9866415868883264,0.12541109333704561
f1b8fce56933ffa7acaa3865,pos_3gram,PART>ADV>VERB,0.3005982763169498,1.0,0.3476066279312768,1.3980616420489536,8,8,0.5136972665786743,0.9895152645881432,0.12535052104003147
7f8f2a0c4c3ae70d58416620,pos_3gram,VERB>AUX>ADJ,-0.34855316689421395,1.0,-0.34965305375541234,1.7807404446746986,10,8,0.421715646982193,0.9866415868883264,0.12534545162664004
77e0ef72e49c3e5cdf44ac2e,pos_3gram,PRON>VERB>NOUN,0.26553425512006085,1.0,0.02500955432091508,1.1197364905265967,6,7,0.5478904247283936,0.9895152645881432,0.12526757750634154
572e3f1f7a89c2fcdff4ad71,dependency_path,conj>acl,0.17864405643245262,0.95,0.200321981296126,0.35654986043131315,7,8,0.6776644587516785,1.0,0.12510550372020263
961ee993a09c32b111115a8e,pos_3gram,NUM>NOUN>ADV,0.27270615642317797,1.0,0.0764306154627776,1.1844689370055004,8,8,0.5384923219680786,0.9895152645881432,0.12483865153834929
fa96f175eaadb6b2e775facd,pos_4gram,ADP>NUM>NOUN>ADP,-0.2313549530696153,0.95,-0.21448971517186702,0.7645270103852195,3,4,0.6686662435531616,1.0,0.12455870843719874
d08c8382451081238481e0c6,pos_4gram,VERB>NOUN>X>X,-0.17008852235185837,0.95,-0.12064119983787994,0.2982565307175616,5,6,0.7198560237884521,1.0,0.12446237889899621
10dd3f22466d64483cd1ed87,dependency_path,xcomp>obl,-0.19423722553074416,1.0,-0.27468050292542406,0.5625318089664696,9,9,0.6496700644493103,1.0,0.12430929368357728
166fc8b0c308d7150c8933f2,pos_4gram,NOUN>VERB>SCONJ>X,0.24211023802912268,0.95,0.30297412329590656,0.8518971120780152,2,3,0.6442711353302002,1.0,0.12419951660790596
81147503f3c5939fee9cd612,pos_3gram,NOUN>PART>ADV,0.21451509336460756,0.95,0.25424405385858534,0.6476018846914467,4,6,0.6064786911010742,0.9895968155314833,0.12368845932374109
7f97f486954bc2e793f9007f,pos_2gram,PART>NUM,0.16123665889074404,0.9,0.1843337344861338,0.17814515103953873,10,9,0.7182563543319702,1.0,0.12317072550324457
a3c9a0186d7b550bb98a9fac,pos_3gram,PROPN>ADP>NOUN,-0.3082681268804773,0.95,-0.3704970327557767,1.3791157769441111,2,3,0.5926814675331116,0.9895152645881432,0.12309393404662919
d61b8e85218e3683f520bbc0,pos_4gram,SCONJ>NOUN>ADV>VERB,-0.3145830690365175,0.95,-0.29951970346001805,1.4306589841679358,5,6,0.6126774549484253,0.9921043618789303,0.1229518075267952
9517f8d210d749c330f629a8,pos_3gram,ADJ>ADP>PRON,-0.2583923845897888,0.95,-0.3704970327557767,0.9988426237657274,2,3,0.5926814675331116,0.9895152645881432,0.12280744989209805
3ae7dfcdcb26406ead98980e,pos_4gram,NOUN>SCONJ>ADP>PRON,-0.20345738062679247,0.95,-0.21286938985300058,0.574038162320283,1,3,1.0,1.0,0.1227953147657697
da02f88f6eab4e3b1e669f9a,pos_4gram,X>X>ADP>X,-0.24062275119855114,0.95,-0.1965902998735812,0.8645854974427386,3,2,0.6730653643608093,1.0,0.12259647731473554
3a1770126468f18ea6b5e9d7,pos_3gram,PART>VERB>DET,-0.38947376410592804,1.0,-0.35637593023614034,2.1772972592098254,4,6,0.4081183671951294,0.9866415868883264,0.12258020963477236
41c1e64b89b6badf78fb3e17,pos_4gram,DET>NOUN>NOUN>ADP,-0.27239382931448713,1.0,-0.35477133254696896,1.233484982017525,7,7,0.5200960040092468,0.9895152645881432,0.12195910494478973
1f48e2769a7bc6b9e9ba3ec8,pos_4gram,SCONJ>AUX>AUX>VERB,-0.3407874237089245,0.95,-0.3456339104160602,1.6579882032797597,2,3,0.6806638836860657,1.0,0.12180191474288608
50a5f41bc8829acb71529d84,pos_4gram,NOUN>ADV>VERB>AUX,0.2504641343011644,0.95,0.2713771896042323,0.9542078023116957,7,9,0.5668866038322449,0.9895152645881432,0.12175825278388415
0cbdac5554b8fe9eaaa6b944,pos_3gram,PART>VERB>PRON,-0.1763905089373325,0.9,-0.27559953559332157,0.3038561972886407,2,3,0.7214556932449341,1.0,0.12175534263189586
649e2b3e5e903010edf1dbda,function_word,感,0.26580944166159026,0.95,0.2900541281474782,1.0774394348918788,2,3,0.5912817120552063,0.9895152645881432,0.12155298746009081
3622730ad022a70ea5b903ab,pos_4gram,NUM>NOUN>VERB>AUX,-0.3704973065492212,1.0,-0.38505236708452584,2.0545018818364253,5,4,0.43171364068984985,0.9866415868883264,0.12129549133768125
8b6190367d282441ab2fbb50,pos_3gram,NOUN>NUM>NUM,-0.27144263610012737,0.95,-0.23153215756305875,1.1268295378311854,2,3,0.678264319896698,1.0,0.12124643734169782
ea827b0ee684c54f27eda8e1,pos_4gram,NUM>NOUN>ADV>AUX,-0.23369686143529586,0.95,-0.3393491196880548,0.8347372045168183,2,2,0.7410517930984497,1.0,0.12100480538410315
bf13cf02c9e9fd11713da471,pos_4gram,PART>NOUN>AUX>VERB,-0.23366255617128823,1.0,-0.19344699281218414,0.9339276301303006,4,5,0.588682234287262,0.9895152645881432,0.12082280253452139
1377598c7d2f5d777dc0b48d,punctuation_run,/,0.37612203436916214,1.0,0.46921505237917055,2.115369205485702,7,7,0.3955208957195282,0.9866415868883264,0.12073112673350792
62cdf0356ecec64566557bd6,pos_3gram,PART>NOUN>CCONJ,0.1866299365817296,0.95,0.21966490959609983,0.4694437198029609,8,9,0.6826634407043457,1.0,0.1206568426971924
f08673cbc7e76a0c74eef539,pos_3gram,AUX>ADP>VERB,-0.23504717468390052,0.95,-0.23530267018195736,0.8570480021312591,6,6,0.6036792397499084,0.9895152645881432,0.1202418115705351
5397a9e1812e1632ea1aa07b,pos_3gram,ADV>VERB>ADJ,0.1653890707997155,0.95,0.16835874834930936,0.30689502467647617,6,8,0.715256929397583,1.0,0.12022359431556097
7b50b8ee81a50ad0ceb74625,pos_4gram,X>X>X>ADV,-0.26057150847160243,1.0,-0.21217426510194784,1.169692260243312,3,2,0.5720855593681335,0.9895152645881432,0.12009606765264566
59a0ae06b7267a926f0eb44c,pos_4gram,NOUN>SCONJ>VERB>PART,-0.29164019075275904,1.0,-0.32713469475220197,1.4299167049401995,4,5,0.509498119354248,0.9895152645881432,0.12002065344866887
a3efc837b5dce13a828e7495,pos_2gram,PROPN>ADV,0.22518286772562635,0.95,0.21544741831891664,0.7853651670793012,3,6,0.5906818509101868,0.9895152645881432,0.11982071135021931
adab4ed6e9f6f03f694bff59,pos_4gram,PRON>NOUN>VERB>AUX,-0.21560452446166312,0.95,-0.35247121553635247,0.7119157882572273,2,3,0.6662667393684387,1.0,0.11964624641209493
922dc0a9b4a4a38f79c8d394,pos_3gram,PROPN>PROPN>NOUN,-0.1980150237245204,1.0,-0.15067572798052245,0.656767822611324,5,2,0.6970605850219727,1.0,0.11951887344867544
883b095740743b4f64b298a4,pos_4gram,NOUN>ADP>PRON>ADV,-0.19868033775297728,0.95,-0.35738765349774476,0.5795698585340775,3,3,0.647070586681366,1.0,0.11949222748558572
ef4f90888cec38f150cf0f56,pos_3gram,PART>NOUN>PRON,-0.24922980138096087,0.95,-0.2960590765803477,0.9835400399169764,4,4,0.5780843496322632,0.9895152645881432,0.11936653989693248
3cd69c5c82adaa1c2d5afc87,pos_4gram,NUM>VERB>VERB>NOUN,0.3047761264954466,1.0,0.26337650381968364,1.5569444792448297,1,3,0.579284131526947,0.9895152645881432,0.11919544165677758
e8b0df8baa778acba28480da,function_word,低,-0.14519602873541262,0.95,-0.09474739829950009,0.1579649310386539,3,2,0.7866426706314087,1.0,0.11911952046329938
bfb2dab940feeaa5b6add146,pos_4gram,PART>NOUN>VERB>PART,0.19983580017635916,0.95,0.25382599928595345,0.6004723329774718,4,7,0.645470917224884,1.0,0.11861748950971303
6b435766bf06ad4938fbbded,pos_4gram,PRON>VERB>NUM>NOUN,-0.3016479242446627,1.0,-0.6610449993034683,1.5480554350372493,5,4,0.4849030077457428,0.9866415868883264,0.11838357992405803
a80e20b38b7bf25e8bd8b4bf,pos_4gram,ADP>NOUN>VERB>VERB,-0.3278410424978169,1.0,-0.2531315951754176,1.778762074751187,8,9,0.451909601688385,0.9866415868883264,0.1179809691073217
f6f885d95a01a53cb91aa00e,pos_4gram,VERB>SCONJ>NOUN>X,-0.26417565657216097,0.95,-0.22465253765388013,1.1283290152110634,2,3,0.5934813022613525,0.9895152645881432,0.11791732948707881
ef00f26a50cd76370e14bac9,pos_4gram,VERB>SCONJ>NOUN>ADP,-0.2777132308797282,1.0,-0.24936393374565913,1.3552776191038338,5,6,0.5220955610275269,0.9895152645881432,0.11791103886317914
1e6e11d418635907c0eb43ea,dependency_path,root>csubj,0.28808447776157814,1.0,0.19235535907808343,1.4459158379045007,7,8,0.5162967443466187,0.9895152645881432,0.11778184404267561
55cf54e0f874aae39d76126f,function_word,是,-0.3663019807064351,1.0,-0.4474387719131131,2.115566986738329,10,9,0.40311938524246216,0.9866415868883264,0.11757153104575509
3d7a7f3e28e52394560ad7cb,pos_4gram,NOUN>CCONJ>NOUN>X,0.16338334595778384,0.95,0.21491106916972386,0.32233147084117253,2,4,0.7012597322463989,1.0,0.11737917616160079
50eba895da4e83ca9913d398,pos_4gram,PRON>PART>NOUN>SCONJ,-0.19747077700355836,0.95,-0.41054544038465723,0.6029850860807232,2,2,0.7340531945228577,1.0,0.1170299335797647
ed69dd10ac2ba14e19d850be,pos_4gram,ADP>VERB>PART>ADP,-0.1954016346658453,0.9,-0.1528078836382668,0.5038945625934976,2,2,0.7386522889137268,1.0,0.11693736753458565
3c7e1de1376caaba8766a442,pos_4gram,VERB>PRON>NOUN>NOUN,0.1931967156654859,0.95,0.13838068357455965,0.5725209422667847,4,5,0.6676664352416992,1.0,0.11671506238743229
e8e052504fa2b13a9e06846c,function_word,以,-0.32087372531397523,1.0,-0.24692706438552778,1.7503849315263154,8,8,0.4679064154624939,0.9866415868883264,0.11666502446110612
204fcf100c99a5052ca300ce,pos_3gram,NUM>NOUN>PRON,-0.30663109234073804,1.0,-0.6378367979243368,1.6296642633377003,6,4,0.4989002048969269,0.9895152645881432,0.11660465429588593
6fb16eebcf42a6e05587bbf4,pos_2gram,ADV>NUM,0.2566680038551339,0.95,0.20753221644118522,1.092275053862909,5,7,0.6464707255363464,1.0,0.11654041528248985
58ce1c8a30ffc8f7fe7bd50e,dependency_treelet,NOUN>nmod>VERB,0.16521235698158143,0.95,0.20169145743455158,0.34701725838253417,3,5,0.68526291847229,1.0,0.11651798680067857
4e95649ea8a9a8c530a60d68,pos_2gram,NUM>PART,0.3704413422579673,1.0,0.46690866249783136,2.1804044604733472,7,9,0.4029194116592407,0.9866415868883264,0.11647617366340683
4ef453fc0ae5ad93fe588354,pos_2gram,CCONJ>PRON,-0.38067878816283424,1.0,-0.38910988039077965,2.2752147205976514,4,4,0.4479104280471802,0.9866415868883264,0.11623017745028
0691a0891a09d08760282816,pos_3gram,CCONJ>VERB>AUX,0.12249051750637187,0.95,0.17041888675078365,0.0019478196580512736,1,3,1.0,1.0,0.11613977229948672
af8cb69c6e8989e0511153f0,pos_4gram,NUM>PART>NOUN>VERB,0.24858880077580753,0.95,0.30744001077071387,1.0363162928766991,2,3,0.6546690464019775,1.0,0.1159738109266883
5b00d87385c0cd05137cf6a9,pos_3gram,AUX>X>VERB,-0.3680979150426541,1.0,-0.3611770219761792,2.174512103781184,3,4,0.4421115815639496,0.9866415868883264,0.11595416965152221
1207967570850dbe8fe7ea17,pos_2gram,NUM>SCONJ,-0.21989077452464742,0.95,-0.3960686610697872,0.8024006345297402,3,3,0.6090781688690186,0.9906530276205413,0.11589889162068433
1a034ba1c48d6fdc26930529,pos_4gram,AUX>ADP>ADJ>NOUN,0.3134617994367951,1.0,0.2859820120393021,1.7062794408542044,2,6,0.5404918789863586,0.9895152645881432,0.11582758036910434
1725b4cace08ae9e3d6a2a7b,pos_4gram,VERB>SCONJ>AUX>VERB,0.26993982556167906,0.95,0.2872505006440617,1.2141571318299789,3,6,0.5534892678260803,0.9895152645881432,0.11581961848915737
46f2f1a363bc40a2bd87b13a,pos_3gram,SCONJ>VERB>NUM,0.26994880290012263,1.0,0.24991317832162918,1.3344249285823504,4,6,0.5242951512336731,0.9895152645881432,0.11563824546033148
9aee2b408329501c682ef717,pos_4gram,DET>NUM>NOUN>AUX,-0.2896221263422936,0.95,-0.25496703177030355,1.3860498547024747,2,2,0.6054788827896118,0.9895152645881432,0.11531235170251179
214732f377cf34885d87c7b6,pos_4gram,NOUN>AUX>ADP>DET,-0.3277389458705048,0.95,-0.3321498044111426,1.709208936405654,2,3,0.6140771508216858,0.9925726710353047,0.11492358318810755
bd04511e32896d184e9c6ffa,pos_4gram,PART>CCONJ>NOUN>NOUN,-0.3438793006304563,1.0,-0.2767467036569103,1.9941117666658394,5,4,0.43751248717308044,0.9866415868883264,0.11485185839050718
b6de50836532da13234cf356,pos_3gram,PART>NOUN>ADV,0.32420747505693154,1.0,0.34938444458012796,1.8232381030333418,7,9,0.45610877871513367,0.9866415868883264,0.1148353285217413
19b3af6bca74acbb163888bf,pos_4gram,CCONJ>NOUN>NOUN>ADP,0.2323164183962574,1.0,0.3004238724467296,1.026865657146799,2,5,0.625674843788147,1.0,0.11461855776040292
ee0803f857f58b1387359c9f,dependency_path,csubj>punct,0.2304365972280463,0.95,0.17250370733034917,0.911635567151245,5,6,0.6120775938034058,0.9921043618789303,0.11451699849510273
8f0b67cc86f7368984f1f7ba,pos_4gram,NOUN>NUM>NOUN>NUM,-0.2683215198155683,1.0,-0.21419645916842278,1.3469077103487015,5,3,0.5516896843910217,0.9895152645881432,0.11432981306951406
7fbb5f9fe289a8915af8063e,pos_4gram,SCONJ>NOUN>PART>VERB,0.3333760041088767,0.95,0.3323038914348684,1.771008442845623,1,3,0.5866826772689819,0.9895152645881432,0.11429312123574682
9ecd9ca796035c7ffb31c956,pos_4gram,NOUN>NOUN>ADP>SCONJ,-0.1353389781537908,0.95,-0.15677526819109588,0.12760693677472645,3,4,0.8298340439796448,1.0,0.11402202758157333
5f11883391b3acc180587981,dependency_treelet,ADJ>nmod>NOUN,-0.45481834114673514,1.0,-0.48000417796484113,2.991976063521449,9,7,0.331333726644516,0.9866415868883264,0.11393313334287014
22ba3c04be7883dca858c60e,pos_3gram,ADJ>PART>PART,-0.1676389712518611,0.9,-0.19682498267793513,0.3281814020315288,3,5,0.7034593224525452,1.0,0.11359523171752219
fedf07ec6aebf83c2cc3310e,dependency_path,root>advcl,0.35199292868197424,1.0,0.35197685602717743,2.103666703255323,10,10,0.4207158386707306,0.9866415868883264,0.11341196150758769
e37b64fabd5da189dc76b077,pos_4gram,VERB>X>VERB>PART,-0.2998508265124924,0.95,-0.26479516882033094,1.5144557564081893,2,2,0.6036792397499084,0.9895152645881432,0.1132882471528462
0392b9670a306c9b4c5ac7f6,pos_4gram,VERB>VERB>SCONJ>X,-0.21937024054107598,0.95,-0.18399179402365096,0.8409143974583602,2,2,0.7382523417472839,1.0,0.11320555089457168
cb2fe65226e26cda8c188bda,pos_3gram,SCONJ>NUM>NOUN,-0.26785915834132257,1.0,-0.43888304191433414,1.366757950954332,6,5,0.5462907552719116,0.9895152645881432,0.11317556078487685
40d100d47117f34fbd9f489b,pos_4gram,PART>NOUN>VERB>ADJ,0.2585971916561371,0.95,0.3415482818019715,1.1721494659828948,4,5,0.5788842439651489,0.9895152645881432,0.1130987236010327
b932f16888d1f1048a5d20b8,pos_3gram,PART>NOUN>VERB,-0.20891202796960062,0.95,-0.11779790143884881,0.7551150191721782,10,10,0.6394721269607544,1.0,0.11307887198454364
1e08a1d87e909e06d133312c,pos_4gram,VERB>NOUN>ADJ>PART,-0.264922419132673,0.95,-0.23766553566248283,1.227758450150035,3,4,0.5716856718063354,0.9895152645881432,0.11297288454189879
b92d7b96a12019ff93a16e4d,pos_4gram,PART>NOUN>VERB>ADP,-0.4153806222013238,1.0,-0.36817041449224136,2.68605288084007,7,6,0.3193361163139343,0.9866415868883264,0.1126898163508323
29ceb13dfcf41a9aa5cc6ba8,pos_3gram,ADJ>SCONJ>ADV,-0.2646286907662139,0.95,-0.28823289756933757,1.2324803515854383,3,3,0.6292741298675537,1.0,0.11260894459804256
d53f1ae102d998e3abce5721,pos_3gram,SCONJ>ADV>VERB,0.21567014036388044,1.0,0.08778933069921942,0.9155304568665894,7,8,0.6116776466369629,0.9921043618789303,0.11259029559711208
96ff78ea5b1cc9f89a44fd73,function_word,度,0.1395060055090055,0.9,0.21155415976231576,0.116472317338921,4,3,0.700459897518158,1.0,0.11245724861084111
7d80ead3c0432049dac0248f,pos_3gram,ADJ>VERB>NOUN,-0.17485562108020253,0.95,-0.16375183777842486,0.4782709181519356,3,5,0.6914616823196411,1.0,0.11236968676476354
bf809b8e2f045262314c63ff,function_word,他,0.2976461667770592,1.0,0.1935693156605031,1.649187809299187,5,4,0.48370325565338135,0.9866415868883264,0.11235374318584009
dfa23ff47a3059faa1c678a8,pos_4gram,VERB>VERB>AUX>NUM,0.34767277922052514,0.95,0.31537932678359654,1.9410339917846198,1,3,0.5980803966522217,0.9895152645881432,0.11230374799547263
5c814d2d6766e07f11271ae7,pos_4gram,NOUN>VERB>NOUN>X,0.16286595816378652,0.9,0.1947288459339892,0.30669960496508974,2,4,0.6512697339057922,1.0,0.11217525572859108
814790fb862a1f6b8abb7203,pos_3gram,VERB>PRON>AUX,0.2553827496405218,1.0,0.023254481634404616,1.2815481413570682,4,6,0.5618876218795776,0.9895152645881432,0.11193397369586941
ea04a8798998bb5de61b2062,pos_3gram,VERB>NOUN>ADP,-0.28554222297550036,1.0,-0.2728580879974187,1.553713028321321,10,9,0.5250949859619141,0.9895152645881432,0.11181453037548274
f83edbc1b26e687af21ad2bc,dependency_path,csubj>advmod,0.2760177150257144,1.0,0.10486578479215604,1.4695144299266176,4,7,0.5450909733772278,0.9895152645881432,0.1117700353076764
3c231cb4d720a908f4cd5121,pos_4gram,NOUN>X>VERB>SCONJ,0.3253658259366655,1.0,0.39364139652585445,1.9126427258589425,2,4,0.5446910858154297,0.9895152645881432,0.11170811409446542
1326ef83ec15456227aed5d1,dependency_treelet,NOUN>flat>X,0.22660381321917805,0.95,0.27706376568382096,0.9283363466510851,1,3,0.5946810841560364,0.9895152645881432,0.11163696775828649
76013e0d467a6062febfb230,pos_3gram,PRON>ADJ>SCONJ,0.30723567720625516,1.0,0.13803556715924944,1.752517758964393,3,4,0.43371325731277466,0.9866415868883264,0.11161987100924264
73968b8ec84e7f16d20a776b,pos_4gram,NOUN>NOUN>ADP>VERB,0.2238095415068587,1.0,0.2864623877101981,1.0071657043700966,9,10,0.6142771244049072,0.9925726710353047,0.11150526387511002
50e70d858203feb0eada765d,pos_4gram,VERB>X>X>SCONJ,-0.2911059142951297,0.95,-0.24684502538822584,1.4813140992991025,3,3,0.5954809188842773,0.9895152645881432,0.11145328947209486
bd46962ee128bf1f7907c2ea,pos_4gram,DET>NUM>NOUN>VERB,0.34696510698638827,0.95,0.41063310589577773,1.964768892269945,3,4,0.556688666343689,0.9895152645881432,0.11117792435575004
2e7c5519b3ca7be7562cad0c,dependency_path,obl>nmod,-0.34858907251551197,1.0,-0.2619167376940567,2.1410176892680424,10,10,0.4455108940601349,0.9866415868883264,0.11097965914249415
53c995a4693b5ed40a250849,dependency_treelet,NOUN>nsubj>NOUN,-0.18359860523262816,0.95,-0.20852712581732621,0.5739629171214103,8,7,0.7268546223640442,1.0,0.11081498367826075
f0cc313f138c4d97541eeaee,pos_4gram,X>PART>ADJ>NOUN,-0.22724662314109667,0.9,-0.23454851256883175,0.8458725534572065,2,3,0.7214556932449341,1.0,0.11079961097201964
19b3e058ace8956163113d90,dependency_path,advmod>advmod,0.3834847360500928,1.0,0.209791857490707,2.4642482585059624,4,6,0.36752650141716003,0.9866415868883264,0.11069782170157734
287bc3372ca29993df938e55,pos_4gram,ADJ>NOUN>PART>NUM,0.3135959546825587,0.95,0.3530831637072327,1.692212916071643,3,4,0.5552889108657837,0.9895152645881432,0.11065846804684998
e731392585b73bbe31431a12,pos_4gram,ADJ>SCONJ>NOUN>PART,-0.12723845262327402,0.9,-0.15364279694273078,0.035816521563254884,5,6,0.790041983127594,1.0,0.11055491486863052
103522d4f070d8a18e59fa20,function_word,得,-0.239238387282146,0.95,-0.45666286741030954,1.0588021699795633,3,3,0.6036792397499084,0.9895152645881432,0.11039257255120084
06ec3c7a21000a4c9528e296,dependency_treelet,X>flat>X,0.2917492063891543,0.95,0.3654780761445554,1.511407222744681,9,10,0.5482903122901917,0.9895152645881432,0.11036113281811401
8c6983669ae7b9a5e203d075,pos_3gram,ADP>VERB>X,-0.1933631794956836,0.95,-0.1508888096375941,0.6646419406081391,6,6,0.6698660254478455,1.0,0.11035107072563043
b428171e5d23ea20ce1f4a4b,pos_3gram,ADP>ADJ>NOUN,0.2717213076318538,0.95,0.3357378578993846,1.3436156773438561,8,9,0.5740851759910583,0.9895152645881432,0.11014401582379729
0508d6e41251802e8002ae1b,pos_4gram,NOUN>X>NUM>NOUN,0.31926110513998984,1.0,0.38686319131405955,1.9016447973277177,2,4,0.5156968832015991,0.9895152645881432,0.11002763171909075
854bacebaa07649b169eb7a8,pos_3gram,PROPN>NOUN>NOUN,-0.24551898091993524,0.95,-0.23279209058249187,1.1245976491996383,6,6,0.8620275855064392,1.0,0.10978221309893849
42c5db8094d5950785a32f58,pos_3gram,PART>ADP>NOUN,-0.35227362297536574,1.0,-0.28028278859377476,2.2089531956049275,5,5,0.42791441082954407,0.9866415868883264,0.10977836119824047
b7a060a1bc22b91c451269e2,pos_3gram,PROPN>PART>NUM,-0.2606328248221604,0.95,-0.28632917538020947,1.25961750720771,1,3,1.0,1.0,0.1095765910784706
df97fdc7ca1d061e16137333,pos_4gram,SCONJ>AUX>VERB>X,-0.27369481886367863,0.95,-0.5291202727702976,1.375858754880304,2,2,0.599880039691925,0.9895152645881432,0.10943835671476776
e99d722c2e35ec5a2f92a116,pos_4gram,ADP>PRON>AUX>VERB,0.26590250572857593,1.0,0.12615855178086663,1.4304971911456739,2,4,0.6172765493392944,0.9929708354038833,0.10940251513034513
9d14c5978ddd912637d3ca0a,dependency_path,acl>ccomp,0.22743004028758834,0.95,0.2508319724298937,0.9768360207048223,7,8,0.6400719881057739,1.0,0.10929512413284298
16995b83b8f7ba5b907afe9d,pos_2gram,PRON>DET,-0.3192003376329958,0.95,-0.48369051223645365,1.7785169926778903,3,2,0.6054788827896118,0.9895152645881432,0.10913747209409283
992cd022802101c3671031cc,pos_4gram,X>X>NOUN>ADV,-0.30466945470354356,0.95,-0.2887705915347572,1.6543776583124834,3,3,0.6024795174598694,0.9895152645881432,0.1090409953768127
fa8c120a5b44fa6c6cb88510,pos_4gram,NOUN>VERB>VERB>PRON,0.28746074295268226,1.0,0.2706457794320652,1.6378031091922622,2,4,0.5010997653007507,0.9895152645881432,0.10897733115520793
360085ad2e9dc3a68696f862,pos_4gram,ADP>VERB>PRON>NOUN,-0.2174036082903207,0.95,-0.2631632923792122,0.8962324641948904,1,3,1.0,1.0,0.10891777868780209
5c2f71f881bf2979d3956eca,pos_4gram,VERB>VERB>AUX>VERB,0.3390333125954679,1.0,0.34527850808608535,2.117003885541878,3,6,0.4311137795448303,0.9866415868883264,0.10876897336190787
bedb67906331a1cfe348b189,dependency_treelet,ADP>xcomp>VERB,0.27694194794554144,1.0,0.25742580696886025,1.5465957742109595,1,4,0.5856828689575195,0.9895152645881432,0.1087498655067664
bc8bebec34c1129a68fea857,dependency_path,appos>cop,-0.16656264947342914,0.95,-0.2033561049163532,0.4568889745851887,1,3,1.0,1.0,0.10861123926400147
81a116f242f26face14291af,pos_3gram,VERB>PART>AUX,-0.22405406292565927,0.95,-0.2073602179870268,0.9621528724663918,5,7,0.6268746256828308,1.0,0.10847847931024145
e039597f9555c1882ae00c96,function_word,不可,0.12656536868998605,0.95,0.14844633864905413,0.10859782984744527,2,4,0.7812437415122986,1.0,0.10845871876912536
c64f9feec8cfbcd8fe256ec4,pos_4gram,ADP>NUM>NOUN>PART,-0.3152124100316581,1.0,-0.4555699210241973,1.9096970728470226,3,2,0.4445110857486725,0.9866415868883264,0.10833169300446639
2850bebefd92f236a6f6d613,pos_3gram,ADP>PROPN>NOUN,-0.3256249497139951,1.0,-0.29488668707580995,2.011384626940675,4,5,0.5146970748901367,0.9895152645881432,0.10813130504846998
1234564a0ce92074cb04e399,dependency_path,acl>mark,-0.29293874007006265,1.0,-0.23989379410347417,1.7137762906007898,10,10,0.5058988332748413,0.9895152645881432,0.10794505836190733
67ba94b994ef8fc8184a8fca,pos_4gram,X>X>VERB>VERB,-0.14456581460318166,0.9,-0.12206938852206645,0.20572853725180923,6,7,0.7328534126281738,1.0,0.10790922593523301
2ab4cf534e9327911079ad9d,dependency_treelet,ADJ>nmod>PART,0.18607136729701862,0.95,0.1948613566546969,0.639053504743558,2,3,0.6550689935684204,1.0,0.10784748540580699
eeeb666640018c16c28c6881,function_word,都是,-0.23140535892860295,0.95,-0.23492181478530672,1.0408143936582288,2,4,0.9198160171508789,1.0,0.10771929660301492
267cc6e03fa09e40e713882d,dependency_path,ccomp>obj,-0.31745967969767463,0.95,-0.3909233386668522,1.8004386060211064,10,10,0.5316936373710632,0.9895152645881432,0.10769266466487139
2eba4cff6b66b46bb7703c6d,dependency_path,advcl>conj,0.18848490301552173,1.0,0.20508920964233998,0.7508446897034455,4,7,0.690261960029602,1.0,0.10765369659798146
ca626c35629a48584e6496fe,pos_4gram,NOUN>VERB>VERB>ADJ,0.35179938764560603,1.0,0.4618876764291655,2.283970884367479,6,6,0.43311336636543274,0.9866415868883264,0.10712622006493996
97ab021160a6c3744c8e6c64,pos_4gram,VERB>NOUN>CCONJ>NOUN,-0.19110450778093485,0.95,-0.13348172472228761,0.6969952979634191,7,7,0.662667453289032,1.0,0.10698278457799336
f0b45b03aa368d6de3a09d9f,dependency_treelet,PROPN>appos>X,0.14045834946910946,0.95,0.18782189617805112,0.24883541516510715,1,3,0.8544291257858276,1.0,0.10684789234457498
a696a85a1e0d755981df496c,dependency_path,xcomp>discourse,-0.3439501557294311,1.0,-0.44567839552289956,2.2226092508878827,3,3,0.4775044918060303,0.9866415868883264,0.10673033214767415
a01ce1686fd91e91340bf17b,dependency_path,obj>cc,-0.3075145986275245,0.95,-0.3169141542975419,1.738192707322115,3,4,0.6140771508216858,0.9925726710353047,0.10669039761699345
72c83615c12943db84279a47,punctuation_run,:,-0.19160420570206285,0.95,-0.15289324365538778,0.708047417509155,3,3,0.8256348371505737,1.0,0.10656846733353882
3cb9dec2eb5d277cdfadd914,pos_2gram,ADP>ADV,0.23736634882777435,1.0,0.19639106914042068,1.2308678044566987,9,8,0.58708256483078,0.9895152645881432,0.10640090298204923
5fec22293a2ecfa4ff90e0c7,dependency_path,advcl>nmod,-0.263497508681574,1.0,-0.29507448540315157,1.4768744065872457,10,10,0.5372925400733948,0.9895152645881432,0.10638307214156785
3bca08bbb96137d038b15a12,dependency_treelet,PART>mark>SCONJ,-0.27677370029229176,0.95,-0.28749147713886064,1.4736774306500737,5,6,0.5542891621589661,0.9895152645881432,0.10629316984493761
fa3d5d71f4301462d4c91aca,pos_4gram,SCONJ>NOUN>ADV>ADV,-0.31488999023959324,0.95,-0.35490800865114475,1.8210460127205306,2,3,0.6788642406463623,1.0,0.10604062797229132
e819afce6e433f5cf5b29597,pos_4gram,ADJ>NOUN>SCONJ>VERB,-0.1722374409948409,0.9,-0.1615312698062947,0.4618992474628352,3,4,0.6666666865348816,1.0,0.1060358278208209
d6704f1cd314b76f2a706667,dependency_path,nsubj>appos,0.15839906221590144,0.95,0.2335026354993993,0.4201986881522004,10,10,0.7406518459320068,1.0,0.10595637804798462
caa7a8684621d3d43022644f,function_word,了,-0.2877636355477696,1.0,-0.3003991743802638,1.7214246976257863,10,10,0.5106978416442871,0.9895152645881432,0.1057400690891132
bb366fade51ac6b8bc628e28,function_word,大,0.2160227850675988,0.95,0.2736821724805318,0.9410639156261733,6,8,0.7162567377090454,1.0,0.10572637210043433
de18735b624b6e8043a156e6,pos_4gram,X>VERB>ADJ>NOUN,0.21446211854075212,0.95,0.22729453445158943,0.9270967017404925,1,4,0.5364927053451538,0.9895152645881432,0.10572329475199864
5a7fb0c66595a94b6528876a,pos_3gram,NOUN>PROPN>PART,0.26632037809135034,1.0,0.2912335444394352,1.5194475960534735,2,4,0.5318936109542847,0.9895152645881432,0.10570586128027482
ae99ffec70cea4fb6ab61b8d,pos_4gram,VERB>NOUN>NOUN>NOUN,-0.2528616182316988,1.0,-0.161086873520006,1.392414078362797,9,10,0.5536892414093018,0.9895152645881432,0.10569308236337575
9b515414718d21f50edbb79f,pos_3gram,ADV>VERB>ADV,-0.36454506711005175,1.0,-0.4295200766157206,2.4590355911549753,6,5,0.4145171046257019,0.9866415868883264,0.10538922121594296
47a24e1c7afc137e365b4b8d,pos_4gram,NOUN>X>VERB>VERB,-0.3097749545489721,0.95,-0.26547536633971947,1.793189822974567,3,3,0.5244951248168945,0.9895152645881432,0.105358470233909
0d5d6ee29450807383c5896d,pos_4gram,VERB>PART>ADV>ADV,0.11346201849253343,0.95,0.15780184958090102,0.02331258492025561,1,3,0.859028160572052,1.0,0.10533332547288715
6064ed9cfd3104ab95e8310e,pos_4gram,ADJ>VERB>ADJ>SCONJ,0.3159324688092595,1.0,0.3804682072398442,1.999417360649246,2,3,0.5890821814537048,0.9895152645881432,0.10533127965255012
812f618be82b7d3985907334,pos_4gram,ADP>PRON>ADV>VERB,-0.2933482171832855,0.95,-0.4728122447261298,1.6479193581767506,2,2,0.5838832259178162,0.9895152645881432,0.10524520146867672
fb344c711dac0f596f80f583,pos_4gram,PROPN>PART>NUM>NOUN,-0.25322975432743244,0.95,-0.28022487507927196,1.2867465502475608,1,3,1.0,1.0,0.10520110616763241
0ae1abecbdfe3f1ff0c10a87,dependency_treelet,VERB>advcl>VERB,0.3517384142680934,1.0,0.3520220557056341,2.3457951807200548,10,10,0.43031394481658936,0.9866415868883264,0.10512849569960678
824f5b9772f74517213979b2,function_word,之前,-0.3271499087903458,1.0,-0.27810053317314554,2.1120216966554763,7,6,0.4543091356754303,0.9866415868883264,0.105124559106364
4f5d5fb9219081f2173710c0,dependency_path,ccomp>compound,0.1235076257426079,0.95,0.07476230768958206,0.1209335233786393,3,4,0.7490501999855042,1.0,0.10467368671589272
74c647f3f0315b8f25754380,dependency_path,amod>nmod,-0.24569418278123115,1.0,-0.2508562780833738,1.3663873223327208,4,5,0.5736852288246155,0.9895152645881432,0.1038266983863962
366f18b459a53f62949730cc,dependency_path,advcl>cop,-0.3194233990621296,1.0,-0.3245717523703505,2.0853885055571144,9,8,0.46710658073425293,0.9866415868883264,0.10352777243021873
0fd9354468b20c6076e36c81,pos_4gram,X>VERB>AUX>X,-0.2669646461565411,0.95,-0.4280141891810943,1.4503145115200229,2,2,0.5848830342292786,0.9895152645881432,0.10350361664037412
c543412b3d244fb87870aa60,function_word,因,-0.2235562593528485,1.0,-0.16197162033809734,1.161004344348196,5,5,0.5914816856384277,0.9895152645881432,0.1034501665568274
fcd2764528ddbe2caba65d41,pos_3gram,NOUN>NOUN>CCONJ,0.1692764003643719,0.95,0.2721161886476195,0.5554831869512117,10,10,0.7128574252128601,1.0,0.10338432565211471
a56577c71ec0b5532def7f6e,pos_3gram,NUM>NOUN>CCONJ,-0.3269951848350254,1.0,-0.2771268195664937,2.1785825562664622,3,3,0.5104978680610657,0.9895152645881432,0.10287452946294127
ff28f2c24ac9cf538210a712,pos_4gram,NOUN>AUX>ADP>NUM,0.18544950233243024,0.95,0.24846864043382919,0.7132758722008757,2,3,0.7870425581932068,1.0,0.10283050737736214
55573582a89e572a4cd350e9,pos_4gram,ADP>VERB>SCONJ>VERB,0.31950490145023297,0.95,0.24632826441975594,1.9524067459063896,1,3,0.5986802577972412,0.9895152645881432,0.10280753381917151
77e0a80c807b2952d2aa701c,dependency_treelet,PART>compound>PROPN,-0.31179237036203117,0.95,-0.3540097494296234,1.8829129130102216,4,3,0.7430514097213745,1.0,0.10274425928969412
c62cf0f788fc8e5d7b402065,pos_4gram,NUM>NOUN>VERB>X,-0.2736295721413889,0.95,-0.37524329956000435,1.5498782652023844,4,4,0.543091356754303,0.9895152645881432,0.10194529561735266
601fbbf1a3cfd5b95b2559dc,pos_4gram,PRON>VERB>NOUN>PART,-0.1802745275286029,0.9,-0.3239389729404876,0.5954869048676921,2,3,0.7080583572387695,1.0,0.10169126069336006
71c55dc7e0da33ad904ffc10,pos_4gram,SCONJ>ADP>NOUN>VERB,-0.2576415788590371,1.0,-0.32319285084564076,1.54495981866974,3,3,0.5968806147575378,0.9895152645881432,0.1012360104741093
ea4d8af110081b8fdd9674a6,dependency_treelet,NOUN>cop>AUX,-0.2528439252648354,1.0,-0.3628263129362194,1.5045025654327793,10,10,0.5548890233039856,0.9895152645881432,0.1009557461647654
40dbc6234c6fa6bf425b5ceb,pos_2gram,NOUN>X,0.3055184388907195,1.0,0.4677853393447526,2.035353916259684,10,10,0.4785043001174927,0.9866415868883264,0.10065331665415633
9c97dc1a7b1f6bf8f0917c75,dependency_treelet,VERB>obj>PRON,0.3677519516642397,1.0,0.20819937565411542,2.6749308808963463,9,7,0.39872026443481445,0.9866415868883264,0.10007044039275696
2841c0021e75101a92dad0ea,pos_4gram,NOUN>DET>NOUN>ADP,-0.2764033122764519,0.95,-0.3023084375605325,1.624064086724552,2,3,0.5290941596031189,0.9895152645881432,0.1000673527720105
5d9a9d493bf5cc89046faf1e,pos_4gram,X>X>VERB>NUM,-0.200142727579493,0.95,-0.1695974735321588,0.9012222039868539,3,5,0.6604679226875305,1.0,0.10000703274020518
3b5b7040dadb89dcada91611,pos_4gram,NOUN>VERB>SCONJ>ADV,0.13345126213390315,0.95,0.14466787841298853,0.2696445418341049,2,3,0.8626274466514587,1.0,0.09985369514845929
4156501a7982e6eb29ea57e1,dependency_treelet,PART>conj>NOUN,0.20048945143271288,1.0,0.2616573571346352,1.0098584902169114,7,8,0.645470917224884,1.0,0.0997530186371854
25cbe052af6a4717d8632c55,dependency_treelet,VERB>appos>NOUN,-0.1671702566044333,0.9,-0.18873698113869639,0.5102216872994145,2,3,0.7240551710128784,1.0,0.09962327531730202
cd93bbd0942358d99937a0d9,function_word,后,-0.21653610104191842,0.95,-0.14923135674706353,1.0649125456489508,8,8,0.72965407371521,1.0,0.09962131152880045
9e6b97565afbf6da4fb36e3f,pos_3gram,NOUN>VERB>NUM,0.2651854969233783,1.0,0.29261823927591674,1.66320190675537,8,10,0.5378924012184143,0.9895152645881432,0.09957393626473438
5b1c68c3086ab9c302c11971,punctuation_run,）。,0.20740504689432498,1.0,0.2165054866762521,1.0900530333600615,2,7,0.6792641282081604,1.0,0.09923434648971154
8d9bef7a792ee6d65aaab625,pos_3gram,X>PART>VERB,0.21789814319759887,1.0,0.29669592949868806,1.1961105025943137,3,5,0.6302739381790161,1.0,0.09922002692496165
fe06c1285be7ef8f355b6238,pos_4gram,SCONJ>NOUN>NOUN>X,0.22264318963598922,1.0,0.29377032330124575,1.2475117302053662,2,5,0.594880998134613,0.9895152645881432,0.09906208125358493
f51a1663e8bb401aaffd0e3c,pos_3gram,NOUN>SCONJ>ADV,0.22392429857133583,1.0,0.17363054784495704,1.2604657315883798,9,9,0.6020795702934265,0.9895152645881432,0.09906113392570172
cb9e76604b54df6d9a761b8f,pos_4gram,NOUN>PART>NOUN>ADV,0.25655250329054896,1.0,0.3004248689584254,1.5934661869987163,7,8,0.5614876747131348,0.9895152645881432,0.09892263279801763
1671a3a7df581d117c96a8f8,pos_3gram,SCONJ>VERB>AUX,0.3094263855630579,1.0,0.203560869738293,2.128630735698533,9,10,0.4797040522098541,0.9866415868883264,0.09890153607212834
7bc5a3db43bd48bad529ae45,pos_4gram,ADP>NOUN>VERB>PART,0.21976057374224317,0.9,0.28742138189699845,0.9998482085463671,4,3,0.6146770715713501,0.9925726710353047,0.09889976425349942
0810c710163c91255cf8f5f5,pos_4gram,DET>NOUN>NOUN>PART,0.21698533177767407,1.0,0.12306465795534954,1.1940027322854891,3,6,0.5960807800292969,0.9895152645881432,0.09889929879514815
b931f7edc2359339728ef977,pos_4gram,AUX>VERB>DET>NOUN,0.3683319980518856,1.0,0.32453655181279367,2.724598667337803,6,6,0.44531092047691345,0.9866415868883264,0.09889172792814074
3cc3d7bef60bd1a673519ef3,punctuation_run,。”,-0.28986617830811434,0.95,-0.47179495929131127,1.7858210271820985,4,4,0.5576884746551514,0.9895152645881432,0.09884801166543443
a84ec20555ceb9eaf3debb8a,pos_4gram,SCONJ>ADP>DET>NOUN,-0.24110975627551046,1.0,-0.434891143451979,1.4405645714695108,3,3,0.5780843496322632,0.9895152645881432,0.09879261507526253
41dec6d282a1ddcd2bfc3a3a,pos_3gram,PROPN>VERB>NUM,-0.3054406384591314,0.95,-0.3153505239800306,1.9375907705827422,2,3,0.6568686366081238,1.0,0.09877774993097928
3510cb05dae2871e4b1eb8c3,pos_4gram,X>ADP>PART>NOUN,0.23225949091828585,1.0,0.26804337858684,1.3516119023674475,2,5,0.6048790216445923,0.9895152645881432,0.0987660806974409
4f37313e1d6d4139224dfe71,pos_3gram,NOUN>PART>DET,0.15599528144489827,0.9,0.1843335856005658,0.42437219251612107,5,6,0.7164567112922668,1.0,0.09856676087757832
22fdff77b669688c79724088,dependency_treelet,VERB>ccomp>VERB,-0.29446941368148416,0.95,-0.40082105561519515,1.8438057017454224,10,10,0.5924814939498901,0.9895152645881432,0.09837027291481704
89cac58798bef7c12358e442,pos_3gram,CCONJ>VERB>NOUN,0.2354079040223437,1.0,0.30798225085842684,1.395694063813455,6,8,0.5846830606460571,0.9895152645881432,0.09826292412630622
d6aa7d72006b5657833c4941,dependency_path,root>discourse,-0.3294147799669144,1.0,-0.4431910693708018,2.3557900736551187,6,7,0.44251149892807007,0.9866415868883264,0.09816310696935716
3fbe3994dc31012e12a02b23,pos_4gram,VERB>SCONJ>VERB>NOUN,0.23383690942212432,1.0,0.25840403958126534,1.3842684909666088,4,8,0.5816836357116699,0.9895152645881432,0.09807490654180656
308e330473516123f9a74680,pos_4gram,NUM>NOUN>ADP>X,-0.19902281169099853,0.95,-0.22201417739588702,0.9299708159871115,4,3,0.6464707255363464,1.0,0.09796607779778532
c26fbe2321e82eb3435d186c,pos_3gram,NOUN>ADP>NOUN,-0.1281862195258912,0.9,-0.02772390642616246,0.18304400054454073,10,10,0.7682463526725769,1.0,0.09751758812030643
b717343958a268a529cd5207,pos_4gram,X>VERB>AUX>VERB,-0.20561864997028637,0.95,-0.140811217609949,1.0052425136375136,4,4,0.599880039691925,0.9895152645881432,0.09741351290095532
b4e5a2c109c09709328d22ac,pos_4gram,X>NOUN>ADP>VERB,0.3468535133116097,0.95,0.38067572509259334,2.3853533064372083,3,5,0.7330533862113953,1.0,0.09733425371569587
02c02a0a8181221ab981eaf6,pos_2gram,NUM>NOUN,0.1549489174752758,0.95,0.108298228336114,0.5127920963789055,10,10,0.7158568501472473,1.0,0.09730449541206672
f464335a076e192332e6576e,dependency_path,amod>mark,0.23860601702868317,1.0,0.15055235597682828,1.4524775364174447,10,10,0.580083966255188,0.9895152645881432,0.09729182570913025
fd25f6903e4ce7e1979f3548,pos_3gram,PART>VERB>PART,-0.3225916850356342,1.0,-0.3011054362277461,2.3214138509848627,8,8,0.4567086398601532,0.9866415868883264,0.09712480874371604
14ae1a5054acc38e7b031d48,pos_2gram,PART>VERB,-0.3086540437773468,1.0,-0.24363257403205044,2.179141713903172,10,9,0.4751049876213074,0.9866415868883264,0.09708722402261163
f48abc8047d2d616462e917a,pos_4gram,X>SCONJ>VERB>NOUN,0.22822735750438744,0.95,0.11652984020772301,1.2333668841399859,1,3,0.7224555015563965,1.0,0.09708032798769582
626fce23e25a2a8e1a3499f6,pos_4gram,SCONJ>NOUN>SCONJ>AUX,0.30536205924313564,1.0,0.09286176967569326,2.148439777945566,1,3,0.5810837745666504,0.9895152645881432,0.096988375443024
895b79b6d5d143ca7ebe093c,pos_3gram,DET>PART>NOUN,-0.2852289849284015,1.0,-0.21475154911600539,1.9454857259169327,6,7,0.5010997653007507,0.9895152645881432,0.09683597595422379
2e0b3759fa51bbba97a6d654,pos_3gram,ADJ>VERB>VERB,0.19644309104161065,0.95,0.15814361192198131,0.9273135663079008,2,4,0.6366726756095886,1.0,0.09682956616500887
aad564ccb070b94b144b4823,dependency_path,conj>conj,0.17890022729713298,0.95,0.20041008740597255,0.7602787895428831,5,6,0.6844630837440491,1.0,0.09655016974692461
2079753f340d89984fe80fd9,pos_4gram,VERB>NOUN>SCONJ>AUX,-0.21330983295329123,0.95,-0.20028043147785735,1.1012214270513467,2,5,0.8730253577232361,1.0,0.09644121209538509
2223165deee8dec413a7f0d4,pos_4gram,NOUN>VERB>PART>X,-0.20172470514619797,0.95,-0.16471417104147884,0.9921068834202135,2,3,0.7382523417472839,1.0,0.09619888946915706
75b64719d4f791c9d04d653a,pos_3gram,VERB>PROPN>PROPN,0.25656070361590566,0.95,0.25779290213892814,1.5438641737009695,2,4,0.6046790480613708,0.9895152645881432,0.09581198200551454
fdc9d2e825c10586a2f29da2,dependency_path,xcomp>conj,0.2101205702536082,0.95,0.2607314722748671,1.0839185429075167,5,7,0.6566686630249023,1.0,0.0957880731088569
5684c8115a4696a44c4e4165,pos_3gram,CCONJ>X>ADP,0.22120980865460071,0.95,0.23020035341299575,1.1957566578639465,2,3,0.8140372037887573,1.0,0.09570701628945803
9355557c65beb23428a47b1d,dependency_path,root>cop,0.24919347894517135,0.95,0.17756327641947592,1.4764823029749015,9,9,0.5978804230690002,0.9895152645881432,0.09559277072706464
b5d2ec618e6e3d496b9011f3,dependency_path,compound>case,0.3343293337512831,1.0,0.39585925786498954,2.5067924565773074,1,4,0.45610877871513367,0.9866415868883264,0.09533764483957928
b01e02627c0e4f98c521d58d,pos_4gram,NOUN>NUM>NOUN>SCONJ,0.11964610766559648,0.95,0.1155829261723374,0.19337326574740676,2,2,0.8846230506896973,1.0,0.0952458091233754
b055bc943d66d0dfc15787e3,pos_4gram,ADP>DET>NOUN>NOUN,-0.2806673664516425,1.0,-0.36910889209638376,1.9509149731707853,8,7,0.5136972665786743,0.9895152645881432,0.09511198018357771
de65ab0df2ca71af96d7a045,pos_3gram,ADP>NUM>NOUN,-0.19289635038216818,0.95,-0.28527102791427567,0.9278421355880879,8,8,0.6574684977531433,1.0,0.0950552586647137
e4cc5a403ebac89f87c80e30,pos_3gram,X>X>PRON,0.16732250913635907,0.95,0.08989471634660513,0.6750580979799284,2,4,0.7482503652572632,1.0,0.09489604203653466
a37a29f0150d3714f8b91f02,pos_4gram,NOUN>VERB>PRON>ADV,0.23016568245785662,1.0,0.022442237711828416,1.4292998342412069,2,3,0.5896820425987244,0.9895152645881432,0.09474568730201596
b4623ff95b16e4ec8347160c,pos_3gram,AUX>VERB>VERB,-0.24308953355315172,1.0,-0.18683587412415492,1.567067798157718,10,8,0.580883800983429,0.9895152645881432,0.0946954084062787
2674b0e00ae3372a4ba7c348,dependency_treelet,VERB>cc>CCONJ,-0.21286224796463288,0.95,-0.13389416353860015,1.1377516285978801,9,10,0.6222755312919617,0.9978492172904888,0.09459430780508107
86d02d7f31f73276d50c1b4d,pos_3gram,ADJ>X>X,0.16741573967195686,0.95,0.17179289664736733,0.6816496716412805,2,5,0.6680663824081421,1.0,0.09457674530577587
d53e84a31842962bce725048,pos_4gram,PRON>ADV>VERB>X,0.21883767556170894,0.95,0.10827567930255179,1.1993662112859889,1,3,0.7292541265487671,1.0,0.0945253185744201
fc0513d9fd413fc9b72a8121,pos_4gram,NOUN>SCONJ>NOUN>NOUN,-0.3149931111232342,1.0,-0.20452560158125777,2.3376826245143434,8,7,0.47690460085868835,0.9866415868883264,0.09437479429880423
3b3a997a2c2df45991e204d6,pos_4gram,X>ADJ>NOUN>VERB,0.16505214545633964,0.9,0.2152215896607354,0.5742610663161535,1,3,0.864827036857605,1.0,0.09435978192506064
5407e33d8b82ec75055c366e,pos_3gram,VERB>PART>PRON,-0.19724712169506045,1.0,-0.4186798128626187,1.0910626668520806,4,2,0.624075174331665,0.9992776517150471,0.09432865156164805
55b3fa4652b6854eeded8d58,pos_2gram,VERB>SCONJ,0.2231570142966993,1.0,0.2482326383939357,1.376802387106008,10,10,0.5996800661087036,0.9895152645881432,0.09388959532660812
f14af1c1bdf54cdc91ce40d3,pos_4gram,VERB>VERB>ADV>VERB,-0.24564395751876192,0.95,-0.21896883539148232,1.486703342128304,4,7,0.6946610808372498,1.0,0.09384382756452793
472350dc79d2676bb71e3990,pos_4gram,ADV>VERB>NUM>NOUN,0.20007151510775717,1.0,0.0748209919801413,1.1321423055509918,5,9,0.6416716575622559,1.0,0.09383591075833674
e88805c1de69a2bf8d631566,pos_4gram,ADV>NUM>NOUN>SCONJ,0.1678560766169087,0.95,0.18892324161742757,0.6994420449937981,2,4,0.7380523681640625,1.0,0.09383272189587682
fa6b9982285dc7b5e32552b7,pos_3gram,ADJ>NOUN>CCONJ,0.25866893771891647,1.0,0.33965635725663934,1.7662399643124784,5,7,0.5406918525695801,0.9895152645881432,0.09350921867084155
8eb29f26df146f21cc4160c3,pos_4gram,PRON>VERB>X>X,0.25188648364637817,1.0,0.17520022100470492,1.7004375947207941,1,4,0.6560688018798828,1.0,0.09327617277244335
5aa1197d68e58da0d1ef68a0,pos_3gram,SCONJ>VERB>NOUN,-0.24553537924783464,1.0,-0.25189836056277437,1.6329722372937105,10,10,0.5702859163284302,0.9895152645881432,0.0932540707304256
90b9f99bdbbc95f6aa8280c2,pos_4gram,NOUN>CCONJ>NOUN>ADJ,-0.20655945522402955,0.95,-0.16710463514179585,1.106457187259455,2,2,0.7350530028343201,1.0,0.09315711881053199
9cedb91fa7eebf443ecd1383,dependency_treelet,ADJ>nsubj>NOUN,0.17206725809516255,0.95,0.09950846417713939,0.7573560494568669,9,10,0.7030593752861023,1.0,0.09301694738577593
3810df648e4ab9228f49ed5b,dependency_treelet,NOUN>appos>PROPN,-0.11914100252200527,0.9,-0.07577249304165178,0.1538290466331306,2,3,1.0,1.0,0.09293135979085679
cf4b61fc528dd64d7a39f598,pos_4gram,NOUN>NOUN>SCONJ>ADV,-0.151257483284255,0.95,-0.13643249944133384,0.5490854679335807,7,8,0.7200559973716736,1.0,0.09276093030020173
31b42ef063ccf4d6ea1350f0,pos_4gram,VERB>AUX>NOUN>ADJ,0.22113326029293576,0.95,0.27505897443526867,1.2683294553161497,2,2,0.594880998134613,0.9895152645881432,0.09261291246117041
6f5f81e878e9ea52891d3149,pos_2gram,SCONJ>NOUN,0.28628236136629187,1.0,0.2200465015699349,2.1004553931472376,10,10,0.5078983902931213,0.9895152645881432,0.09233558463671036
1b31612728f5b398cd5103de,pos_4gram,NOUN>ADJ>SCONJ>X,0.24161425556320357,0.95,0.22744014173225816,1.4899757470925712,2,3,0.6568686366081238,1.0,0.09218304357103037
1a2953d612996ed8918f773c,pos_4gram,NOUN>VERB>VERB>SCONJ,0.2224721923454844,1.0,0.22198454121053926,1.423041959053134,4,8,0.6354728937149048,1.0,0.09181524550751945
2265f730d4e76727b1b78472,pos_4gram,ADP>NOUN>NOUN>ADP,-0.23133450238201114,1.0,-0.15552524759599445,1.5233785649100045,8,9,0.594880998134613,0.9895152645881432,0.09167649499719897
2ab69a89fa84b7c8ea62bae3,pos_4gram,VERB>AUX>ADP>NOUN,-0.3065784945034764,1.0,-0.26413240892013873,2.351356308311061,4,4,0.48950210213661194,0.9866415868883264,0.09147893160246477
472bafb63ed8d692c32d57cf,pos_3gram,VERB>X>X,-0.26656358205313224,0.95,-0.23788913984721552,1.7704913821636574,8,10,0.5806838870048523,0.9895152645881432,0.09140450844958327
e79f761fd64d0a3fc6515846,pos_4gram,VERB>AUX>NUM>NOUN,0.33564067274979265,1.0,0.05751937555285113,2.67454936679103,9,9,0.4649070203304291,0.9866415868883264,0.09134199577862968
6411b64481255be7b530b6bb,pos_3gram,NOUN>PART>ADP,-0.2577754744275454,1.0,-0.20348847280476742,1.8239140654742034,6,5,0.550089955329895,0.9895152645881432,0.09128304489827267
afa9a65676d69525394d900d,pos_4gram,ADJ>SCONJ>VERB>X,-0.1256102606420679,0.95,-0.07911438770945697,0.3079002936884604,3,2,0.8002399206161499,1.0,0.09123764876100612
26693c26239c0a57ab4e0b06,pos_4gram,CCONJ>VERB>SCONJ>NOUN,0.2892659439870694,0.95,0.32957370696721017,2.015188081495679,3,2,0.9426114559173584,1.0,0.09113947102477288
096cbbeed5685f82ce9c1d97,pos_4gram,AUX>NUM>NOUN>ADP,0.2839072496804056,1.0,0.21591894927659988,2.1165687108507507,2,4,0.5286942720413208,0.9895152645881432,0.09109609831220616
343dde887aebf9c227dfb923,dependency_path,advcl>appos,-0.30580903411733273,0.95,-0.2849775845413062,2.1916992302758853,3,4,0.6062787175178528,0.9895152645881432,0.0910231702460116
0073b6adc17c1c6e917b8227,dependency_path,root>nmod,-0.18577067040467582,1.0,-0.2568433640254041,1.0411451477660707,10,10,0.6526694893836975,1.0,0.0910129642705676
b39742fbae4dec4f9fb22158,pos_4gram,SCONJ>VERB>X>X,-0.31795417873313836,1.0,-0.2557378573379297,2.495125737548304,5,4,0.46130773425102234,0.9866415868883264,0.0909707411431129
0ea557758fd28590aa8fe781,pos_4gram,AUX>NUM>NOUN>ADJ,0.3046241758623585,1.0,0.28401688540783954,2.3509606969119567,3,7,0.49530094861984253,0.9887535956345106,0.09090652007440188
b849c2a0f75b60e87df9dcd4,pos_4gram,VERB>SCONJ>ADV>VERB,0.2881858173089743,1.0,0.27095325104628637,2.1729176821898495,2,4,0.5278944373130798,0.9895152645881432,0.09082675511142708
80ca7db5168d51fe9dd621af,pos_3gram,AUX>NOUN>ADJ,-0.22328585866935133,0.95,-0.20989495629511248,1.3365134293400562,4,3,0.6238752007484436,0.9992776517150471,0.09078551104060939
125e992e607b321d82604752,pos_4gram,VERB>VERB>SCONJ>ADJ,0.25760298983112895,0.95,0.23959024951306593,1.6965883142801546,1,3,0.5938811898231506,0.9895152645881432,0.09075276305382211
65938fca67c73039cd967f0c,pos_4gram,DET>NOUN>VERB>NOUN,0.32109242728308396,1.0,0.18286483566760076,2.5444848120913752,1,3,0.458708256483078,0.9866415868883264,0.09058930826497961
7756c757dcec34f737e7b240,pos_3gram,VERB>PRON>ADJ,0.321626648869998,1.0,0.21228504692775516,2.5539691430406917,3,4,0.4873025417327881,0.9866415868883264,0.09049787320179765
2e796cf3b7cec553491f837c,pos_2gram,SCONJ>VERB,-0.15187716742111035,0.95,-0.39052647061445367,0.5963449881002908,10,10,0.7166566848754883,1.0,0.09038353872476981
06fea6998f560656b40191fc,pos_3gram,AUX>DET>PART,0.21610756670555406,0.95,0.26844723472662413,1.272789144627165,2,3,0.813437283039093,1.0,0.09033050375817188
aa0039b942b07113b7257882,pos_3gram,NOUN>ADJ>ADP,-0.38433059313481643,1.0,-0.33313475478672344,3.255093406216975,5,2,0.4315136969089508,0.9866415868883264,0.09032248095265871
47cf179869cb473a9dd8a731,pos_3gram,PART>PRON>VERB,0.22241336966555333,0.95,0.15872134697054543,1.348222668479554,2,5,0.6046790480613708,0.9895152645881432,0.08997984050596239
a4c0fc6e3ad1df75aec9a27e,dependency_path,obl>mark,0.26695131768090835,1.0,0.24213565423425706,1.9792840057914678,1,4,0.6570686101913452,1.0,0.0896025075695967
fa9803b1b06b65e02b692f0e,pos_4gram,NOUN>VERB>ADP>NUM,0.14612757441844634,0.95,0.07033011268946475,0.5503843233735137,1,3,0.8704258799552917,1.0,0.08953986028152043
c4b224d8283e0d6a025f9458,pos_4gram,VERB>VERB>NOUN>ADV,-0.24897194172797368,0.95,-0.2408624215098745,1.6426591803173143,2,2,0.7304539084434509,1.0,0.08950202372035532
6004ac6ff150b62c767cf070,pos_4gram,AUX>VERB>AUX>VERB,0.3016408549299323,0.95,0.3440957757537982,2.2057216154740993,3,3,0.7812437415122986,1.0,0.08938979941371361
4c336245ef379ff3c327d467,pos_2gram,ADJ>DET,0.1854385742700121,0.95,0.2011658468791449,0.9774833282706618,2,4,0.6760647892951965,1.0,0.08908628610819784
b23f1c50a333237c7b0360b3,pos_3gram,NOUN>NUM>ADP,0.18457466197666994,0.95,0.2396717927294399,0.9687777501789153,2,3,0.7988402247428894,1.0,0.08906334341796662
f7fa30e0755a66e85dacdf76,dependency_treelet,VERB>obl>DET,-0.23616673262931615,0.95,-0.21896268054942325,1.521747365950796,2,5,0.918216347694397,1.0,0.08896941820072389
67b6b8f74e6e6a7a10e9e08b,pos_4gram,NOUN>ADP>PRON>SCONJ,-0.17612514076114616,0.95,-0.7144393942486755,0.8819252992764961,3,2,0.6522695422172546,1.0,0.08890835560126344
df3906086599643f86bed19c,pos_2gram,AUX>ADV,0.23535218727173585,1.0,0.1635202009174428,1.6490207531959642,8,9,0.5838832259178162,0.9895152645881432,0.08884497676652418
a8df68fedfc71288dd593d79,pos_4gram,ADP>NOUN>NOUN>SCONJ,-0.15620210091182057,0.9,-0.10180257598835073,0.5847734438591958,3,3,0.7178564071655273,1.0,0.08870787894974909
c04bda03ca74ace36dc31a2c,pos_4gram,VERB>ADP>NOUN>NOUN,-0.14377267196625693,1.0,-0.04619162720326181,0.6207896917109841,8,8,0.7416516542434692,1.0,0.08870532228921293
d5312bf534b6540774557cc9,dependency_path,flat>punct,-0.24771233942663795,0.95,-0.2152346868864147,1.6596788089408,4,8,0.9202159643173218,1.0,0.08847937640598919
0a20f7f2dd75a6b69afa4d14,pos_4gram,ADP>ADV>VERB>SCONJ,0.25026136967285917,0.95,0.20904389691126607,1.6979222380251502,3,3,0.7884423136711121,1.0,0.08812274046980886
2749f56b678f636bc11f1a12,pos_4gram,PART>VERB>VERB>NOUN,-0.13458900666287177,0.95,-0.10322025581888816,0.45349738562332276,4,5,0.7292541265487671,1.0,0.08796682924537663
8bc2dbf99bd598429783bbdd,function_word,非,-0.3138452282654772,1.0,-0.34637486788557476,2.5716584236595117,3,2,0.503299355506897,0.9895152645881432,0.08787100865706868
8f5e95e2a1cbd3e48e791062,pos_4gram,NUM>NOUN>VERB>ADP,0.2754629289126183,0.95,0.33343087755801504,1.9862896104370165,2,4,0.640471875667572,1.0,0.08763040984115784
33619831cfe5b46a075b088c,pos_3gram,PART>CCONJ>VERB,-0.12191522084526514,0.95,-0.08886484404439483,0.3220728800750318,1,4,1.0,1.0,0.08760444416379583
2fe2143ce742f21b415fe20c,pos_3gram,ADP>SCONJ>VERB,-0.2959975326869718,1.0,-0.3984162367968401,2.380964043116832,6,7,0.4943011403083801,0.9887535956345106,0.08754826401942406
14cd3d83681f66e7e9712c3c,function_word,会,-0.11931026269765678,0.9,-0.25581384642241334,0.22910517970078897,8,7,0.7798440456390381,1.0,0.08736374901131838
b4658681be578020dd349548,dependency_path,conj>nsubj,0.21804596857897884,1.0,0.23939387355526315,1.5079845648679426,6,8,0.6258748173713684,1.0,0.08694071392359626
7932995a3d15bcb4e5df67a2,pos_3gram,SCONJ>X>NOUN,-0.25510051469161105,0.95,-0.1918578222237956,1.7881688275078371,7,8,0.5826834440231323,0.9895152645881432,0.086919230487792
3473ef252c040692f1bda02d,pos_4gram,VERB>PART>NOUN>NUM,-0.3074890056512516,0.95,-0.29820150934099493,2.361556270289733,3,3,0.5186962485313416,0.9895152645881432,0.0868986064432328
daff38162081e2d2017f08a1,function_word,向,-0.27107054358235416,0.95,-0.24570690252133418,1.9800981171150114,6,7,0.6166766881942749,0.9929708354038833,0.08641226103405442
f43291d4cd946a9d44519f59,pos_4gram,VERB>AUX>DET>NUM,-0.30361785306501754,0.95,-0.3258779461816614,2.338547509369424,2,3,0.5182963609695435,0.9895152645881432,0.08639594302680624
4be6cfac47ab9f5cef729108,pos_3gram,SCONJ>NOUN>VERB,0.2445180669220422,1.0,0.11806570030061692,1.8324564224541933,7,8,0.550889790058136,0.9895152645881432,0.08632721230365074
093a3ff6a2dfa320f86addf7,pos_4gram,ADJ>NOUN>ADP>NOUN,-0.30543265528903824,1.0,-0.24704925461200072,2.556096177298324,5,3,0.45890820026397705,0.9866415868883264,0.08588987475616726
bad7c312fd71868d17883ba8,function_word,图,0.30549146706704733,0.95,0.3525316203754622,2.3808288675228586,2,2,0.744451105594635,1.0,0.08584193553882472
5c0aaf6e3a6cf986044e5ffa,function_word,还是,0.2960182471271958,1.0,0.2327620714338909,2.4504334209141616,7,8,0.48430314660072327,0.9866415868883264,0.0857916125356705
33b14527766a62eb11749ded,pos_4gram,VERB>X>VERB>AUX,-0.21478386410708988,0.95,-0.26575751449972557,1.3805811120476934,3,3,0.6498700380325317,1.0,0.0857121271227021
fb1a7d2eafc1bcfc733f947e,dependency_path,parataxis>mark,-0.18494129680040117,0.95,-0.2505575819302487,1.0498239877426594,10,10,0.6744651198387146,1.0,0.08571186258477832
ad57633b31cd4110ea6fa587,dependency_treelet,X>conj>X,-0.24066288619160653,1.0,-0.18863336063948474,1.816386173481875,7,9,0.5774844884872437,0.9895152645881432,0.08545095429653989
3e3c388b791e325bef05cdfc,pos_4gram,NOUN>NOUN>ADV>ADJ,-0.20829976841668715,0.95,-0.2784311830995317,1.317679121293448,8,5,0.646270751953125,1.0,0.08538057670615656
1bcb87761c2894947e107f4b,dependency_treelet,PART>amod>VERB,0.1500651565482847,0.95,0.19182470546113617,0.6708130952229566,3,5,0.7450509667396545,1.0,0.0853248631630139
b5f6574e8f9f6d739397a6f8,pos_3gram,PRON>ADV>ADV,-0.19303393245251937,0.95,-0.6965989705558032,1.1503277409033832,5,2,0.6660667657852173,1.0,0.08528106313359095
27a5ab5bc814637e800aca60,pos_4gram,VERB>ADP>ADJ>SCONJ,-0.225345197840563,0.9,-0.34460134955367927,1.3782494095566071,2,2,0.7328534126281738,1.0,0.08527729566190372
9328c380062f5c95f143513e,dependency_treelet,PART>case>ADP,-0.14936877672696577,0.95,-0.11280495551027056,0.6644677295944079,9,8,0.7254549264907837,1.0,0.08525268190401943
b119585e207f978543cf6fc8,function_word,就是,-0.29352142588488234,0.95,-0.4968480729440186,2.2823150727518833,5,4,0.541491687297821,0.9895152645881432,0.08495386591783069
c514f05e554096f712eb905f,pos_3gram,VERB>SCONJ>NUM,-0.23982771266679298,0.95,-0.2820933853657118,1.690275914755624,5,6,0.6314737200737,1.0,0.08468883276388744
a7b311c6faf3f0bae0d5c630,pos_4gram,NOUN>NOUN>DET>NUM,0.12662778206488665,0.95,0.14374066624347048,0.42155596082788765,3,4,0.7020595669746399,1.0,0.08462304423920387
c8166767ffac7ddefbe4793e,pos_4gram,X>X>VERB>NOUN,-0.16156225363979332,0.9,-0.1170634515533408,0.7204953420867614,5,6,0.7052589654922485,1.0,0.08451404936641872
60f3374a0719cc656c4dc6d7,pos_4gram,PART>NOUN>PART>ADJ,0.12191515481645471,0.95,0.1729862070463019,0.3721793932235539,2,3,0.8664267063140869,1.0,0.08440543390142778
ec3eae354901fbc9907395be,dependency_treelet,VERB>conj>X,0.28599810211795895,0.95,0.34307561617497967,2.2193612980126587,2,3,0.5292941331863403,0.9895152645881432,0.08439506220683674
84e7eb0d4f2ac57197236e33,pos_4gram,SCONJ>NOUN>VERB>NOUN,0.18158843210609085,0.95,0.22650296627675925,1.044932237068201,3,7,0.6640672087669373,1.0,0.08435927967379045
6610e78613e2b26c912b8106,pos_3gram,ADV>ADP>DET,-0.18816341939488815,0.9,-0.4255487357796852,1.0087608202433498,2,2,0.7240551710128784,1.0,0.08430425153099308
3ba0e3d372cef0fd606cb60b,pos_3gram,ADV>AUX>ADV,0.10484860708677551,1.0,0.07456527918370084,0.2488550566407909,1,6,0.9266146421432495,1.0,0.08395578536455667
fd6f954f9f76647bc01103c2,function_word,类,0.2598527172586341,1.0,0.32079407887012507,2.0964876068121465,2,3,0.5846830606460571,0.9895152645881432,0.08391853940799529
334fe09b9d44e2da5869064e,pos_2gram,DET>PART,-0.2633283403968753,1.0,-0.20284954821810583,2.145584348021561,6,7,0.5342931151390076,0.9895152645881432,0.08371364785131184
90ad6800d62c41a8bfdfc93c,pos_2gram,PRON>X,-0.33487952778520247,1.0,-0.3404122221478342,3.005756492479756,5,4,0.4615077078342438,0.9866415868883264,0.08359957186960605
01667fc1c4069fdbad07e6f7,dependency_treelet,X>conj>NOUN,0.31392695722252967,0.95,0.367723128088612,2.5758126900501783,8,8,0.8792241215705872,1.0,0.08340218999480596
03b3cbe32bcea386cf7b8eb7,pos_3gram,SCONJ>NOUN>CCONJ,0.2789264653513084,0.95,0.2733689606363159,2.1810557475362105,4,5,0.5392921566963196,0.9895152645881432,0.08329943362010402
7245a2082d9e18eabad104c2,dependency_treelet,PART>aux>AUX,0.2819334210636858,0.95,0.23324753418911998,2.216871217338519,2,4,0.601479709148407,0.9895152645881432,0.08326001630618475
7a82f234984d230c96c2b434,pos_4gram,ADP>VERB>VERB>X,-0.2932981309235335,0.95,-0.2684968984457497,2.350537813870176,4,5,0.5588881969451904,0.9895152645881432,0.083160746081988
5821de359f32f971f7ba3ef4,pos_4gram,NOUN>VERB>X>VERB,0.30237001749616343,1.0,0.30965465736825415,2.6407088256796407,4,6,0.4865027070045471,0.9866415868883264,0.08305251311596377
e09fe8e68af4e83738ff373f,pos_3gram,X>NOUN>SCONJ,-0.24520726412209978,0.95,-0.20166637703547802,1.8062520819357386,7,9,0.6580683588981628,1.0,0.08300996992234182
b5520b94c709edd5ef82fd00,pos_4gram,VERB>X>VERB>ADJ,-0.2164891690744465,0.9,-0.174734190174832,1.3493751504107276,2,2,0.7214556932449341,1.0,0.08293279688981944
47df42303f2ba99f8e5907fa,dependency_treelet,X>parataxis>VERB,-0.21566283501449604,0.95,-0.3801535296889803,1.474578721083652,3,3,0.6044790744781494,0.9895152645881432,0.08279376667962764
528b504e0df457e9ec33c361,pos_3gram,VERB>X>PRON,0.18018435062529842,0.95,0.09550507706452517,1.0676753408565791,1,3,0.7236552834510803,1.0,0.08278627196043288
12c0a81d5694abd39c352fd1,dependency_path,csubj>obj,-0.21411160807202917,1.0,-0.24958237861420968,1.5863556963035081,4,5,0.616276741027832,0.9925726710353047,0.08278505867466082
9ae6855467339aa80f960de1,pos_4gram,NOUN>PART>VERB>PART,-0.25306564285902833,1.0,-0.26991111040321697,2.07904276451605,6,6,0.5604879260063171,0.9895152645881432,0.08218971356144969
c40a333c94760b8ddd53858c,pos_4gram,PART>NOUN>AUX>X,-0.28115782968163344,0.95,-0.3066500155112108,2.257180656065427,2,3,0.5332933664321899,0.9895152645881432,0.08200341534638737
8a1d1fff2dad9ee6dfee39cf,pos_3gram,VERB>VERB>AUX,0.2977286717668351,1.0,0.2789322441728888,2.6342887496643055,6,7,0.4961007833480835,0.9893521365620638,0.08192212899823546
b2e1bfbf60390ca4bd0d83a0,pos_4gram,PART>NOUN>ADP>ADV,-0.17564631781509066,0.95,-0.27675153591857593,1.0403918138344976,2,2,0.7376524806022644,1.0,0.08178037217800314
4649afcb0be670e8dadf3f7d,pos_3gram,X>ADV>ADJ,0.30286087770677605,1.0,0.30502724560787103,2.7054577314414625,3,5,0.5134972929954529,0.9895152645881432,0.0817337289093728
2f3fa3a7fe561bffebf8f60a,pos_4gram,X>NOUN>VERB>ADP,-0.3017206512849122,1.0,-0.25828883312552037,2.6951298419871637,3,2,0.49830034375190735,0.9895152645881432,0.08165359924744976
664dd8e0f79ec599ff8d3167,pos_4gram,VERB>AUX>VERB>VERB,0.22295904010927248,1.0,0.297882572974778,1.736179675403912,3,4,0.5824834704399109,0.9895152645881432,0.081485526010407
924712c700b14cc1a23413a1,pos_4gram,ADP>VERB>PART>VERB,0.25926272056805183,0.95,0.26257612512026457,2.0243717036430877,2,3,0.5794841051101685,0.9895152645881432,0.08143826509253557
03edcb24b6294a5a252cb09e,pos_4gram,NOUN>NOUN>AUX>X,-0.15873300909732782,0.9,-0.14160519340810554,0.7549631683705105,2,4,0.7648470401763916,1.0,0.08140325151110767
03ba1bf1d478b43dfd63bb71,pos_4gram,NOUN>VERB>AUX>ADP,-0.22642041333242272,0.95,-0.24209409311555596,1.6459820594066386,2,2,0.7302539348602295,1.0,0.08129283866498989
a44ae0a63c7be84662143e6b,pos_4gram,SCONJ>DET>NOUN>NOUN,-0.28964995534226934,0.95,-0.3146212360063614,2.385298622379514,3,3,0.5952809453010559,0.9895152645881432,0.08128306783811635
0a7d9eaee1000f0265c9d5a4,pos_4gram,AUX>VERB>NOUN>VERB,-0.21986014663271172,0.95,-0.19450325412640912,1.5746168161505856,4,6,0.624075174331665,0.9992776517150471,0.0811255243851634
9407d9271fcfddcf220e197a,punctuation_run,",",0.2319487172570948,0.95,0.29430630943735187,1.719203996581852,2,4,0.6174765229225159,0.9930503709702188,0.08103521533185094
73cdf3105df2e393cf3d7a6a,pos_4gram,NOUN>SCONJ>VERB>X,-0.29554540051053907,0.95,-0.259219210556956,2.4688632390095497,4,6,0.5736852288246155,0.9895152645881432,0.08093952143388007
f5e79b9e8698b0200d859a98,dependency_path,amod>obl,-0.23417376994541292,0.95,-0.2982087010618643,1.7485405491606263,3,4,0.6374725103378296,1.0,0.08093934852665012
0e8da330e6282fb4573bc3cf,dependency_treelet,NOUN>conj>ADJ,-0.11058809596435087,0.95,-0.05663464801883207,0.29948030893477445,3,4,0.8162367343902588,1.0,0.08084669728643545
c381f5856d7f2a335d47baa8,pos_4gram,X>VERB>SCONJ>NOUN,-0.21250928689502138,0.95,-0.144425713681607,1.4984505789925364,5,5,0.6418716311454773,1.0,0.0808036085435306
5cb9e939a008514a496e06f6,pos_2gram,AUX>X,-0.2801501492597823,1.0,-0.265356919292692,2.47350316680678,9,9,0.526694655418396,0.9895152645881432,0.08065348894364954
84d5310a84beca8c2ccb6a13,pos_3gram,SCONJ>AUX>NUM,-0.18957113495792507,0.95,-0.17339086119379438,1.2329362308726264,2,3,0.7314537167549133,1.0,0.08065280849496048
bae63241da8ddd5a9ab5a3df,dependency_path,acl>xcomp,0.1780870039962844,0.95,0.19934667146232893,1.1023378283128884,7,7,0.6822635531425476,1.0,0.08047358113336052
386dd670e58c2de478c406e4,dependency_treelet,PROPN>punct>PUNCT,-0.17149645064919777,0.95,-0.1302883469229483,1.024894273189745,6,5,0.6588681936264038,1.0,0.08045932583931562
0045c1605dd4e84cca99196c,dependency_path,nsubj>flat,0.188259279325631,0.95,0.28155682539952515,1.2325735387292167,9,10,0.670465886592865,1.0,0.08010769287409407
d2c34b089c75512704da5d75,pos_3gram,NOUN>ADJ>NOUN,0.20564162570955738,1.0,0.3117744580830225,1.5683804492913047,9,10,0.6408718228340149,1.0,0.08006665280694697
49f9f6e7cb3b75892043f9c0,pos_3gram,PROPN>VERB>NOUN,-0.16619974867171702,0.95,-0.12170716392625854,0.9739624114040253,3,3,0.7906418442726135,1.0,0.07998620456294733
d30f5d2378a9a4c5fec3ea0d,pos_4gram,NOUN>ADP>VERB>PRON,-0.25971977428676385,0.95,-0.3248224445588309,2.0856619775839262,2,3,0.6004799008369446,0.9895152645881432,0.079961378584189
93e74506035bd057dea1c0fe,dependency_treelet,NOUN>appos>NOUN,0.15659297470395903,0.95,0.2038825226240806,0.861891641699191,8,8,0.8272345662117004,1.0,0.07989902453882727
f60a83109e8492a0382fe62a,pos_4gram,AUX>VERB>NOUN>PART,-0.2218147613295092,0.95,-0.19055585566426675,1.6553016582639986,6,5,0.5992801189422607,0.9895152645881432,0.07935973022394839
6a7cd6fb2e6e1eb75829a124,pos_4gram,ADV>AUX>VERB>NUM,-0.16458168034282683,0.95,-0.18170450882013825,0.9712855918800131,2,3,0.7862427234649658,1.0,0.07931504038264298
145714947450d6ca13db2b64,pos_4gram,PRON>NOUN>PART>NOUN,-0.23339820197235336,0.95,-0.25333203165339735,1.798956968677908,2,3,0.8228354454040527,1.0,0.07921818532939769
38b055d9051694f9f7e11d1f,pos_4gram,NOUN>ADV>VERB>ADP,-0.2581993575135972,1.0,-0.313946379461439,2.2626785889019296,5,3,0.5630874037742615,0.9895152645881432,0.07913723355768716
6eae31ce66e5f5e59a29927a,pos_3gram,ADJ>PART>SCONJ,-0.26705345023472016,1.0,-0.2972514508920116,2.379358369186253,5,7,0.5328934192657471,0.9895152645881432,0.07902489794209852
72798d1ce813379424b817f9,pos_4gram,NUM>PART>NOUN>NOUN,0.25162913712248797,0.95,0.27222969924719753,2.038591630373771,3,5,0.6104779243469238,0.9919514450533636,0.07867055180329013
d7d79608a7817eab3c3a8317,dependency_path,conj>cc,-0.18934247406775176,1.0,-0.08028045396557705,1.416596797087654,10,10,0.6616676449775696,1.0,0.07835087520431072
9611aae3e09699414a21c236,pos_4gram,NUM>NOUN>X>PART,0.2731696706669757,0.95,0.22744014173225816,2.3126980793533787,2,3,0.6568686366081238,1.0,0.07833831545079474
bdea46a7f32762f83b780a46,function_word,以上,0.29779457292071887,0.95,0.3377685066829172,2.614868887207108,2,2,0.8818235993385315,1.0,0.07826143993102297
60ddc8dc3664e734ea0fd79e,pos_4gram,SCONJ>VERB>NUM>NOUN,0.17723784656884672,0.95,0.16992490714135072,1.1644747335828445,4,5,0.6844630837440491,1.0,0.07779067670690361
e7606145de5f0ad9d4a7f198,pos_2gram,PART>ADV,0.15156847503677032,0.95,0.16933702488992516,0.8518776906054277,9,8,0.7302539348602295,1.0,0.07775354280436181
04b030f65bbf691da4306692,pos_3gram,PRON>VERB>DET,-0.29960203571981386,1.0,-0.4701147172244107,2.855440523741095,4,4,0.5286942720413208,0.9895152645881432,0.07770889834116737
1f1c456d48840356d7acff4b,pos_4gram,CCONJ>ADJ>SCONJ>NOUN,-0.18251984758256615,0.9,-0.13696229458576373,1.1147336798606107,2,3,0.7180563807487488,1.0,0.07767780141239203
6553f5dd22722c2ab0b74b62,pos_3gram,AUX>VERB>CCONJ,-0.08909079777645736,0.95,-0.053162432661700475,0.09112988039514738,2,2,0.7362527251243591,1.0,0.07756753747499232
fa5a500f62d46b4c6d241dfd,pos_3gram,X>ADV>ADV,0.26582565946152453,0.95,0.22430134658696008,2.2580329605296305,2,3,0.6078784465789795,0.9902475795107869,0.07751130192599277
cbf3acdc85d24404d5b03e6e,dependency_path,xcomp>case,0.1463359983838043,0.9,0.157509416917362,0.700159884596281,9,9,0.7378523945808411,1.0,0.07746471360644876
c602923d6f046e36901354f4,pos_4gram,AUX>X>X>VERB,0.18952483004547613,0.9,0.21932879877511333,1.203855648678971,3,4,0.682463526725769,1.0,0.07739724112292587
a3feaa51616ae7f2dc24b470,pos_4gram,VERB>ADP>VERB>VERB,0.24451959882168872,1.0,0.3020738280600072,2.180214663195058,1,4,0.572285532951355,0.9895152645881432,0.07688776536110549
758eb2f433d53b42d9410d11,pos_4gram,SCONJ>VERB>PART>AUX,-0.29229630185161753,1.0,-0.24848669167190682,2.8044734193743435,3,2,0.5978804230690002,0.9895152645881432,0.07682963438858419
7625e97ce91d78357f4f5f06,pos_3gram,VERB>PRON>ADP,-0.2935989831739828,1.0,-0.6610861514906583,2.831691914421126,7,4,0.49770045280456543,0.9895152645881432,0.0766238491328023
71e8061063df91c17e64ccfc,pos_4gram,PART>NOUN>X>NOUN,-0.22972402814312068,0.95,-0.199533796763661,1.8500108568276956,3,3,0.6270745992660522,1.0,0.07657438434423436
e52ff23e9a5a1be6f26dc997,dependency_path,xcomp>parataxis,0.25964131609004865,1.0,0.2818277491148651,2.407205816754914,2,4,0.5782843232154846,0.9895152645881432,0.07620359028892942
d43b2dcaf026b4923d1bd1de,pos_4gram,NOUN>ADP>ADV>ADV,-0.26307179011036796,0.95,-0.33013938362519807,2.287374488938996,2,3,0.6590681672096252,1.0,0.0760236478824507
64067d1bb8d20bee92618990,pos_2gram,ADP>X,-0.19545098835262198,1.0,-0.14510992024823682,1.5722362419895552,9,10,0.6622675657272339,1.0,0.0759848512986684
03afff959cfa8bbee407db22,pos_3gram,ADJ>NOUN>NOUN,0.26776031733863537,1.0,0.3657313099195341,2.5243070382583492,9,10,0.5404918789863586,0.9895152645881432,0.07597530931100652
b4ecd15bb956262c257d17c7,pos_4gram,X>VERB>X>X,-0.28672024286578274,1.0,-0.25635885472400194,2.779060365106919,5,5,0.5176964402198792,0.9895152645881432,0.07587077610962446
f5ea49c07d506009ead89353,pos_3gram,CCONJ>VERB>SCONJ,0.23262003796258707,0.95,0.2621612482939879,1.9132618336241327,4,3,0.9604079127311707,1.0,0.07585622188636051
71a57fcd4bce245ccbed18d8,dependency_path,conj>advcl,-0.23501331331767827,1.0,-0.25509305155978723,2.100755057199062,5,5,0.5980803966522217,0.9895152645881432,0.07579228574409479
e63d279b7cd2583b43edab18,pos_4gram,SCONJ>VERB>AUX>ADJ,0.29213462321858397,1.0,0.25638245832044226,2.8678144485992325,1,4,0.5284942984580994,0.9895152645881432,0.07552963749964361
76dac7eb8b50629612e8ec1a,pos_3gram,VERB>VERB>ADJ,0.1990593815214891,1.0,0.3286276442737754,1.6485318772003652,9,10,0.6380723714828491,1.0,0.07515838613651317
18b181b5cce78ce2489181ff,pos_3gram,X>AUX>ADJ,-0.2661540097180529,0.95,-0.311397966137168,2.3829674673115804,2,3,0.5232953429222107,0.9895152645881432,0.0747409816013056
a2f63d595d0dfae8838b8fd7,pos_3gram,ADV>AUX>NOUN,-0.2369252351651061,1.0,-0.30050122851211103,2.1704061946541415,7,6,0.5820835828781128,0.9895152645881432,0.07473024610051653
f91b7ce5be94e5a5e0045165,dependency_path,acl>cop,-0.16099637140272444,0.95,-0.1954264440411645,1.0471897011597016,4,6,0.7464507222175598,1.0,0.0747104934857509
e0dcf00c105e522f609595d5,function_word,人,0.2294454651069644,1.0,0.18010599692760682,2.075202555916229,4,5,0.5872825384140015,0.9895152645881432,0.0746114966201318
b40cca7264dac189f268c4ff,pos_4gram,NOUN>ADV>AUX>PRON,-0.17048250149404384,0.9,-0.3949211088253008,1.058526004862561,2,2,0.7240551710128784,1.0,0.07453597913371203
a39710be532163eb17cddff6,pos_3gram,PART>NOUN>SCONJ,-0.22998147160364169,1.0,-0.31620195562433534,2.103345725537577,9,7,0.5788842439651489,0.9895152645881432,0.07410758966076947
5fdcf2ccf0832c1d5b07703e,pos_3gram,ADP>VERB>SCONJ,-0.18637252756982572,0.95,-0.1658278321146845,1.3905085405663746,5,5,0.6216756701469421,0.9973721780056851,0.07406537068860909
1f00a2b61c5b98a5bbd61f27,dependency_path,obj>case,0.2933085848248154,1.0,0.3674638154661342,2.9613766754391397,10,10,0.48870226740837097,0.9866415868883264,0.07404208406722661
83bc17e6c278e45a75c9996b,pos_3gram,NOUN>SCONJ>ADP,-0.11628493568151012,0.9,-0.11257123756641794,0.4153940138286527,6,8,0.7824435234069824,1.0,0.07394156050601242
da6178375f8e8ffef93176b7,dependency_path,parataxis>acl,0.22580679887213534,1.0,0.25042969364024603,2.060322206496174,6,7,0.5976804494857788,0.9895152645881432,0.07378530221190865
cb14e03f1a3d3edf370088fe,pos_2gram,SCONJ>PART,0.18185786092587308,0.95,0.24711240856306035,1.3436652606601884,7,7,0.7400519847869873,1.0,0.07371571818703887
7af4707a3849a44398895902,pos_3gram,VERB>NOUN>NOUN,0.21826068336271254,1.0,0.36521264063835973,1.99671309333541,10,10,0.6154769062995911,0.9925726710353047,0.07283335993963419
c898ead48d0dbfe66cf391b7,pos_4gram,PROPN>PART>NOUN>NOUN,-0.148620658325042,0.9,-0.09784231666363917,0.836816922338321,3,4,0.7700459957122803,1.0,0.07282086247455695
eb68c2b5088f096541e728c2,pos_3gram,AUX>ADP>NOUN,-0.2300447292378206,0.95,-0.21841348943313757,2.0017815543102544,8,9,0.6270745992660522,1.0,0.07280426267598475
f44cb6e56c704ede86aef52f,function_word,然而,0.24795428683132412,1.0,0.30297342305794805,2.428859435246777,1,3,0.7216556668281555,1.0,0.07231392581524086
4647977b05330ad7f99e4d44,pos_3gram,ADJ>SCONJ>NUM,-0.19710325831547784,0.95,-0.4062530605995988,1.5904275417394182,2,2,0.7260547876358032,1.0,0.07228462961522203
c1facada5a9face74de2b8c0,pos_4gram,VERB>NOUN>VERB>AUX,-0.21056100456451016,0.95,-0.2841217193488508,1.7703859866283012,3,3,0.804839015007019,1.0,0.07220400164517682
8b5c27f735027a435aa50cb3,pos_4gram,ADV>VERB>ADJ>SCONJ,-0.17806332879322123,0.9,-0.15337319390619636,1.219766336446801,4,6,0.6924614906311035,1.0,0.0721954348449233
cc00d500325b163440caf6f2,pos_4gram,VERB>PART>VERB>ADJ,-0.24085428192980418,0.95,-0.21701632504281587,2.1706324474974363,3,4,0.6298739910125732,1.0,0.07216590747184012
c51bf2de44e253bb8223a5ef,pos_4gram,SCONJ>NOUN>ADV>ADJ,-0.12835939347487932,0.9,-0.13955559422623565,0.6009753614116182,2,3,0.7894421219825745,1.0,0.07215817114482737
ee371000d2f89384a268b3a7,pos_4gram,ADJ>SCONJ>NUM>NOUN,-0.1960197613373526,0.95,-0.4085243506379065,1.5813509038304487,2,2,0.7260547876358032,1.0,0.07214004612629621
629a59dec699dad9277ae0d0,pos_4gram,ADV>VERB>ADP>VERB,0.2562530902236761,0.95,0.285981728718787,2.380058764341612,2,5,0.5650869607925415,0.9895152645881432,0.07202254537131134
e3630c8f96a44b88f13ca06d,pos_3gram,DET>NOUN>PART,0.23429102711306196,1.0,0.1871599457571098,2.2647985594140483,7,8,0.5856828689575195,0.9895152645881432,0.07176278194484118
97e4f9bf089ff2512193075e,pos_3gram,NUM>CCONJ>NUM,0.17835165235533232,0.95,0.068556896184579,1.3639572749025184,2,2,0.8806238770484924,1.0,0.07167391371087811
108a91e834b04a14f3c60934,pos_4gram,X>X>PART>NOUN,-0.20448134858551106,0.95,-0.20630020160078266,1.7133482414754502,5,6,0.8072385191917419,1.0,0.07159319920195843
ba7a8ab5dfa4363927c5b326,pos_3gram,ADV>ADP>NOUN,-0.16135914219801872,1.0,-0.18453840053034853,1.2540622949375126,7,7,0.7184563279151917,1.0,0.07158592846365495
f75d15025f9e80af87436575,pos_3gram,X>ADP>X,0.20798766904081042,0.95,0.27525670703910293,1.7622573801555537,5,6,0.6484702825546265,1.0,0.07153145358874664
89430b9da1fdeadf3e2107ab,pos_4gram,X>X>VERB>PART,0.16847062398232823,0.95,0.22222332461192656,1.2407705161436942,4,6,0.720255970954895,1.0,0.07142502618190842
01c4a829cf53fca1a211a4b3,dependency_treelet,VERB>nsubj>NUM,-0.13567702492313055,0.95,-0.09462118195213018,0.8070999152500724,6,5,0.6636672616004944,1.0,0.07132598069937784
398b44ba85d487558b199a55,pos_4gram,ADJ>SCONJ>NOUN>ADP,0.19362683845651282,1.0,0.1434945224682782,1.716031440253536,4,6,0.6650669574737549,1.0,0.07129035238209104
4ddc4a46e95749b7e35bb532,pos_3gram,VERB>NOUN>DET,-0.10800549630250371,0.85,-0.3504644924550883,0.288866083664982,3,3,0.8542291522026062,1.0,0.07122902295331959
afd2fe573f3b5e5292fecf6f,pos_4gram,NOUN>VERB>X>PART,-0.2775394708934256,0.95,-0.26310404210663185,2.711459114565197,3,3,0.5862827301025391,0.9895152645881432,0.07104011905022503
44f43fad836d92cf2343bedd,pos_4gram,X>X>NOUN>X,-0.2821565672979676,1.0,-0.23436199660224233,2.9749029281992976,5,3,0.5088981986045837,0.9895152645881432,0.07098451770891161
b441f16e0c1f2f7f97f691c8,pos_4gram,NOUN>DET>NUM>NOUN,-0.15766708502051502,0.95,-0.1318703131189202,1.1148750661061926,6,4,0.6928614377975464,1.0,0.07082391445716174
1a3bf616243860ae326fcca2,pos_4gram,PART>NOUN>ADP>NOUN,0.15432302851525184,0.95,0.2379198264963615,1.0704834205589202,5,8,0.7174565196037292,1.0,0.07080804204165672
bd0ef7e68320a4cbd417c5d5,dependency_path,obl>nummod,-0.1637941225159846,0.95,-0.22409615642273611,1.2007542144634218,8,9,0.745250940322876,1.0,0.07070504073901052
c5071ddceb136c9a18ae5444,pos_3gram,PROPN>PROPN>ADP,-0.17112472217482694,0.95,-0.15901648416950379,1.3088158029816617,2,4,0.737452507019043,1.0,0.07041206399234648
008871d1d6ccb7bf0964e1cc,pos_4gram,SCONJ>ADJ>SCONJ>NOUN,-0.16173292912538778,0.9,-0.2653136371949144,1.0715305364932886,2,3,0.8006398677825928,1.0,0.07026671036153495
33f1429f8deb426b5c8be67d,pos_3gram,ADV>ADJ>NUM,-0.24323750291244461,0.95,-0.2397365760107239,2.290309157493231,2,3,0.7252549529075623,1.0,0.07022915376829532
fc37ef5df88aa11160684358,pos_4gram,SCONJ>ADV>VERB>VERB,-0.1980463365754371,0.95,-0.18983088922949015,1.679793622485115,5,5,0.6632673144340515,1.0,0.07020839894834488
11483cc120692fb541531604,pos_4gram,NOUN>ADJ>NOUN>VERB,0.21215544681986334,0.95,0.27115473920939454,1.8730101660261098,5,5,0.6674665212631226,1.0,0.07015209234628184
c6d85372539961743e3bcfc6,pos_3gram,NOUN>X>ADP,0.19780402806909206,0.95,0.2552321511667635,1.690044988307316,3,7,0.5298939943313599,0.9895152645881432,0.06985527286065217
6f26060aeaee473911ee6e7c,pos_4gram,X>X>ADP>VERB,0.19413438146123363,0.95,0.21084926271137816,1.6412421339912358,2,4,0.6802639365196228,1.0,0.06982610947125831
7f54c13d9db395cb7d92a593,dependency_treelet,PART>parataxis>VERB,0.17377378684369954,1.0,0.07104935534352678,1.4923724511461027,1,3,0.7158568501472473,1.0,0.06972223865008245
227c731a2a5825da2d5740b9,dependency_treelet,X>amod>ADJ,-0.23509297489010364,0.95,-0.21409179344214407,2.203464748148479,5,7,0.5992801189422607,0.9895152645881432,0.06971774116593052
f101f52618b606d41c74d49b,pos_3gram,SCONJ>X>VERB,-0.22321508807735865,0.95,-0.18012345369588012,2.0499697373787025,3,5,0.6202759146690369,0.9960954744575551,0.06952670089629837
7bf3740722d34c215b40f997,pos_4gram,X>X>VERB>ADP,-0.2851039990301804,0.95,-0.23445357256376106,2.9025989002159154,5,6,0.5560888051986694,0.9895152645881432,0.0694021614836427
877b85354c051726aaa51c9c,pos_4gram,NOUN>VERB>ADP>ADJ,0.28369332739158176,0.95,0.3156611868504653,2.884312354831206,3,3,0.6422715187072754,1.0,0.06938387966837807
ba097514b39a9cdc0584f98c,pos_4gram,ADV>ADJ>NUM>NOUN,-0.24160047961121608,0.95,-0.23879735507632893,2.3094974729250777,2,3,0.7252549529075623,1.0,0.06935205647031213
721a0e4d4f2a053f4f15f120,pos_3gram,X>AUX>ADV,0.15828159588918292,0.95,0.2147442606236875,1.1698766987338185,3,3,0.7886422872543335,1.0,0.06929772377502705
ac23a09d825eef20e3e67c8f,dependency_treelet,NOUN>case>PART,-0.15491146171465925,0.95,-0.05394069629739923,1.12496809709327,10,10,0.7168565988540649,1.0,0.06925557556851489
a66dacbccc5033815687d88a,pos_3gram,ADJ>NOUN>SCONJ,0.15386711107554038,0.95,0.19877112866771013,1.112430721250688,5,9,0.7208558320999146,1.0,0.06919694646138243
9b245292f9f0fa6b8c53ffe1,pos_4gram,SCONJ>NOUN>NOUN>ADP,0.19380784317747432,1.0,0.21212355089549517,1.804259878756635,4,7,0.6674665212631226,1.0,0.06911194096012445
808654b9990a38f1ecf1325f,pos_4gram,ADP>DET>NOUN>PART,0.16816935978187955,0.95,0.11141095800183548,1.313499921352382,4,4,0.8172365427017212,1.0,0.06905593136972989
ffd28869cbb5f1ff569d6908,dependency_path,advcl>aux,-0.2286576738222706,1.0,-0.2405054337238429,2.313311823304442,10,10,0.5986802577972412,0.9895152645881432,0.06901181839088874
2ed36e0f815e5399ba412c64,pos_4gram,VERB>VERB>ADV>ADJ,-0.23901134221649817,0.95,-0.27829247986467065,2.2968437791820624,4,4,0.6152769327163696,0.9925726710353047,0.06887216693112659
c4d3f0753cc0ef7644126422,dependency_treelet,VERB>csubj>ADJ,0.15908610857776967,0.95,0.05357171691010041,1.2029815160791835,1,3,0.7168565988540649,1.0,0.06860330059321702
564f0ee6be140503e0a82a38,pos_4gram,X>CCONJ>X>ADP,0.17908601839917748,0.95,0.22709862865641153,1.4802388351936873,2,2,0.8808238506317139,1.0,0.06859489298575257
d2a5bb969e2e7d4c37390f3d,pos_3gram,ADJ>ADV>VERB,0.17850237747604103,0.95,0.2065104821727969,1.478395393412722,2,3,0.6658667922019958,1.0,0.06842219730272055
d155ce1e541c14f130ec9488,pos_4gram,X>X>AUX>ADP,-0.21813141798903143,0.95,-0.17107346255137346,2.0289047837867558,3,3,0.6912617683410645,1.0,0.068415768035635
f6db13553b3cb6c6813bd43e,pos_4gram,ADV>AUX>VERB>VERB,0.23741384226482087,1.0,0.21414604924289762,2.48473159336769,2,6,0.610077977180481,0.9918708157645096,0.06812973564927594
bd9d313549724ee787caeef0,pos_3gram,VERB>ADJ>ADJ,-0.19663248790582363,0.95,-0.1493922339822993,1.7551674102587966,4,5,0.6520695686340332,1.0,0.06780018623005778
8a2a803752a862bac143568c,dependency_path,ccomp>punct,-0.21841716956174753,0.95,-0.3772005919448497,2.0606419429571976,10,10,0.7586482763290405,1.0,0.06779502958885052
87c1006c041a0f24edadf608,pos_4gram,NOUN>CCONJ>X>NOUN,-0.21992952094903606,0.95,-0.17518534951862655,2.083634053655745,3,2,0.5834832787513733,0.9895152645881432,0.06775546036465888
c58bfb2220376c03ab076147,pos_4gram,NOUN>X>ADP>NOUN,-0.21960153647218986,0.95,-0.18924544537109633,2.0801056306979535,2,2,0.7328534126281738,1.0,0.0677319172334056
21b49a13f5ac7654a4bba1cc,pos_3gram,NOUN>X>NOUN,-0.2537401994035708,1.0,-0.17479048785836518,2.750581495595,10,10,0.5540891885757446,0.9895152645881432,0.06765356244134002
8388a0d64ee1f90b4c2e685e,pos_3gram,AUX>ADJ>NOUN,-0.21975313043502054,0.95,-0.168935844120388,2.097334808425251,8,8,0.6432713270187378,1.0,0.06740164910341422
30fd8ab79a73a713750c1eb2,pos_4gram,PART>NOUN>SCONJ>ADP,-0.2737840230047035,1.0,-0.34711124237765134,3.071529243619438,3,2,0.5668866038322449,0.9895152645881432,0.06724353593523984
8cd90551daf135bd5d77029d,pos_4gram,VERB>ADP>NOUN>PART,-0.1876800958941043,0.95,-0.18206737640621407,1.6544919602028019,4,5,0.6784642934799194,1.0,0.0671676892499525
0a64044fd95953b0a1ec8b4b,pos_4gram,ADJ>SCONJ>VERB>PART,0.15285533729471346,0.95,0.021120759544195174,1.1619445165116604,4,6,0.7256548404693604,1.0,0.06716757498674439
291d28518152eec3d61e0d9f,pos_4gram,ADV>VERB>NOUN>X,-0.2558362484081232,0.95,-0.21447496807938682,2.623169646941434,3,2,0.5988802313804626,0.9895152645881432,0.06708061163873116
d506120d3da4b31f57c1da72,pos_4gram,NOUN>VERB>ADP>ADV,0.1576980383497224,0.95,0.22164742546559435,1.2347521180126195,3,3,0.782243549823761,1.0,0.0670379212194085
7d70b7b6ae4ed137e1f65936,pos_3gram,VERB>PART>ADJ,0.23707005750864146,0.95,0.22229584526692373,2.3678496866184884,4,5,0.6542691588401794,1.0,0.06687250785807473
203f949f2df96ac4c2f47912,pos_4gram,VERB>VERB>PRON>ADJ,-0.2708362233311301,1.0,-0.2661816299407542,3.058808370712075,3,3,0.5428914427757263,0.9895152645881432,0.06672801438113096
f0e95478084f5c10b0918a03,pos_3gram,ADV>VERB>X,0.2206174845487881,1.0,0.2223790672053548,2.3089879825760597,8,8,0.6088781952857971,0.9906530276205413,0.06667219274004028
8301993cb5364fa2e0b97805,pos_4gram,VERB>NUM>NOUN>ADP,0.1490762254768411,0.95,0.057484199969408754,1.1307472288937446,3,5,0.7348530292510986,1.0,0.06646607926202842
d3a32a990ed636ebc7bc5475,function_word,每天,0.24070530057457423,0.95,0.2253774106715436,2.4470219965133033,2,3,0.6452709436416626,1.0,0.06633843235614612
5769433e0b3c74807b77a682,pos_2gram,X>DET,0.15055832095068764,0.95,0.0905441134098934,1.156819795982742,4,5,0.7584483027458191,1.0,0.0663154173424963
8cee2c01ad66381bb3e41985,pos_3gram,ADV>NUM>NOUN,0.14075054254266015,0.95,0.07804492429201161,1.0166014107827348,5,6,0.7680463790893555,1.0,0.0663061201388464
7e6a0ee7b0f1adfe157cd43f,pos_3gram,ADJ>PART>X,-0.2129438645407268,0.95,-0.21247952849091692,2.0538734943828394,3,4,0.6298739910125732,1.0,0.06624264943711193
a0dbf64845bc85327a1ceb81,pos_4gram,NOUN>VERB>X>X,-0.1798567176806696,0.9,-0.17330026593050576,1.444387511066205,7,8,0.6876624822616577,1.0,0.06622151568840119
c790475f31f1b7926a0eaf33,function_word,长,-0.1836681473576737,0.95,-0.16030327618763535,1.63567916870174,3,3,0.6800639629364014,1.0,0.06620105438543802
39dd4151aaac5470e857640d,dependency_treelet,VERB>advcl>NOUN,-0.21630632209055836,0.95,-0.24525730889290445,2.1062023941672683,9,8,0.6356728672981262,1.0,0.0661550600733214
c92391296f8b69461083618f,dependency_path,ccomp>nsubj,-0.26262987738097027,0.95,-0.5280102021197488,2.7718234714673913,10,10,0.5630874037742615,0.9895152645881432,0.06614794817395227
c3c9289ed31172014c971368,pos_4gram,ADJ>PART>NOUN>VERB,0.24252791752917327,1.0,0.15021569631334616,2.6716253801039023,1,4,0.5688862204551697,0.9895152645881432,0.0660546467630938
34260620d2dd9985c4344d55,pos_4gram,NUM>NOUN>VERB>NUM,0.17680401713654523,0.95,0.19717152708997726,1.546571162289561,4,7,0.6678664088249207,1.0,0.0659568516156076
e96aff21ef59a23efc92258f,pos_2gram,X>AUX,-0.30743414283451315,1.0,-0.23816467621806026,3.693997335549953,10,9,0.4945010840892792,0.9887535956345106,0.06549516773394032
793a2d02b71da24aefc57518,pos_4gram,NOUN>VERB>VERB>ADV,0.2646217582879722,0.95,0.24632826441975594,2.843289080278035,1,3,0.5986802577972412,0.9895152645881432,0.06541029444378595
2b55102f0212e1e48355d2d9,pos_4gram,NOUN>NOUN>PART>ADP,0.18851062259719448,0.95,0.20411879013135312,1.7378941706274509,2,3,0.7200559973716736,1.0,0.0654097931865253
15b6a0fa145a70d23a68d6ff,pos_4gram,X>PART>NOUN>VERB,-0.24767927699859651,0.95,-0.2059398130323233,2.597819081943947,5,6,0.6686662435531616,1.0,0.06539942887332001
90b2187b925ab7f80a0a38aa,pos_3gram,X>VERB>ADV,-0.17578378076450737,0.95,-0.16004127186554062,1.559438896273001,3,6,0.7976404428482056,1.0,0.06524656320940339
7b05455999b7f9fe5a122aef,pos_4gram,PART>NOUN>ADP>VERB,-0.15412755021782415,0.9,-0.14824566517987853,1.1314298613567066,4,6,0.730853796005249,1.0,0.06508062860100235
c9c1cd1e01403dd0609c18bf,pos_4gram,VERB>ADP>SCONJ>VERB,-0.2311325778400593,0.95,-0.1866147786828481,2.383390374021108,3,2,0.72965407371521,1.0,0.06489820111626482
4faae459b33685c764682ef2,dependency_path,nmod>nsubj,-0.17348513334873283,0.95,-0.1415883583877205,1.541190391920947,4,5,0.6994600892066956,1.0,0.064855776727816
622a6b09a270ec03b73067f0,pos_3gram,X>NUM>NOUN,-0.24902533356362555,0.95,-0.20422006480365343,2.648215368298748,7,9,0.7076584696769714,1.0,0.06484651891474394
c2fafa936922332335fd85d4,pos_4gram,SCONJ>SCONJ>VERB>NOUN,0.15190806625459854,0.95,0.1269243420305229,1.229267275642932,2,3,0.7988402247428894,1.0,0.06473546914658232
806dee17d371c867e2bc8848,pos_4gram,PART>NOUN>ADP>X,-0.2307598886363787,1.0,-0.16814851989718624,2.5676476593713713,4,4,0.5908818244934082,0.9895152645881432,0.06468124396483682
6620ddf162c0d9c705d7b10f,pos_4gram,ADP>NOUN>NOUN>ADV,0.11083512689597141,0.95,0.1693211038444392,0.6279901393049099,3,3,0.8638272285461426,1.0,0.06467690928160605
e857a08d29999eb075509a32,pos_4gram,VERB>DET>NOUN>SCONJ,0.21691587312779614,1.0,0.023399141699844715,2.360608658577723,1,3,0.7266546487808228,1.0,0.06454660306076795
c2ecb2d05a828ebedc1b556c,pos_4gram,NOUN>NOUN>NUM>NOUN,-0.15349948715514616,0.95,-0.0995682803425362,1.2625520907022303,6,7,0.7262547612190247,1.0,0.06445133943949514
6037524ddb1037e87a9da714,pos_4gram,PRON>VERB>NOUN>SCONJ,-0.18632889232110708,0.95,-0.20743788815320674,1.7487492612757298,1,3,1.0,1.0,0.06439745166967246
cd5d1bff01a5fbbef91255af,pos_4gram,NOUN>ADP>ADP>VERB,0.20761039385060787,0.95,0.22976087136889517,2.063081902838324,1,4,0.6550689935684204,1.0,0.06438935699868803
ab5a2ccc3b050b1cfc6f0030,pos_4gram,NOUN>VERB>AUX>NUM,0.28803085499458475,1.0,0.22947058892138897,3.49061308815034,5,8,0.5054988861083984,0.9895152645881432,0.06414065281077759
52a4a6c71ebb7305f8639af8,pos_3gram,ADP>VERB>PART,-0.11930143787761223,0.95,-0.08488839404397391,0.7682435966876763,8,7,0.7828434109687805,1.0,0.06409544827196688
2af3e85b8531651905c47efd,function_word,在,0.14757234554177145,0.9,0.24265097631178834,1.0816724763929824,10,10,0.7336532473564148,1.0,0.06380211704471864
4411cf2420a4a14443c48138,dependency_path,xcomp>mark,-0.18827903588129144,0.9,-0.20896344893576965,1.664762432399627,10,9,0.6768646240234375,1.0,0.06358958315866493
669370fef5620a0cd3fdb8ea,pos_3gram,SCONJ>VERB>ADJ,0.2768455203150135,1.0,0.14832019039650818,3.358374877888181,5,8,0.5296940803527832,0.9895152645881432,0.06352035519467683
b914d6bf3bac2c810d322482,pos_2gram,SCONJ>DET,-0.195421460688245,0.95,-0.39782228052253366,1.9264359017595387,6,7,0.6890621781349182,1.0,0.06343907534151329
6d00b6c70a09415bf0235975,pos_4gram,VERB>SCONJ>VERB>PART,0.17015852458195627,0.95,0.12873276619156201,1.5580867155511289,3,5,0.7010597586631775,1.0,0.06319199320732624
9408614b3712025675293b3f,pos_4gram,NOUN>NOUN>VERB>X,0.1045857006966216,0.75,0.18821679722793458,0.2420297408938587,7,9,0.8140372037887573,1.0,0.06315410407645743
ae38a6776a1b28e820a6452a,pos_4gram,PART>NOUN>VERB>AUX,0.13618210232281902,0.95,0.127202268554151,1.0496483300279484,5,7,0.7498500347137451,1.0,0.06311960706201437
09dcad5d24e4baea6305848c,pos_3gram,SCONJ>NOUN>ADV,-0.24285443362176692,0.95,-0.25292252444297414,2.667066882422139,8,8,0.5842831134796143,0.9895152645881432,0.06291450888081182
70fb56277d566348d5e23c4f,pos_3gram,VERB>ADJ>SCONJ,-0.16391478892302408,0.9,-0.09656613471267797,1.3553962757768374,10,9,0.7118576169013977,1.0,0.06263205539885926
7267e299dbc31fb161dcbb59,pos_3gram,VERB>AUX>ADV,0.19325568978418156,0.95,0.19574502919793205,1.9336506578832395,4,7,0.6510697603225708,1.0,0.06258172042455899
491e96e8209044ea97a85204,pos_4gram,VERB>VERB>PART>VERB,-0.2158951534624978,0.95,-0.17544496802485704,2.296474932200954,6,7,0.6312737464904785,1.0,0.06221809660552574
65bbb048cbfd06bbe8655966,pos_4gram,NOUN>SCONJ>VERB>NUM,-0.17633909938635972,0.9,-0.16316305971351114,1.5520701625681907,3,4,0.7116576433181763,1.0,0.06218684414538826
18c3521d25af39ddc238e2d9,pos_4gram,AUX>ADJ>SCONJ>VERB,-0.16689402866678765,0.95,-0.14275600638869818,1.5527715587201782,3,5,0.7478504180908203,1.0,0.06210870169398797
6b761cba6698e9d4e3268ef8,pos_4gram,NOUN>VERB>AUX>NOUN,-0.14006860178287284,0.95,-0.1313222694739592,1.1496823972372443,6,7,0.8316336870193481,1.0,0.0618999215254977
221f195f082b2aa5ff109570,pos_3gram,AUX>VERB>PART,0.19737737314895065,1.0,0.24991577707834411,2.1911989136957692,8,9,0.6528694033622742,1.0,0.0618505390879459
373b099f660a251f8fbb27c1,pos_3gram,ADJ>PART>NOUN,-0.1720950427043505,0.95,-0.16099364868133592,1.647097781860541,8,7,0.698860228061676,1.0,0.06176208967022822
a43de3d53593a47ce18bd68c,pos_3gram,AUX>NOUN>VERB,0.1841117302656349,0.95,0.267324648521156,1.8383029464555936,6,8,0.6800639629364014,1.0,0.061623493704494034
bc2659b65b75d81d350a805e,pos_4gram,VERB>PRON>VERB>ADP,0.12751795210153963,0.95,0.048923465270446685,0.9704100360315786,1,3,0.8608278036117554,1.0,0.061480632092416505
bbd070019c57b908daded3db,function_word,能,0.22511979206408592,1.0,0.23445329690711236,2.6928912597568804,6,9,0.6056788563728333,0.9895152645881432,0.06096030893660989
f8a561ef2baa43bb58e139b3,pos_3gram,PRON>ADV>ADJ,0.25757069801652893,1.0,0.0424602731694708,3.226978984826279,3,4,0.5764846801757812,0.9895152645881432,0.060934936970621016
e11085452449ac8d6f1a140c,dependency_path,conj>mark,0.16944342722812303,0.95,0.14820455719561945,1.6486777262971457,5,9,0.690261960029602,1.0,0.06077419471177223
5ff0b74c2351a60e4399790f,pos_3gram,PROPN>PART>NOUN,0.16199434949315114,0.95,0.20881247755871482,1.533490624671527,6,6,0.7888422012329102,1.0,0.06074410953798038
3f5b96d5fe4c552c8e111655,pos_4gram,AUX>VERB>VERB>VERB,-0.1533487371923745,0.9,-0.12224179911254715,1.280072408166185,4,6,0.7094581127166748,1.0,0.06053047393531626
c3913ec8b62d2d2c85afe3bd,pos_4gram,VERB>X>X>X,0.12813521423664795,0.9,0.17545136304238335,0.90568763101286,5,6,0.7708458304405212,1.0,0.06051447831022047
41af38b574bdf75ed626507d,dependency_treelet,VERB>ccomp>X,-0.2540022466470392,1.0,-0.4050722625210116,3.204851681745325,3,2,0.6466706395149231,1.0,0.060406945564750444
12aa44b3d4e824f0ffd4b068,pos_4gram,AUX>NUM>NOUN>VERB,0.15660385500544188,0.95,0.1006348131792364,1.4703487464386997,8,5,0.8070386052131653,1.0,0.06022374876002614
081ef5dea65c1f747a78ae59,pos_2gram,ADP>ADP,-0.16987722424638602,0.95,-0.24168391490807684,1.6864235279814488,8,7,0.6906618475914001,1.0,0.06007368583289937
4b5bc2aeb2ff563eb906a6a2,pos_4gram,ADP>PRON>VERB>NOUN,0.14775901887957593,0.95,0.11761372195455191,1.3372611194547388,3,6,0.7376524806022644,1.0,0.060057931382670834
77db37e50a540a4a353d30f7,dependency_path,xcomp>xcomp,-0.1974111204081693,0.9,-0.26046962518439915,1.965561727658969,10,9,0.6614676713943481,1.0,0.05991108082838865
429b701fdd5ec58396c64f05,pos_4gram,VERB>PART>NOUN>CCONJ,0.28055817657102183,0.95,0.3367981839030146,3.4510558275170595,5,6,0.8410317897796631,1.0,0.0598802347287452
2729cd08089cd74af36660d2,pos_4gram,NOUN>VERB>NOUN>ADV,-0.21158277264024014,0.95,-0.22178084736426978,2.362571229201155,2,3,0.7234553098678589,1.0,0.05977676614332435
efc49c4c7c8d84a895d20786,pos_3gram,ADV>ADJ>ADP,-0.11441470205450449,0.9,-0.17681624132373713,0.7242102437882814,3,2,0.7884423136711121,1.0,0.05972196964960052
d457a7d1f76952d622452116,dependency_treelet,ADJ>advcl>ADJ,-0.15062754207151532,0.95,-0.2222926996811943,1.4013027719036741,5,5,0.7536492347717285,1.0,0.05959105475670509
43a539452937971776b640d5,pos_3gram,ADP>PROPN>PART,0.2529221514609102,0.95,0.23541497697093827,3.037876330552928,1,3,0.599880039691925,0.9895152645881432,0.0595055480203284
b4c713aa64e4c51bdddb4c87,pos_3gram,ADV>ADP>PRON,0.17965734502072814,0.95,0.07217323375834328,1.8714343142954906,2,3,0.7998400330543518,1.0,0.05943875397740619
34f7bad46de605bac2605e02,pos_4gram,PART>SCONJ>NOUN>PART,0.13622949963828074,0.95,0.09800762685244253,1.1850782470681447,1,3,0.7122575640678406,1.0,0.05922809621578309
c664c4fbe9a7d050140dc9d3,pos_4gram,ADP>NOUN>ADV>VERB,0.12192930445260726,0.9,0.12473818071277373,0.8692688574996477,3,4,0.7788442373275757,1.0,0.05870550593462034
dce0a5fcc4410a860b43bce5,pos_3gram,AUX>VERB>ADP,0.12335469753185681,0.9,0.15605203592414113,0.8913697900817048,5,5,0.7898420095443726,1.0,0.05869779054358018
0b0a118c3aa2ffe6f4f5417f,pos_4gram,VERB>ADV>VERB>VERB,0.1863707589320835,1.0,0.09173744393991035,2.184536273430608,2,5,0.6574684977531433,1.0,0.05852367281447597
9a72b67bddfa5fc5b6eb5b1b,pos_4gram,X>VERB>NOUN>VERB,0.14897751143210244,0.95,0.1834850841328734,1.4233251461984529,2,5,0.7182563543319702,1.0,0.058402660527217244
b79365d46095b26357344289,pos_4gram,AUX>VERB>NOUN>NOUN,0.1849084657311226,1.0,0.26924588363477925,2.168704877343581,6,9,0.6672665476799011,1.0,0.058354587406744186
b1c888f4b445e51225b114eb,dependency_treelet,NOUN>nummod>NUM,0.09991479748295778,0.85,0.05333381166037617,0.45878273161349403,10,10,0.8190361857414246,1.0,0.0582181129650332
213fc48173ed667d3c6fcbb0,dependency_treelet,VERB>ccomp>PART,0.1678866022843418,0.95,0.13966986573398196,1.7410944847354426,3,5,0.634273111820221,1.0,0.05818561638728705
44b77ca1d4c2e70ea74b55cb,function_word,必须,0.16651075847087632,0.95,0.16673181633992112,1.7205475742809595,3,5,0.6818636059761047,1.0,0.058144625752093615
191cf011f5accea09df78ebe,dependency_path,xcomp>advcl,0.17640871266689476,0.95,0.17099983259918514,1.8874259366224864,9,9,0.6798640489578247,1.0,0.05804071886587793
f110b37df4982b6507aae9c7,pos_4gram,VERB>X>VERB>ADP,0.19468308828979936,0.95,0.21557416879455027,2.2000742342691098,1,5,0.5456908345222473,0.9895152645881432,0.057795201090874486
39fa8fd89930041c5667a2db,pos_3gram,PROPN>NOUN>X,-0.2414771159613295,0.95,-0.1931234046788454,2.9697268676457664,3,4,0.6482703685760498,1.0,0.057788172287860665
4494788b145e9c94b95eb560,pos_4gram,ADP>X>PART>NOUN,-0.22866416284348953,0.95,-0.18527831173693735,2.7644855494355642,3,3,0.6894621253013611,1.0,0.05770534960185622
632c9929f649b31ea0e588c2,dependency_path,obj>amod,0.30321951852591117,1.0,0.34373793444356954,4.257100225894928,10,10,0.4829034209251404,0.9866415868883264,0.05767809353003032
c26bf0c858dcc5391c974f3b,pos_4gram,VERB>VERB>PROPN>NOUN,0.07918963193918706,0.95,0.06660318143219936,0.3067432488610758,2,4,0.8930214047431946,1.0,0.05757072049753951
52dd2eb0fd0698eb306d1d0f,pos_4gram,NUM>NOUN>PART>NUM,0.12682375976368937,0.95,0.11527826475490388,1.0934012436925955,1,3,0.863227367401123,1.0,0.05755350157477842
f3b6c18fc74ff72f117f33eb,pos_4gram,NOUN>SCONJ>ADV>ADV,0.2530903155383244,0.95,0.21930597281062164,3.1805959961044894,2,3,0.5822835564613342,0.9895152645881432,0.057512325990229145
42c240929d7e4b0b0fc61f39,pos_4gram,ADJ>NOUN>ADV>VERB,-0.21661713683485473,0.95,-0.1866648461785654,2.578635943662595,2,6,0.6458708047866821,1.0,0.05750411140801814
433c47a98803e24bc087fc2a,pos_3gram,ADJ>SCONJ>ADP,-0.12770429768753416,0.9,-0.11567586738552973,1.0010673301380228,3,3,0.8610277771949768,1.0,0.05743628222187469
317d18a35e3237b743757267,pos_4gram,ADJ>ADV>ADJ>SCONJ,-0.2712201825528295,1.0,-0.2923737008655286,3.7383346193295486,4,2,0.5526894330978394,0.9895152645881432,0.057239558693557575
95b3ac04aaec02c3b93cbaeb,pos_3gram,NOUN>DET>NUM,-0.1368025579406379,0.95,-0.12760722477006908,1.2728031337265098,6,4,0.7270545959472656,1.0,0.05718156056504479
12ab911a53f18d8c9bb4f768,pos_3gram,X>X>DET,0.20819991894715564,1.0,0.11422273997901478,2.6493077411523123,1,4,0.7180563807487488,1.0,0.05705189414401485
9808ff47fc4c9ae0a9f38e14,dependency_treelet,ADJ>discourse>PART,-0.24208122591088896,1.0,-0.3440349987396764,3.261396319083628,5,4,0.5764846801757812,0.9895152645881432,0.05680795865589572
624bfdec1c259299b3740eb1,pos_3gram,NOUN>SCONJ>NOUN,0.2816098415479379,1.0,0.21170030911583226,3.963486069968494,9,10,0.519696056842804,0.9895152645881432,0.05673630137733526
21f0564eeab4ec0405fb8e19,dependency_treelet,VERB>obj>PROPN,0.1761090757935193,0.95,0.08300382909693815,1.955464890732051,4,5,0.6606678366661072,1.0,0.056608225165687295
a399f7817353c773c84cefa4,pos_3gram,SCONJ>VERB>ADV,0.23055911134847915,0.95,0.138596945674945,2.871068736474431,4,5,0.6214756965637207,0.9973721780056851,0.056581572349071074
3aa444e6ed80bed5737ee073,pos_4gram,NOUN>CCONJ>ADJ>SCONJ,-0.18251984758256615,0.9,-0.13696229458576373,1.9047375809785294,2,3,0.7180563807487488,1.0,0.0565517050145962
8a289abc026739f0786c9619,pos_4gram,NOUN>NOUN>SCONJ>ADJ,0.20322254524689012,1.0,0.25569181248346073,2.6007562525126318,1,3,0.7214556932449341,1.0,0.056438850895580636
21dc4006e5609d0e9fe6148b,pos_3gram,PRON>AUX>ADJ,-0.1338964334030486,0.9,-0.25472425332319404,1.1428963232271077,2,2,0.8564286828041077,1.0,0.0562354738101682
16c348f14d7961a00da9be40,pos_3gram,AUX>X>PART,0.2525873850469596,0.95,0.283862263636158,3.2718223387502468,3,4,0.7070586085319519,1.0,0.05617228357507328
6d810b34dfaf39a5045bf382,pos_4gram,NOUN>ADP>VERB>NOUN,0.13528227266647613,0.9,0.20515788683169925,1.169534712862251,7,8,0.75384920835495,1.0,0.05611988813914819
a8538af80252b6e62fafe196,pos_3gram,PART>ADP>PRON,-0.196432401017889,0.9,-0.2816387297182663,2.173590161781697,2,2,0.7124574780464172,1.0,0.05570636153499047
67e629ff2c20817ecd8d170c,pos_3gram,PRON>AUX>ADP,-0.14033910921037066,0.9,-0.3038272169368735,1.2678403878919486,3,6,0.7582483291625977,1.0,0.05569404221023663
61476680c1bea22cc757a3bd,pos_4gram,ADJ>SCONJ>X>VERB,-0.2477089956691277,0.95,-0.19821094145456652,3.228431932278596,3,3,0.5744851231575012,0.9895152645881432,0.05565267447946391
9f83607152c72a36ea4b1ccd,pos_4gram,SCONJ>VERB>SCONJ>NOUN,0.11897197859713564,0.95,0.09794336811742936,1.0319832587853344,3,6,0.7766446471214294,1.0,0.055622200221689434
27366fc3e7119d1338466a6d,pos_4gram,PART>NOUN>SCONJ>AUX,-0.18426366446292547,0.95,-0.160097493119201,2.1483239788445316,3,4,0.7086582779884338,1.0,0.055601165069429914
6ae06ae5188c19d6aa40e505,dependency_treelet,VERB>obl>PRON,-0.24980972145771246,1.0,-0.5387022935443769,3.495310812769316,7,9,0.555088996887207,0.9895152645881432,0.05557117891561724
00fc8d2228d8b904f4a5825c,pos_4gram,VERB>NOUN>VERB>X,-0.16627336169439466,0.95,-0.17581290746090059,1.8586727668130663,2,4,0.8816236853599548,1.0,0.05525630475913937
20cc4b878aff9205ab8ccac8,pos_3gram,ADP>PRON>AUX,0.18996236310414844,1.0,0.03359410111435193,2.451749366258461,4,5,0.6846630573272705,1.0,0.055033649013184
2777122d52b6bd4f53d78808,pos_4gram,VERB>VERB>ADJ>SCONJ,-0.14290772912205763,0.9,-0.11845907724621006,1.341773613313327,5,7,0.7318536043167114,1.0,0.05492288216019071
c950eab95bb7a0b83027a73e,pos_4gram,NOUN>NOUN>X>AUX,0.16590701550373999,0.95,0.2169735356390853,1.8761841182772165,2,2,0.7340531945228577,1.0,0.05479887873901465
6eb2123377111b762c344341,pos_4gram,ADV>ADJ>NOUN>NOUN,0.19052768090402794,0.95,0.19950248662777864,2.3036935217824626,2,3,0.8202359676361084,1.0,0.05478755691634791
418d32cf82bc37711fe34808,dependency_path,nsubj>nummod,-0.2156281489813814,0.95,-0.22402294608015652,2.7596008610922325,10,10,0.6274744868278503,1.0,0.05448630030178273
94630bc56ee745097fb7f5c0,pos_4gram,NOUN>VERB>ADJ>VERB,0.11573751381763799,0.95,0.12467484838175259,1.0247112152993416,2,3,0.8574284911155701,1.0,0.05430435575006212
3c1f6d9f5c35ccda3a5802c6,pos_4gram,NOUN>NOUN>NOUN>NOUN,-0.10878533792359928,0.95,-0.036727753507750927,0.9126653706364485,9,9,0.8244351148605347,1.0,0.05403248922367974
0b4b92cda9e17a43f942dbee,pos_4gram,PART>VERB>PART>NOUN,0.10898660164913636,0.95,0.0626626211637043,0.9176497009510298,3,5,0.8104379177093506,1.0,0.053991754341437735
2901963fe6f3743639fa51eb,pos_4gram,NOUN>PRON>SCONJ>VERB,0.17219617133862686,1.0,0.054821113133116314,2.1927840624238812,2,4,0.6660667657852173,1.0,0.05393292122859692
5ecb32bc7b7dc6d9374fa5e5,pos_4gram,X>VERB>X>NOUN,-0.20474346593105705,0.95,-0.20043981978805886,2.6406943882838623,3,3,0.6594681143760681,1.0,0.05342560289060403
552256468591ead245eeaeff,pos_4gram,SCONJ>ADP>PRON>VERB,-0.06739449787622874,0.9,-0.10653522431595377,0.1356317569631634,2,3,0.9302139282226562,1.0,0.053410841777448946
abd05ff9f6c6b7321ea3f64c,pos_4gram,PART>NOUN>NOUN>ADV,-0.2229433595846449,0.95,-0.2317704546982793,2.973510306989839,7,7,0.6370725631713867,1.0,0.05330203654759369
0bb63e1fb3dda043540b3f9f,dependency_path,conj>flat,-0.23260907728138017,1.0,-0.1752714850201174,3.3814927512122073,8,8,0.5932813286781311,0.9895152645881432,0.053089001965603004
a3daa17647b96bffe263702f,pos_4gram,PART>NOUN>NOUN>PRON,0.1709024877939108,0.9,0.1815373883130634,1.8999958297362292,2,4,0.6368726491928101,1.0,0.05303877937938614
f8f63970d668fb3955ea0d01,pos_4gram,ADV>VERB>NOUN>ADV,-0.10013894353543762,0.85,-0.24832803308681245,0.6071708448392797,3,3,0.8090381622314453,1.0,0.05296145228022348
b916c98995fb9284725c64ef,pos_4gram,SCONJ>VERB>VERB>VERB,-0.1074857445271356,0.95,-0.10463785762857786,0.929321494967344,5,5,0.7536492347717285,1.0,0.05292609737005349
d91804f3e319244fcddd7a4a,pos_4gram,ADV>ADV>AUX>VERB,-0.11288064436093526,0.95,-0.1016370231000735,1.037295967520714,2,4,0.8316336870193481,1.0,0.05263673705366924
bf733b8c52eb9dc9c9469d66,pos_4gram,AUX>NOUN>NOUN>NOUN,0.17490715773265827,0.95,0.26993901798475745,2.1714523109994195,5,8,0.6868626475334167,1.0,0.05239296812685252
6d70387f2e4ae6aba757c8ba,pos_4gram,X>NOUN>SCONJ>ADV,-0.177180443125427,0.9,-0.17108696729697861,2.0508027648727962,2,2,1.0,1.0,0.05226899642577618
520c58c55153cc550cca29be,pos_4gram,SCONJ>NOUN>NOUN>ADJ,0.10140526183633297,0.95,0.1445890119125707,0.8434502554673214,2,2,0.8770245909690857,1.0,0.05225798659812225
11d8705415ba5d379d8da963,pos_3gram,SCONJ>NOUN>ADJ,0.15476029632511248,0.95,0.17230782149965834,1.8183227334876788,2,6,0.75384920835495,1.0,0.05216658821997882
695645bbf19c1b75896d562d,pos_4gram,VERB>X>ADV>VERB,-0.06893787079026426,0.9,-0.07496189502680477,0.19405277995342216,2,4,0.8516296744346619,1.0,0.05196092229160763
41085b95da5258e8d532cbd3,pos_3gram,NOUN>ADP>SCONJ,-0.21965943456608208,0.95,-0.29754012371667704,3.027965355386775,6,8,0.6172765493392944,0.9929708354038833,0.051806916005050975
c80b7b3ae666375f162486ab,pos_4gram,DET>NOUN>NOUN>NOUN,-0.19230137775616393,0.95,-0.2356847451539524,2.536314169064456,7,8,0.6662667393684387,1.0,0.05166009017708006
204fd9fa66839f9a164cb899,pos_3gram,CCONJ>ADJ>SCONJ,0.2376157871514919,0.95,0.2980730062265032,3.3709823657002675,2,4,0.6936612725257874,1.0,0.051643996453816086
f4de4f26861bb92385340455,pos_3gram,SCONJ>ADP>NUM,0.18214399090180342,0.95,0.23020035341299575,2.3565020372221728,2,2,0.8808238506317139,1.0,0.05155271453370479
d35bcdeff629d26356f3e900,dependency_treelet,X>mark>SCONJ,-0.20874794786487716,0.95,-0.2664128482426211,2.8512121042175442,3,3,0.6410717964172363,1.0,0.05149302222395365
ba96905701b9f64ff86c28c2,pos_4gram,NOUN>ADP>NUM>VERB,-0.061332522541062834,0.95,-0.09530059488159176,0.13373523401541001,1,3,1.0,1.0,0.05139286022508649
c641e28ebc2e07ee96b90a53,pos_2gram,VERB>PROPN,-0.0796158878733455,0.75,-0.1281563079822709,0.1675084653723521,8,8,0.8350329995155334,1.0,0.05114473913982738
fd791047afe8d7d12d970c9d,pos_4gram,ADJ>SCONJ>NOUN>NOUN,0.14529066665234217,0.9,0.1506904392623155,1.5723088027246288,8,10,0.7336532473564148,1.0,0.050834332117747016
6a37c4b64626781595036aff,pos_3gram,ADP>PRON>ADV,-0.18335965612016364,1.0,-0.4914314212187131,2.6070721766427045,4,3,0.669666051864624,1.0,0.05083337597386984
55c33b7ff82cfc710d122599,pos_3gram,NOUN>VERB>VERB,-0.1609083905874798,0.95,-0.08738167638891982,2.0095325010386658,10,10,0.7134572863578796,1.0,0.05079292913611962
4a2e590df8d8a4aac4667c1a,pos_4gram,PART>X>ADV>VERB,0.21128122983181782,0.95,0.2687615759682321,2.9538064241481403,2,3,0.7326534390449524,1.0,0.05076555268723659
8826aa7a61c9c87e8ee28039,pos_3gram,X>ADJ>PART,0.18033694938108136,0.95,0.21296182732218286,2.3750942214799355,1,4,0.5202959179878235,0.9895152645881432,0.05076009458393894
68aff390183e9d52832b9e20,pos_3gram,NOUN>ADV>ADV,0.17115917918533893,1.0,0.10359191361202817,2.377628060725587,6,9,0.6780644059181213,1.0,0.05067437151400568
a77bedf2034845a6137436bd,pos_3gram,PART>ADJ>NOUN,0.19414034830531096,0.95,0.30745915828113857,2.6439768624029467,9,9,0.6584683060646057,1.0,0.050613200317749706
de6d551a610a362869b4e51d,pos_4gram,NOUN>VERB>ADJ>NOUN,-0.13838790106317067,0.9,-0.06837227791526491,1.466570146262721,6,7,0.7492501139640808,1.0,0.05049485867878802
1953ffbea2da135619ca4753,pos_4gram,VERB>NOUN>NOUN>PRON,-0.1688460166605707,0.9,-0.3180249549410453,2.0155512446157613,2,3,0.7158568501472473,1.0,0.050392582538877205
ca9ee21b1198b1e4a8188e39,pos_4gram,AUX>ADP>DET>NOUN,0.10449611623785778,0.95,0.03162736894466789,0.9709316993955976,3,6,0.8112377524375916,1.0,0.05036770703744185
a6fd7f74c86e14546d0df978,pos_4gram,SCONJ>ADP>NUM>NOUN,0.17908601839917748,0.95,0.22709862865641153,2.379712093884658,2,2,0.8808238506317139,1.0,0.05033911550840662
189caaf2d4f7ac85148286ed,pos_3gram,AUX>NOUN>SCONJ,0.19391194094318326,0.95,0.21864454078491244,2.68732576235118,5,5,0.7448510527610779,1.0,0.049959335238815655
651b2a8f8e993818e4e65ae3,dependency_treelet,VERB>nsubj>DET,0.11853919339854926,0.95,0.04174830710558892,1.2547798728572706,2,5,0.8166366815567017,1.0,0.04994378168983693
2b414ee66bcef3d554aaa43c,dependency_path,obl>cop,0.20514403097247608,0.95,0.21787788073098335,2.9098410840123887,2,4,0.6900619864463806,1.0,0.0498452047631189
26e8dbd5ee4ae89bf5feaddd,pos_3gram,NOUN>AUX>ADV,0.2062193108390916,1.0,0.1377552596208039,3.1538257439190267,7,8,0.6428714394569397,1.0,0.04964563358031698
66369c042db12812773dd359,dependency_path,acl>nummod,0.13368013594200867,0.9,0.15508457120928912,1.4255169725977446,3,4,0.7914416790008545,1.0,0.0496026718044165
d7850cc5f34c521d4085227b,function_word,也是,-0.20956900328849745,0.95,-0.4531715313447483,3.014339390527467,3,2,0.7174565196037292,1.0,0.04959484830651374
e5fbcec75487a5dcd42e35e6,pos_4gram,ADP>PROPN>NOUN>NOUN,0.17080964407965696,0.95,0.1963241279269141,2.271945313131467,2,4,0.6624674797058105,1.0,0.049594093527306496
13fbdfdb681ef0309ec9ae5f,function_word,整个,-0.13392272417822476,0.9,-0.16807581722032627,1.4542344368815847,5,4,0.7958407998085022,1.0,0.04911122179246718
f6c499801aab58424af12581,pos_4gram,PRON>PART>NOUN>VERB,-0.19205023032968982,0.95,-0.43035689727437104,2.729087719463364,5,4,0.6726654767990112,1.0,0.04892556371386741
57d68a5e7072119ff3b6349f,pos_4gram,PRON>VERB>DET>NOUN,-0.2114467968940398,0.95,-0.3452914329034723,3.1121880866473024,3,4,0.7496500611305237,1.0,0.04884855770619973
f35259d19250343e1a38773c,pos_3gram,DET>VERB>VERB,-0.19767842197330485,0.95,-0.26273844407396657,2.85517302633286,2,3,0.7460507750511169,1.0,0.048712340429833974
264faa5883709c9ab4e52261,pos_4gram,NOUN>ADJ>NOUN>NOUN,-0.1336758965947158,0.95,-0.10912601312971446,1.6152864574654715,4,7,0.7816436886787415,1.0,0.04855762603078314
4a2602a5f317a845aafd63ed,pos_4gram,NOUN>NOUN>SCONJ>ADP,-0.09328602330427217,0.95,-0.08328899167520398,0.8283922394832572,4,5,0.8332333564758301,1.0,0.048469754041454996
4325a4b2f68378038d36e0a0,dependency_path,appos>nummod,0.13715788714269686,0.95,0.20254050567108797,1.7022544281057208,6,6,0.8156368732452393,1.0,0.04821899501036335
a4455594893445f6bba3db00,pos_3gram,X>X>NOUN,-0.18732579805276792,0.95,-0.11338924545885455,2.6947625438909832,9,9,0.6680663824081421,1.0,0.04816534379032623
6e3846696a74fc72d4c33be7,dependency_path,ccomp>advmod,-0.2700352072691517,1.0,-0.6440791391041311,4.610551369984023,10,10,0.5338932275772095,0.9895152645881432,0.048129887681595304
a9819fc85a25cf4d466c618a,pos_4gram,ADV>VERB>VERB>ADP,0.12349974799191459,0.95,0.12105898695785636,1.4381718809034127,2,4,0.7790442109107971,1.0,0.04811997116005072
0e521c234616b39be484495f,pos_3gram,ADJ>SCONJ>X,0.15663384927253754,0.95,0.18664047750591295,2.108231323161681,4,8,0.7354528903961182,1.0,0.047873578681251326
92e0e5f03305e44d0dae25f5,pos_4gram,NOUN>ADP>ADJ>PART,-0.18417974071444562,0.95,-0.17032289363488073,2.666798930950767,2,3,0.8568286299705505,1.0,0.047717575185764284
85a0150ee6099fbfade4d5dd,pos_4gram,NOUN>X>X>ADV,-0.09645914475213802,0.95,-0.0793392072896563,0.9209795263250744,1,4,1.0,1.0,0.047702844438865785
dd087a1b82a96f77ae43f0a3,pos_3gram,VERB>PART>X,0.14939108577672072,0.95,0.1901134744967602,1.9791380071936477,7,7,0.7184563279151917,1.0,0.047638454863517705
b1dff018462b6df87c51ae5f,dependency_treelet,ADJ>nsubj>PRON,0.2410206038782344,1.0,0.05538076674759776,4.069222041473286,5,7,0.5832833647727966,0.9895152645881432,0.047545876252085756
c2281b90341d468269da1dff,pos_3gram,ADP>PRON>PART,-0.08734013679405778,0.9,-0.3042479820780551,0.655992298227779,4,4,0.8240351676940918,1.0,0.04746768641301969
333a1dcc67c11b4d71a1816f,dependency_path,parataxis>nmod,-0.23065658223789695,1.0,-0.24245355193741497,3.9003628140773916,9,9,0.5926814675331116,0.9895152645881432,0.047069286701646694
0dcd21ff4cbbb803a98dc7bb,pos_3gram,NOUN>ADV>NOUN,0.11125615807351201,0.95,0.0979010976281778,1.2533547963817253,1,4,0.7954409122467041,1.0,0.046904886145560015
2a07703291ad5692bd523e94,function_word,时,-0.15378614100049529,0.95,-0.10923146999510445,2.1230529070902397,8,8,0.7212557196617126,1.0,0.046780134149757166
ea06cdffd2fd888645773575,pos_4gram,PART>ADV>VERB>VERB,0.18356830801479956,0.95,0.15194956826956016,2.7388037256816293,3,4,0.6740651726722717,1.0,0.046643232811657206
9bd036e4630cb144eef0e9b4,pos_4gram,NOUN>ADV>VERB>ADV,-0.19695105022886786,0.95,-0.2575692146709511,3.0165930506288237,2,3,0.7258548140525818,1.0,0.04658263741409705
9488238ccb5ea83f8a06ca85,pos_3gram,X>X>AUX,-0.18982754008753427,0.95,-0.12058002171518817,2.914182929788973,7,6,0.730853796005249,1.0,0.046072492348455486
59eb0edae8f3c0a67e8cb681,pos_4gram,ADJ>NOUN>ADP>PART,0.13223970649381034,0.9,0.140454853170444,1.585602026760965,2,3,0.6512697339057922,1.0,0.046030183536606636
33c19e36088a73f2e57a17e4,dependency_treelet,PART>compound>X,0.19738616387965724,0.95,0.24671604884993284,3.07415295512501,4,7,0.6686662435531616,1.0,0.04602597343572749
ed4a1bc0010f3af5f683d5a9,pos_4gram,NOUN>AUX>VERB>NOUN,-0.15123407041540787,1.0,-0.0838746940966336,2.2913626897037513,7,8,0.7166566848754883,1.0,0.04594877097212891
c1b11f01695d4e86c25a593e,dependency_path,root>obl,-0.15508472145234348,0.95,-0.18811763163315048,2.206983924212391,10,10,0.7320535778999329,1.0,0.045940512600451976
a167d411b8e6d7dcbfebe1de,pos_3gram,PRON>VERB>X,-0.15319363620132748,0.95,-0.23810613556516302,2.168648679131081,5,5,0.7206558585166931,1.0,0.04592934374509767
e8aeebcd5375fb813f8a5cb9,pos_4gram,NOUN>ADV>ADP>NOUN,0.12452069567989066,0.95,0.10026875552244043,1.5780176897948934,3,5,0.7724454998970032,1.0,0.04588589960579659
2e248d12ac4ab267380cf266,pos_4gram,SCONJ>VERB>VERB>ADV,0.13871415347113156,0.9,0.18650288291202347,1.723279886995352,1,3,0.85542893409729,1.0,0.04584278638423751
790d23bb79f16b1566e6142f,pos_4gram,DET>NOUN>X>ADV,0.1984394873212909,0.95,0.21448923955976498,3.136011832228119,2,4,0.6776644587516785,1.0,0.04557953908310502
4b3eb96bb9ddf6a7372b1fc3,pos_3gram,PART>VERB>X,0.1974090152297118,0.95,0.2246571526430755,3.116722049235223,4,5,0.6380723714828491,1.0,0.045555313724196134
73fb00210d60c6bf1d99d819,pos_3gram,X>AUX>NOUN,0.16542922184591963,0.95,0.20988716306763328,2.4531179044036824,5,5,0.8936212658882141,1.0,0.045511843239758466
715ae41cab54016ecc9c325e,pos_3gram,NOUN>NOUN>AUX,-0.1273290737772002,0.9,-0.11706149175563547,1.5270287733013026,10,10,0.7652469277381897,1.0,0.04534818424317825
7d134a46fe9042d35e0d696c,dependency_path,csubj>advcl,-0.17573704961738795,0.95,-0.3314805302381937,2.6873829761834807,2,3,0.7278544306755066,1.0,0.045276066580237764
c299d9894fa705221daaee8a,dependency_treelet,PART>appos>X,0.13870597509273427,0.95,0.18131441565228043,1.922423272895909,6,8,0.7578484416007996,1.0,0.04508952469692126
ed1745528e37be25103eb489,pos_3gram,ADJ>NOUN>ADV,-0.21513087150608384,0.95,-0.22123779871942242,3.534231509759659,6,6,0.6356728672981262,1.0,0.04507364202530821
724218d78818451b6558baf1,pos_3gram,X>X>VERB,-0.10898185377993824,0.85,-0.044745534892040896,1.0563814299674261,9,9,0.7938412427902222,1.0,0.045047370280140525
b82bf696473ca986f939c43b,dependency_path,advcl>discourse,-0.13271128122010598,0.95,-0.2359286385691502,1.7989562597975859,4,5,0.8130373954772949,1.0,0.04504383257786894
21d07ea121b50213bd2dd14c,pos_4gram,NOUN>NOUN>ADJ>NOUN,-0.09743408051262274,0.9,-0.04510466411349389,0.9555466462528396,4,7,0.8790242075920105,1.0,0.04484202544050316
b7f8a18dd2a0c33a290f1f03,pos_3gram,PROPN>PART>PART,0.21908918381718787,0.95,0.18869243370179373,3.6735129051120916,1,3,0.7292541265487671,1.0,0.04453496306785879
28c81c52df05d2008c895f09,dependency_path,nsubj>amod,-0.1279019223523514,0.95,-0.11363114080680853,1.7295136523852963,9,10,0.767846405506134,1.0,0.04451592543915293
7f1a5717eb25e5bfc95dced4,pos_4gram,NOUN>NOUN>DET>NOUN,-0.13108245605907656,0.95,-0.2430238365458104,1.7976163450484932,4,4,0.7682463526725769,1.0,0.044512298291552975
40e1199cb2fd7cef730541e4,pos_4gram,PROPN>NOUN>VERB>AUX,-0.19631279853329286,0.95,-0.19232469520464515,3.1903681946717515,2,3,0.7150569558143616,1.0,0.044506150758725216
636c3ec4ae1b4090abfab4c1,pos_4gram,PART>NOUN>VERB>DET,-0.15004261973093472,0.9,-0.15984059285488886,2.04608464123941,2,3,0.7874425053596497,1.0,0.0443317811756196
bfbcaab748cc7be50242ee71,pos_4gram,NOUN>NOUN>ADP>NOUN,0.06343773617903009,0.7,0.16313858258893182,0.004525904162583776,7,9,0.880423903465271,1.0,0.044206341659591315
cd395742524b1c499af4563a,pos_4gram,X>ADV>VERB>VERB,-0.23162345571039145,1.0,-0.20633880712199792,4.2570140740002245,4,6,0.5824834704399109,0.9895152645881432,0.04405988883612442
0cc7444b3206e16f3f16a263,pos_2gram,X>PART,-0.18478931059654263,0.95,-0.13323015686165218,3.000280670689272,9,9,0.6676664352416992,1.0,0.043884382001742696
fa56868962ee171fa71458ec,pos_4gram,ADV>VERB>ADV>VERB,-0.2305708275069083,0.95,-0.337614826815676,3.996335040069472,5,4,0.5762847661972046,0.9895152645881432,0.043840592028935914
95e4619bbd938d13fdd4b28a,pos_3gram,NOUN>AUX>PART,0.1363552639955135,0.9,0.14789541882003138,1.7998097060998177,2,3,0.7092581391334534,1.0,0.04383145659099555
aaf09d8c666e0134dab31b02,dependency_treelet,VERB>obj>NOUN,0.2998509714803469,1.0,0.318547888859934,5.854757552840103,10,10,0.5008997917175293,0.9895152645881432,0.043743483145674625
541f0f6333fc24d20a6b0d1f,pos_4gram,NOUN>VERB>ADP>DET,-0.14088897382228094,0.95,-0.09339782163362226,2.0677709152745254,4,3,0.6280744075775146,1.0,0.04362924378243202
8594487655f025f7a9c0692c,pos_3gram,AUX>VERB>NUM,-0.0686057622592585,0.7,-0.14701818178033288,0.10115048626841072,7,9,0.8752249479293823,1.0,0.04361259807842001
554d2bcd150bf78f8d494739,pos_3gram,X>ADP>PART,0.13656943275797748,0.95,0.1783967450411285,1.9754452705786951,2,6,0.7786442637443542,1.0,0.0436038808722048
ecc6ade43fb7122e49ac6ac4,pos_2gram,ADV>ADP,0.1055563307042015,0.9,0.07144950336774544,1.1808257982021233,9,9,0.8084383010864258,1.0,0.043561800173172974
cdb6d4b941dc3cab3b062a7f,pos_4gram,X>NOUN>SCONJ>VERB,-0.1484911097263728,0.95,-0.11482932999668158,2.2406957362855153,2,7,0.8950209617614746,1.0,0.04352971266649815
2ff4f8fd57c644bad5f8b717,pos_3gram,X>NOUN>CCONJ,0.21332208765021457,0.95,0.27494534571168433,3.6563596990207805,5,6,0.6364727020263672,1.0,0.04352240728101865
7edfd20dcdb8189e415b07cb,pos_2gram,NOUN>NUM,-0.11810710543179859,0.95,-0.048560149753952085,1.578140164228178,10,10,0.7928414344787598,1.0,0.04352042286800907
db7832ed38ad17835846188d,pos_4gram,X>X>ADP>NOUN,-0.09059993235230038,0.9,-0.05982686379872754,0.876473268582603,3,4,0.8784242868423462,1.0,0.04345382398048316
19b60ab5c96e91ed1f641883,pos_4gram,NOUN>SCONJ>ADP>NOUN,-0.11099216145343471,0.9,-0.1311743252259461,1.3032854699950014,5,5,0.7920415997505188,1.0,0.043369763153287305
79de6ee6f57c721c2bea1d4b,pos_4gram,SCONJ>AUX>NUM>NOUN,-0.18414298453446065,0.95,-0.16825008231867003,3.0521042959133537,2,3,0.7314537167549133,1.0,0.043171602341076136
ce1698ee4418ddb11447b0c6,pos_3gram,ADP>VERB>AUX,0.1725748525736227,0.95,0.09282310731547506,2.8074914179544272,5,6,0.6932613253593445,1.0,0.04305882586414903
2ca3914d8f1cb6338e0e94f8,pos_3gram,NOUN>ADJ>X,0.1315702360749959,0.9,0.187358976354652,1.7521010093738232,2,3,0.7942411303520203,1.0,0.043026477612621676
e12a6279c364f114f9712dd1,pos_3gram,PART>ADJ>ADJ,0.1606047906844387,0.95,0.22054991475649025,2.549402665831463,2,4,0.7414516806602478,1.0,0.04298597975906898
7463e66434c0ac39db7e02b9,pos_4gram,VERB>NOUN>ADP>X,-0.1814393115118586,0.95,-0.17066947797799856,3.0156437680056802,2,3,0.728054404258728,1.0,0.042923963352922055
1d58c2189dc9d55c2f1238ee,pos_4gram,PART>NUM>NOUN>NOUN,0.1181156942057545,0.95,0.14991457067681424,1.6164626368935053,7,8,0.8190361857414246,1.0,0.04288611192579163
42d757bf7fd935e49ad05a4a,pos_3gram,ADV>ADP>NUM,0.086669730455599,0.95,0.08609131260458995,0.9218633357810297,2,2,0.8794240951538086,1.0,0.04284188287475616
2b9b7e8516eabb13ca614b0c,pos_3gram,VERB>VERB>ADV,-0.1637691720596991,0.95,-0.17008058361883532,2.6327809943913856,6,9,0.8388321995735168,1.0,0.042826890389735486
ea70e6fbf3c6202d8ed7c327,pos_3gram,NOUN>ADJ>ADV,0.1494851355171308,0.95,0.19117031457771574,2.317883766100173,2,2,0.8780243992805481,1.0,0.04280164368391761
eff43c5730352c023a47099b,pos_4gram,NOUN>NUM>NOUN>ADV,-0.06254024978471621,0.9,-0.1544315018350293,0.31845532283142286,2,3,0.8622275590896606,1.0,0.042691036875916445
7903cd085514ffda5aae09b2,pos_3gram,X>X>NUM,0.14887161099727103,0.95,0.2276500112352641,2.3158314572954186,5,8,0.7372525334358215,1.0,0.042652358019054516
1275caf8aa5db1bf0107c89a,dependency_path,conj>appos,0.14713771632548966,0.95,0.2207021644584672,2.2796644463670326,4,9,0.730853796005249,1.0,0.0426204670615172
d69fef434ba8fe139f4113ef,dependency_treelet,VERB>nsubj>X,-0.15807626593449428,0.95,-0.07648189546570024,2.5293794127122444,10,10,0.7244551181793213,1.0,0.042549251604084584
dc39e745c18abdec8dc990d8,pos_4gram,VERB>VERB>ADP>NOUN,0.1685532816904869,0.95,0.2306839367496177,2.764235864963385,2,4,0.7088582515716553,1.0,0.04253867806116344
d4c43ce4e4553708b265f8e0,function_word,如果,-0.1452581880543863,1.0,-0.2644017466723514,2.41935071135291,7,5,0.7480503916740417,1.0,0.04248121948184515
f4183769b58468e25fcea46e,pos_3gram,PART>CCONJ>NOUN,-0.15262132436721382,0.95,-0.09492831521399987,2.439406979642671,6,6,0.7286542654037476,1.0,0.04215559804554346
3c8fcb96b68b9d16aaf39625,pos_4gram,VERB>NOUN>PART>PART,-0.18424445740229364,1.0,-0.19962906678232892,3.371008157895274,5,4,0.6622675657272339,1.0,0.042151478731398885
d99ebc770712f8d8570afc83,pos_3gram,ADJ>PART>ADV,0.15614041512953036,0.95,0.1601914649793208,2.523802259446068,2,5,0.7336532473564148,1.0,0.04209469869525864
bd29176ee5d47f198a1d1811,dependency_treelet,ADJ>punct>PUNCT,0.1766396544010081,0.95,0.06854848715410738,2.9913740208685615,10,10,0.6766646504402161,1.0,0.04204258253012357
331794d830bd5d0498f71cb2,pos_2gram,ADV>SCONJ,-0.16992265891978492,0.95,-0.4875083721104747,2.855393890663527,5,4,0.6928614377975464,1.0,0.04187030704300193
91c87ee7fc7c05812b97f7c9,pos_2gram,ADP>AUX,-0.10849323992046064,0.75,-0.19636579618168218,0.9565911557677443,8,7,0.8046390414237976,1.0,0.04158759979082949
764bdfe076c197077612b1e8,pos_4gram,VERB>AUX>ADV>VERB,0.11594483702864039,0.95,0.1452564087803493,1.6570144819627477,2,6,0.7484502792358398,1.0,0.041455398879061384
333a72b752f4616ea6bd89ed,function_word,组,0.17851756450853573,0.95,0.23186177068977878,3.0951510105789835,1,4,0.7300539612770081,1.0,0.041412804032135465
0d07267ae8ba6ed266f924e3,pos_4gram,NOUN>VERB>NOUN>NOUN,0.15378711350473578,1.0,0.26984087900301645,2.72151033707928,10,10,0.7320535778999329,1.0,0.04132384423938781
971717f36c9c82f524074993,pos_4gram,NOUN>NOUN>PRON>AUX,-0.2486776063078411,1.0,-0.24576099000994261,5.020687270912523,6,5,0.5750849843025208,0.9895152645881432,0.04130385703792756
45febe306e8d8c0378439936,pos_4gram,PART>VERB>SCONJ>NOUN,-0.16236742746870428,0.9,-0.11604103074275705,2.539116587855141,2,3,0.7162567377090454,1.0,0.04129015846024881
6a2390843c62cd1f1f264819,pos_4gram,VERB>VERB>CCONJ>VERB,-0.12263713925699704,0.9,-0.07216756579922326,1.682060574555512,2,4,0.7832433581352234,1.0,0.04115247298230358
fc584e3369baadcffd739518,pos_4gram,VERB>PART>NOUN>SCONJ,-0.09053117248563013,0.9,-0.14295792013172767,0.9865333735980939,5,4,0.848430335521698,1.0,0.04101519577770324
d165610ddb198b769465a35d,pos_4gram,PRON>VERB>AUX>ADJ,0.1429562467219084,0.95,0.11271588644926976,2.3283668458091005,2,3,0.7874425053596497,1.0,0.04080332507722687
6ae52cab41ed08b236d523cb,pos_4gram,ADP>PRON>VERB>X,-0.10022323818073524,0.9,-0.18966386123229614,1.2135067152242114,2,3,0.7870425581932068,1.0,0.04075023298654192
21c39ee815024e43ff2d2ba2,pos_4gram,X>ADP>NOUN>NOUN,-0.11540688053943224,0.95,-0.065044566240992,1.6951194798373024,3,4,0.8380323648452759,1.0,0.040679657185023615
87e608c4455694ff9fc4e7f3,pos_3gram,ADJ>PART>PRON,-0.11157340870649508,0.95,-0.1737331943717525,1.631632597329583,3,3,0.8732253313064575,1.0,0.040277179412782464
b7aad8db4ceb93588a10814c,pos_3gram,AUX>ADJ>PART,-0.15487556096141203,0.95,-0.23347204003898275,2.6546581394620685,6,6,0.7214556932449341,1.0,0.04025869925415181
017e00fb95b4bf7f074e2cfa,pos_3gram,VERB>NUM>PART,0.1450446409460542,0.95,0.15889508200882263,2.425056555988554,2,5,0.7654469013214111,1.0,0.04023069594510135
b0ef1ba1bcdb254a866f4dfa,pos_4gram,NOUN>ADP>SCONJ>ADV,-0.06927884649447559,0.9,-0.08396125787824942,0.5499254992871496,2,3,0.8540291786193848,1.0,0.040228360571979
758b9e24ab1c5b016c167b6d,dependency_path,appos>cc,-0.13894537448849292,0.9,-0.09670431962633215,2.108971145239832,2,2,0.8630273938179016,1.0,0.04022257885252807
01af7c8fa60cbfec46161e93,pos_4gram,NOUN>PART>NOUN>ADP,0.13597974716515418,0.95,0.18526340231933738,2.212886701045081,8,9,0.7696460485458374,1.0,0.04020706978707865
d2f4b104fbee1e8380bb3d39,pos_4gram,NOUN>X>X>PART,-0.12748547733787044,0.95,-0.12356907905781607,2.013566426366608,3,6,0.8936212658882141,1.0,0.0401886623143058
60f76ad1b2dacb180fdc06c4,dependency_treelet,VERB>case>ADP,0.14322782544621096,0.9,0.026895870248268592,2.231341138376261,10,9,0.7438512444496155,1.0,0.039892118281997374
c493678c9afa8abb25813f3b,pos_3gram,PRON>AUX>NUM,-0.10670994286167873,0.95,-0.22857466041831054,1.5558264598293974,3,4,0.8430314064025879,1.0,0.0396640567393459
1448dcc7b9531ae4f124c331,function_word,吗,-0.05178052226958484,0.9,-0.4647162283725526,0.17496969550373367,2,2,1.0,1.0,0.03966269957511281
cf0ff48706d5befbca31cead,pos_4gram,VERB>NUM>PART>NOUN,0.1445398314185062,0.95,0.15760498134930737,2.4730505458167555,2,5,0.745250940322876,1.0,0.03953666611992516
2cef03bf72fb58087624efb1,pos_4gram,VERB>NOUN>AUX>VERB,0.15423490294124986,1.0,0.19156505812067487,2.911605586223156,5,8,0.7078584432601929,1.0,0.0394300753338915
9ca042ce5190bde88b1a7a58,pos_3gram,NOUN>SCONJ>X,0.06695781862300597,0.6,0.10831995186369289,0.01991360711107986,5,7,0.8806238770484924,1.0,0.039390288445703726
0f8a4f65e0ec8fb1832e224c,pos_4gram,X>X>X>VERB,0.10554878615140685,0.9,0.19143474255898846,1.4217418477127552,5,8,0.8086382746696472,1.0,0.03922544742990851
4a73cbf7ae25314cf1a2dea3,function_word,各,-0.1688892222246838,0.95,-0.12554260631224076,3.1145121455827094,2,3,0.7994400858879089,1.0,0.03899484445214268
60d44d3a5bd29a944e89e258,pos_3gram,ADP>X>PART,-0.19524790980901902,0.95,-0.1400559656250938,3.7776176698753368,4,5,0.7120575904846191,1.0,0.03882385053289707
03baf441807b6180d0a96890,pos_4gram,AUX>VERB>CCONJ>VERB,-0.08732853610165628,0.95,-0.051167124539942654,1.1386756382953358,2,2,0.7362527251243591,1.0,0.03879134722958723
d402f830becac012ac717144,pos_4gram,NOUN>NOUN>NOUN>SCONJ,0.16252528517828288,0.95,0.2241040677305344,2.9840596046173014,7,9,0.7072585225105286,1.0,0.03875419452571165
69b61464090bc3dd5b4c0db6,pos_3gram,X>X>ADV,0.13565789535427714,0.95,0.17746011582170448,2.3379764681709942,6,8,0.7544491291046143,1.0,0.038608720527373526
42409b797ae683d02b806be6,pos_4gram,NOUN>SCONJ>VERB>ADV,-0.1841964284028793,0.95,-0.18974204792724786,3.5387034097158154,3,3,0.670465886592865,1.0,0.038554316329229336
7fa785996da67d6276130ae2,pos_4gram,AUX>AUX>VERB>VERB,-0.06604969693845482,0.9,-0.03880199978038494,0.5449261656070721,3,5,0.9170165657997131,1.0,0.038477390420305804
1d05e16a648de395a59e308a,pos_4gram,PART>NOUN>VERB>NOUN,0.11755002081008324,1.0,0.11412521141608874,2.0571969726209294,5,8,0.7934412956237793,1.0,0.03845026076592894
fa078ec0d2e6b1619e833cfb,pos_3gram,NOUN>AUX>NUM,0.1552221071916265,0.95,0.03515039217113463,2.840097674755204,5,6,0.7178564071655273,1.0,0.03840032580458918
19c95ad4ff927d6da48610f2,pos_2gram,NOUN>DET,0.1554048194155956,0.9,0.06234631547975941,2.6431813462869904,8,9,0.7270545959472656,1.0,0.0383907151963712
792ec37fb0eb888bca02f41f,dependency_path,parataxis>advcl,0.15279625987099563,0.8,0.17918491532594988,2.1842647434851976,10,10,0.7348530292510986,1.0,0.038387828193898015
9fe67eddd26a4b88a7bd58e4,pos_4gram,X>VERB>AUX>NOUN,-0.13801028995325054,0.95,-0.08345078377638647,2.416623722904068,3,4,0.7784442901611328,1.0,0.03837407513641773
0e757f2e31232b07367c596f,pos_4gram,ADV>VERB>X>NOUN,-0.18229566105014866,0.95,-0.17493959546265078,3.5251311154807152,4,6,0.8274344801902771,1.0,0.03827090830698368
a77c4175c5cc4884b1153c53,dependency_treelet,PART>nsubj>NOUN,-0.10108217345068758,0.95,-0.0800601047428095,1.5119513353135388,4,5,0.8416316509246826,1.0,0.03822847338965948
60cf6c6e31890a25530c5b5e,pos_3gram,X>VERB>PART,-0.14134693001817045,0.9,-0.1197081783454986,2.3326020502943674,7,9,0.7532493472099304,1.0,0.03817204547573173
961465d8f6bcd565b45c5af3,pos_3gram,CCONJ>VERB>VERB,-0.13036037365265474,0.9,-0.09798741388706973,2.078262501348731,3,5,0.7872425317764282,1.0,0.03811381785535963
a1572d3b0a50eaea45237e2a,pos_3gram,NOUN>VERB>NOUN,0.1877394824525105,1.0,0.27684446224577297,3.9490041915785676,10,10,0.6622675657272339,1.0,0.03793479964554806
9367d04c0e058b9862751bb6,function_word,便,0.11031642386384057,0.95,0.13353999841925215,1.7719295856389479,2,3,0.8686262965202332,1.0,0.037807815614656494
036ec01646e4bfd42aa8e505,pos_4gram,NOUN>VERB>X>AUX,0.11121551661030446,0.95,0.1396638892875585,1.8265652691081138,3,4,0.8536292910575867,1.0,0.0373791972662026
bf297992b84a4501f203ee8f,pos_4gram,DET>NOUN>X>VERB,-0.09507195758926304,0.9,-0.10172616942704185,1.2919871896919342,2,3,0.8536292910575867,1.0,0.03733212917382732
ece170ce2857340f441af6fa,pos_4gram,NOUN>NOUN>NOUN>PRON,-0.14250979031414002,0.9,-0.2280588850441582,2.439237000716551,2,4,0.7424514889717102,1.0,0.03729280978775345
2405c0b7300fa0110fe13f3b,pos_2gram,NOUN>CCONJ,0.07350164226558907,0.85,0.16131499170730923,0.6784068908032497,10,10,0.8822235465049744,1.0,0.03722362930472172
3816d9804cb8f043e86bab8f,pos_3gram,ADV>AUX>VERB,-0.12771308698977898,0.95,-0.2618233483658254,2.26599441661334,7,8,0.7726454734802246,1.0,0.03714869566926573
c62e44e2297b52fefa224fa7,pos_4gram,VERB>NOUN>VERB>ADP,0.19569201559039867,0.95,0.2414712584280528,4.020929485246739,3,5,0.6474704742431641,1.0,0.03702649387073454
2c867ae94f283c5b2fb95d9a,pos_4gram,NOUN>NOUN>ADJ>ADV,0.1505266660455054,0.95,0.19372042242356208,2.8750326464721176,2,2,0.8780243992805481,1.0,0.03690300077172758
3e6ef70b4fc652d6e02ed71d,pos_4gram,ADJ>NOUN>NOUN>ADV,0.06787084138610702,0.9,0.12145279662778267,0.6643145995335527,2,3,0.858228325843811,1.0,0.0367020497594721
1efccaa08b696e0dceedd249,pos_3gram,ADP>ADV>AUX,0.10786414399566556,0.95,0.023905857878986154,1.8006388082833173,1,4,0.8602279424667358,1.0,0.03658841564746186
38e224714095eb9bdd392a63,pos_4gram,SCONJ>NOUN>PART>NOUN,0.08811038151272715,0.65,0.19910229591595258,0.5684997617988835,5,7,0.8322335481643677,1.0,0.03651371162313007
24d16f34df16e25d7ecfeb34,pos_3gram,NOUN>AUX>SCONJ,-0.11695400010751814,0.9,-0.1773369629070614,1.896500761618101,2,3,0.8598280549049377,1.0,0.03633991797673986
8bf8525c202259c05f61385b,function_word,不能,0.17053723043610702,0.95,0.21037982090098045,3.47771148866797,5,5,0.865626871585846,1.0,0.03618151131985874
fd78ff81ac2c699ff64415ff,pos_3gram,X>ADV>ADP,0.11588686714455257,0.95,0.15884604021511664,2.0860572144950464,2,2,0.8606278896331787,1.0,0.03567416808419047
1cce847dfd9a90685e07133c,pos_4gram,ADP>NOUN>NOUN>VERB,-0.11006375919609346,0.95,-0.06132701490816935,1.9312030828456423,8,9,0.843431293964386,1.0,0.03567155474426572
9dd5c5fa28a50ee4e05e0076,pos_4gram,NOUN>PART>AUX>VERB,-0.16476018662878342,0.95,-0.1211215373550716,3.408470136895418,2,3,0.7362527251243591,1.0,0.03550487412569206
8998aa722ab3569e88f845ae,pos_3gram,X>SCONJ>ADV,0.12057775231842899,0.95,0.0629257825812215,2.2307068063633624,2,3,0.790841817855835,1.0,0.035456286060030685
ea0a1c4a6961248573a144f0,dependency_treelet,ADJ>mark>SCONJ,0.14494315628079987,0.9,0.03975399099604301,2.6878912686513905,10,10,0.72965407371521,1.0,0.03537220355751518
ca061d3d5f29dd61b29ea961,pos_4gram,VERB>NOUN>NOUN>ADJ,-0.1141790138087903,0.9,-0.058112045232957946,1.9198831047857434,3,4,0.8010398149490356,1.0,0.035193570680786455
2b7ca7f1856e54aa6928f111,pos_4gram,NOUN>VERB>VERB>AUX,0.12792273749098054,0.95,0.17312156965982084,2.4612146449347567,4,7,0.7612477540969849,1.0,0.035110969149017415
035839dce8c302c03a2fcf29,pos_4gram,DET>NOUN>PART>X,-0.14548980449370963,0.95,-0.13817561554284657,2.9439674339025217,1,4,1.0,1.0,0.03504474024833955
948e51353ddee2562b9ca225,pos_3gram,ADP>PART>NOUN,0.16769340036783226,0.95,0.2042451023393477,3.5611234607836093,7,10,0.6950609683990479,1.0,0.03492751987951475
48bcb42ad41ae9a6203b5163,pos_4gram,NOUN>SCONJ>ADV>AUX,-0.2068446821320658,0.95,-0.18105031916669578,4.62818565277597,4,4,0.6750649809837341,1.0,0.034913995406058135
09fdc88a6cba010393c5294d,pos_4gram,PROPN>NOUN>PART>NOUN,0.13342784230147123,0.95,0.04118239556011487,2.659030020835318,2,3,0.8588282465934753,1.0,0.03464209079035118
c25c855378a2ecaff18d9331,pos_4gram,VERB>PART>X>X,-0.08976660183563734,0.95,-0.07973824445443226,1.4663308657124536,3,4,0.8834233283996582,1.0,0.0345769794837405
1531aba59a2b74f21bde9b83,pos_4gram,NOUN>NOUN>NOUN>DET,-0.18631022952305692,0.95,-0.18009614767866555,4.1219846291816,5,5,0.6606678366661072,1.0,0.03455588621615692
8db733e529a121f3b770ced9,pos_4gram,ADP>VERB>NOUN>NOUN,0.1306463361984084,0.9,0.16473415320094306,2.406266223914732,6,7,0.7564486861228943,1.0,0.034519234507581736
e09585dc23924f60978cb6bd,pos_3gram,ADP>ADP>DET,-0.13024053909725014,0.85,-0.18231919044412528,2.2083183813234397,3,3,0.8008398413658142,1.0,0.03450544649094232
9f599b102788e12ba4832cb5,pos_3gram,NOUN>ADP>VERB,-0.12914909257304183,0.9,-0.11124575421400149,2.374992087006429,9,10,0.7646470665931702,1.0,0.03443983876680308
1a26f78664da133dc58a36a9,dependency_path,obj>nsubj,-0.18438247723105947,0.9,-0.13088308533568974,3.837421088315343,5,6,0.6692661643028259,1.0,0.03430427628241568
b15bb36c48192a061ddf5d9d,pos_3gram,NOUN>NUM>VERB,0.11937000174882711,0.95,0.16344603679131312,2.315448449291693,4,4,0.7060588002204895,1.0,0.03420397071340761
df70abc1dd462706a8260135,pos_4gram,PROPN>NOUN>NOUN>PART,-0.19431355259559963,0.9,-0.1824154626184057,4.11381830642965,3,4,0.7006598711013794,1.0,0.034197968495704806
797378c85197aa706740699f,pos_4gram,X>VERB>PART>NOUN,-0.17385946739295313,0.95,-0.14735558041153782,3.8340041920310117,6,4,0.6850630044937134,1.0,0.034167635662291515
136920cfa0e40b03509799db,pos_3gram,ADJ>X>NOUN,0.13948006185027412,0.95,0.19211870150947727,2.8829631446946644,4,3,0.8558288216590881,1.0,0.03412498492003584
1d7a7ee07086f2f634947327,dependency_path,compound>nummod,-0.08637490030153681,0.95,-0.047564706498009736,1.4099744207856708,3,1,0.7148570418357849,1.0,0.034048558598273014
f8efb02219ef5e51e7fcd59c,dependency_path,conj>advmod,0.14987457367677465,1.0,0.13362773663933825,3.405158687246559,6,8,0.7468506097793579,1.0,0.03402251412887322
3dff2f76712c6979ee0968de,pos_2gram,PART>DET,-0.09037633976912503,0.75,-0.08056090728626916,0.9979795614441912,6,8,0.8344330787658691,1.0,0.03392539950601347
16767549a04206a3800d6572,pos_3gram,ADV>ADJ>X,-0.11578604969538578,0.95,-0.07792263288633317,2.257096674366901,2,2,0.880423903465271,1.0,0.0337714100033574
3c932714a0ce874b165fea09,pos_3gram,VERB>ADV>NUM,-0.14116573478884362,0.9,-0.09966146532361965,2.804498855092516,2,2,0.8588282465934753,1.0,0.033394453816143865
5a8af366b8f01d03e91dddd3,pos_3gram,SCONJ>ADV>AUX,-0.1793543464288338,0.95,-0.2717260980692915,4.108427333788156,4,5,0.7176564335823059,1.0,0.0333540281527391
28cc6357a5b3e55c907e757b,pos_4gram,VERB>PART>NOUN>AUX,-0.12495602459085339,0.9,-0.08261940357258969,2.3755217086814775,2,3,0.8534293174743652,1.0,0.03331645648805398
16d6989fd4f2eb182cd9af70,pos_3gram,VERB>DET>PART,-0.06770682705388426,0.9,-0.040973949983989316,0.8296806550482627,3,4,0.9300140142440796,1.0,0.03330425130766247
53b3c1905e59affa37f9ae9d,pos_4gram,NOUN>NOUN>X>NOUN,0.12414710078980765,0.95,0.19431980060873238,2.5587265922659603,7,9,0.7690461874008179,1.0,0.033140996559452206
354789116b19eaa6454e3de2,pos_4gram,VERB>X>VERB>NOUN,0.18419703474381455,0.95,0.216752286420001,4.290054233265095,3,5,0.7166566848754883,1.0,0.033078523449960796
f2f66c613567394e0481785f,pos_4gram,SCONJ>VERB>X>NOUN,0.10725090824307143,0.9,0.17651693420443934,1.9213647063504402,4,3,0.7578484416007996,1.0,0.033041344413087904
f5c85701a87415a406e691e0,pos_4gram,X>X>NOUN>NOUN,0.13654169455002776,0.95,0.23051704425159128,2.946674182901737,8,9,0.766646683216095,1.0,0.032866814895562396
570670516fcb7b6f9e3ddf97,pos_3gram,VERB>ADP>PART,0.09937639021874928,0.9,0.16389791161442271,1.7251649293949864,2,4,0.8524295091629028,1.0,0.03281957368236448
f7e25a1b72472b04c9a2e335,pos_4gram,VERB>ADP>AUX>VERB,0.1363174045456919,0.9,0.148291746394009,2.7530072497537494,2,3,0.7168565988540649,1.0,0.03268996192298127
c57ec5e30f240a7f61f22cb5,function_word,还,-0.050814811516258926,0.8,-0.07065507265715039,0.2451204167705118,9,9,0.9040191769599915,1.0,0.03264892990707395
f70ee740ab98160dfb6dbb55,pos_3gram,PART>ADV>AUX,-0.12645658337126817,0.85,-0.24140041041881952,2.303683703526371,3,3,0.6648670434951782,1.0,0.032535831366315285
82a7edc2f3975fb9ca0334a8,pos_4gram,NOUN>AUX>VERB>SCONJ,0.18672042166409172,0.95,0.17027403603272587,4.45516152535733,3,5,0.6892621517181396,1.0,0.03251680078698823
e035bbeb6ee162fdaca55798,pos_4gram,SCONJ>ADP>VERB>VERB,0.1698966478817928,0.9,0.23022769090081113,3.7085268778430134,2,3,0.7178564071655273,1.0,0.032474484496021506
45c4c8fdc996068629d68e44,pos_4gram,NOUN>AUX>ADJ>PART,0.1461282408454064,0.95,0.09834587173317728,3.281385314331954,3,5,0.780643880367279,1.0,0.03242451183695834
27f0d4a8ad18763d6d53e8b5,dependency_treelet,X>csubj>VERB,0.1645324073760481,0.95,0.055738676010020624,3.8393896690568097,2,4,0.7150569558143616,1.0,0.03229865699938758
d4337822c88db0ea8e3003f6,dependency_path,ccomp>amod,0.11885502257402641,0.95,0.054654733364928744,2.496894945177445,3,6,0.7992401719093323,1.0,0.03228929470730655
c4f102d5f287c99bb63d2c08,pos_3gram,AUX>AUX>ADJ,-0.1472166774118269,0.95,-0.09555689687796612,3.339714965092274,3,2,0.9384123086929321,1.0,0.03222696528832092
5f37e67face1b4e5ebc62a7e,pos_4gram,X>X>NOUN>SCONJ,-0.13799691022610122,0.95,-0.10416513926994848,3.079992650000807,2,2,0.7348530292510986,1.0,0.03213169139281911
cc678bdaa67d141c577959d6,function_word,据,0.10007989618973599,0.9,0.15243402804969564,1.8052836441297782,3,2,0.896020770072937,1.0,0.0321079498535712
f5805f325f96f15e2a830fad,pos_4gram,AUX>VERB>ADJ>PART,-0.05157291064472198,0.9,-0.047008157873277744,0.44941685013189114,2,3,0.934613049030304,1.0,0.032023651150479
d2eca55241f639bec2fb4a06,pos_2gram,NUM>ADJ,0.15229114988674694,0.95,0.10070971399053702,3.541793701756331,4,4,0.7516496777534485,1.0,0.03185450548677773
442c2b99154d4287eca3c468,pos_4gram,X>ADP>X>X,-0.12083627805309673,0.9,-0.07425304041314747,2.425520497711185,2,3,0.7902419567108154,1.0,0.03174777389901822
9ed63f4862d6fe763a8cfad3,pos_4gram,VERB>PART>SCONJ>VERB,0.09872484128168361,0.95,0.020519192743638885,1.9568751649610656,3,4,0.9344131350517273,1.0,0.0317188227386104
b0763354851353b3d62e7ec4,dependency_path,ccomp>mark,-0.12471014935294063,0.95,-0.2318962901168996,2.739498416133733,10,10,0.8370325565338135,1.0,0.03168196070738934
2cbd9b41d282953fb5705a7d,pos_4gram,SCONJ>VERB>AUX>NOUN,0.07184696553016004,0.65,0.09941511550864846,0.48085314691928355,5,7,0.8558288216590881,1.0,0.03153623145668307
556067179ce3f927311eeab6,pos_4gram,VERB>ADP>PART>NOUN,0.08445559250451841,0.9,0.13996330690534825,1.4174985268770053,2,3,0.8622275590896606,1.0,0.03144160478652226
bf5c81f75f46c6585b869f28,pos_4gram,DET>NOUN>NOUN>PRON,-0.17248653643034728,0.95,-0.3149797974894161,4.213979543884795,3,3,0.7336532473564148,1.0,0.03142747458628129
f967f78accdca5520dfaf484,pos_4gram,NOUN>VERB>DET>NOUN,-0.060758271093182686,0.7,-0.1052531165020456,0.36936377255117236,4,6,0.9246150851249695,1.0,0.031058795783673716
7aa5d44fa8bb5286b8a3629b,pos_4gram,PART>X>NOUN>NOUN,0.1225242523282319,0.9,0.13364492858447777,2.555789650939259,5,6,0.7848430275917053,1.0,0.03101190956733914
50da9de4a4f777c9afdda2fe,pos_4gram,ADV>VERB>ADV>ADJ,-0.14193286548729533,0.9,-0.1438234954535295,3.119799267700881,2,4,0.8578284382820129,1.0,0.03100626283907587
523ff0bd7f9c779db0d95936,pos_4gram,ADP>X>X>PART,-0.08326088299645491,0.95,-0.11936930430704837,1.5520481364272483,1,3,1.0,1.0,0.03099386634507825
72e0c195e54bfea6662bb41d,pos_2gram,ADP>PART,0.14834834107180456,0.9,0.20534658618822182,3.312871237489639,9,10,0.728054404258728,1.0,0.03095698888574687
8c1693dbcca9d0dd5a6ab1b9,pos_4gram,VERB>VERB>VERB>PRON,-0.09178834830127132,0.9,-0.3570364108562161,1.6983968730243877,2,2,0.8550289869308472,1.0,0.030614293359506713
7af0a54a0b3ad30b66bc11b8,pos_3gram,ADV>SCONJ>VERB,-0.16775742095397064,0.95,-0.32880123527559935,4.218483878447112,4,4,0.7076584696769714,1.0,0.030539435134500487
e1ae56a224729fc1220f63ba,pos_4gram,VERB>DET>NOUN>PART,-0.0787826166550404,0.9,-0.06015523793340474,1.3363786674131892,5,4,0.8560287952423096,1.0,0.030347972260866777
7c71fa1b38335de1848d36cf,dependency_treelet,PART>det>PRON,0.08149739084406123,0.9,0.004702587677701976,1.4237029729263608,2,3,0.9294140934944153,1.0,0.030262640504622434
f8714f28c900da1aa5d27838,pos_4gram,SCONJ>ADP>NOUN>ADP,-0.10591323027766213,0.9,-0.12779831960634538,2.161597051247813,2,3,0.7174565196037292,1.0,0.030149922872769144
513386e3074b301560a14deb,pos_4gram,NOUN>NOUN>PART>NOUN,0.16920619614298968,0.95,0.2762498280850773,4.347720903040447,10,10,0.7048590183258057,1.0,0.030058765079615152
02a337be6f6c7790db637c20,pos_4gram,ADP>VERB>VERB>PART,0.09796331007543391,0.9,0.1503376282942809,1.9354648245419037,3,2,0.8626274466514587,1.0,0.03003509983521928
85d702bd2704bb0089d82776,function_word,各种,0.11853483873892513,0.95,0.021295827094046243,2.7580610302876147,2,2,1.0,1.0,0.029964414067368318
a018393a9573763f0848fded,pos_4gram,VERB>ADJ>SCONJ>X,-0.19502219237027762,0.9,-0.14774520081680428,4.89274877831701,4,6,0.6518695950508118,1.0,0.02978575529625395
6f516817862be7e3417e38e4,pos_4gram,VERB>AUX>VERB>NOUN,-0.14143576054061868,0.9,-0.11412957799403962,3.2899071205936763,4,5,0.7606478929519653,1.0,0.029672480291121305
709033dc30aab42cf4158606,pos_3gram,NOUN>VERB>DET,-0.08934348375715988,0.95,-0.11520498871100077,1.8794620268872306,6,8,0.8294340968132019,1.0,0.02947644691152787
eba41c8dcc4e8a019de6644b,pos_4gram,ADP>VERB>AUX>NUM,0.166079311706017,1.0,0.014719009644053878,4.655985648578313,1,3,0.85542893409729,1.0,0.02936346059289642
290effb25f15b303c0aeb21d,pos_4gram,SCONJ>VERB>NOUN>VERB,-0.13584838271334396,0.95,-0.258503240944484,3.4278261824666925,5,5,0.7994400858879089,1.0,0.029146574020613686
a7367e02ad2e6bdfd95f5a4b,pos_4gram,VERB>NOUN>NOUN>ADV,-0.13077790682580034,0.95,-0.14078027583739117,3.264569546906743,5,5,0.7674465179443359,1.0,0.029132837468819256
b221575ac92fe843a3a611da,pos_4gram,NOUN>X>ADV>VERB,0.15519355268656843,0.95,0.1475336053652454,4.071355144479298,2,4,0.7946410775184631,1.0,0.029071889239060143
fa25217d724b30d7abbaa4db,pos_4gram,VERB>DET>NOUN>X,0.15387025664814433,0.95,0.16645181749393329,4.044372146878818,2,4,0.7854428887367249,1.0,0.028978183916542184
34352db7f086784d35e122d5,pos_3gram,VERB>VERB>CCONJ,-0.1246147315274346,0.9,-0.06316582370995139,2.8956585351036543,3,4,0.7774444818496704,1.0,0.028789293867540422
731f15917934cac3dc46847b,pos_3gram,ADV>ADV>ADP,-0.13006212086404093,0.95,-0.12416458549388264,3.319090256627013,3,2,0.8696260452270508,1.0,0.028607648249826596
ec7508e2e3f0a875517abd16,pos_4gram,AUX>NOUN>VERB>NOUN,-0.09303216262674123,0.95,-0.05029359230303083,2.0922130458818877,2,3,0.8284342885017395,1.0,0.02858165112947396
6c3afeb250cf0e7e0a6b56b9,pos_3gram,VERB>CCONJ>VERB,0.10717684455549578,0.95,0.18544907181831055,2.5630108466388073,8,8,0.8760247826576233,1.0,0.02857639415377356
b0265124a725d3c06b9ff3f4,pos_4gram,SCONJ>ADV>AUX>VERB,-0.1563699505614551,0.9,-0.2145399877430053,3.9544476582702757,3,4,0.716056764125824,1.0,0.028405377392652295
de9fcb1c69c91e65ceb7d7ea,pos_3gram,ADJ>ADV>ADJ,0.1650670354389956,0.95,0.11613816098000063,4.526945951150353,4,3,0.8586282730102539,1.0,0.0283725741219538
6639a7f3136d8aa1771fa0e9,pos_4gram,AUX>ADV>VERB>PART,-0.11501675627233365,0.95,-0.105508699756786,2.852305907679873,2,3,0.7394521236419678,1.0,0.02836376992826214
dc44a1a4dc1c1daef5a3f42b,pos_4gram,VERB>PART>CCONJ>NOUN,-0.12458174604011511,0.9,-0.10245558775900565,2.988638573013404,3,5,0.7962407469749451,1.0,0.028110737381601008
26609363efcdfdbbed292d0f,pos_4gram,PART>NOUN>ADJ>SCONJ,-0.10990010051063397,0.9,-0.06440835009622493,2.5312634712550532,2,2,0.715256929397583,1.0,0.028009830267469886
a994652c5df9f8484a66870c,dependency_treelet,X>det>DET,-0.14027438132417766,0.95,-0.1162960345710809,3.766843846123096,4,6,0.7788442373275757,1.0,0.027955743162501635
8fb9d3c08a3a7b425c1818bc,pos_3gram,NOUN>ADP>DET,0.11114121146530308,0.8,0.08288097582484553,2.1936620268158227,8,8,0.8000400066375732,1.0,0.027840444112645
1eb509936b91e459d1f5307f,pos_3gram,NUM>NOUN>DET,-0.07158575557089242,0.9,-0.1615554213016088,1.325651802817811,2,4,0.9636072516441345,1.0,0.027702848696327536
22dd4d69daf7f15596838506,function_word,们,0.09436619165278169,0.95,0.07806186096746871,2.24618487579356,1,3,0.5946810841560364,0.9895152645881432,0.027616382153289203
4f11ffef78001c3fd37b52cd,pos_4gram,VERB>SCONJ>VERB>ADP,0.1564672662812237,0.9,0.1013682936426232,4.10414690779876,2,3,0.7286542654037476,1.0,0.02758943701991374
5024b2cc5b1da53d42ae1db3,pos_4gram,NOUN>NOUN>VERB>ADV,-0.1260104334096937,0.95,-0.25042413652319945,3.339790261127255,4,5,0.7872425317764282,1.0,0.02758426203484647
e4b2594ec70b079a320fd5ba,pos_4gram,PROPN>PROPN>ADP>NOUN,0.06979602634268105,0.95,0.021066349109072683,1.4149334667405487,1,3,1.0,1.0,0.02745675023297471
5f04ef6d3e1ffc6bfd8c1936,pos_4gram,NOUN>ADV>VERB>NUM,0.11425933114574127,0.95,0.1693765110204005,2.9878822317975904,5,8,0.7916416525840759,1.0,0.027219049680793986
f9c2a94cccce3d13c4f27b9b,pos_4gram,ADV>ADP>NUM>NOUN,0.06454124362714335,0.95,0.08304561266429518,1.2623238581312122,2,2,0.8794240951538086,1.0,0.02710230068317214
cac2da2ac968228b94704c70,pos_4gram,AUX>VERB>SCONJ>VERB,-0.12352843368096565,0.9,-0.16574735967320567,3.12834673659437,2,4,0.8274344801902771,1.0,0.026929809293243148
8dd2e7d0c1338648f18089de,pos_3gram,ADP>ADV>ADJ,-0.0972974559946998,0.9,-0.11434194573019185,2.2618478069782677,5,5,0.819236159324646,1.0,0.02684604419859533
efc8214f96dae515821fcc7b,pos_4gram,NOUN>VERB>ADJ>PART,0.08513444701396342,0.9,0.10801972444769235,1.858273705626354,3,4,0.7888422012329102,1.0,0.026806740782641933
32c34b5e9e5d82e727164ae0,pos_4gram,NOUN>ADV>AUX>ADV,-0.07994948326921954,0.95,-0.04441601590944067,1.834672217620146,1,3,1.0,1.0,0.026793930047236358
805ace05cf7002e7b0be93a8,pos_4gram,AUX>VERB>NOUN>SCONJ,-0.06571307954779995,0.9,-0.05368588338427483,1.2074470660674452,2,5,0.9066186547279358,1.0,0.026791931957118546
53e52560e2f0214c46bcc81f,dependency_treelet,X>appos>X,-0.10558765169741446,0.95,-0.03698008928874989,2.8008016304960424,6,7,0.8246350884437561,1.0,0.026391345527667674
88e403ee619ec74a12612d9e,dependency_path,obl>appos,-0.11531482719967363,0.95,-0.04935816330181413,3.175970281609306,8,8,0.7876424789428711,1.0,0.026233205327666435
0f1a63cf811fc18fc4143a30,pos_4gram,NUM>NOUN>VERB>SCONJ,-0.10831575330288935,0.95,-0.062141723112321974,2.9242660266049336,5,6,0.8674265146255493,1.0,0.026221455156231716
06d704b0850273d2e0e6a850,punctuation_run,”。,0.13856367591352578,0.95,0.1262092239101995,4.038970381466354,4,7,0.7632473707199097,1.0,0.02612348994985424
dbfdfdd25a871ea34c4bebf6,pos_4gram,PART>NOUN>NOUN>AUX,0.07319222412252967,0.95,0.04203488802921132,1.6896908252895477,3,6,0.8924214839935303,1.0,0.02585152622845339
1be89dc9df904655e38a1c93,pos_3gram,ADV>VERB>PART,-0.09289331568233318,0.85,-0.16098005131247603,2.0593695801846175,5,5,0.834033191204071,1.0,0.025809015962438384
fcbd4aa95cbcba60a9390a54,pos_4gram,NOUN>VERB>ADP>NOUN,-0.09128246913645403,0.75,-0.00831347075658969,1.6631830712175981,7,7,0.8382323384284973,1.0,0.025706776448169596
a8814acef42e59fb5f80bdf5,pos_3gram,PART>NOUN>X,0.1402817870005886,0.95,0.23709839340277847,4.217002030744193,7,10,0.735852837562561,1.0,0.02554488130639061
957df1956b373e215fc0debf,pos_4gram,PRON>AUX>NUM>NOUN,-0.06775098393577461,0.9,-0.15306249023596905,1.3997975154516606,3,4,0.9004198908805847,1.0,0.025408762676679835
6751ae0a5dcdd5fe12b038b6,dependency_path,advcl>obj,0.16068261419472535,1.0,0.1515313011447514,5.328103579089017,10,10,0.7086582779884338,1.0,0.025391906467159463
25d265163dcf42e92b62d22f,dependency_treelet,NOUN>cc>CCONJ,0.0898137923005973,0.9,0.19942392744461773,2.1854233715779943,10,10,0.8762247562408447,1.0,0.02537572047463657
c384816e61d30f6dcde7c1bb,pos_4gram,NOUN>NOUN>AUX>VERB,-0.10693043161546587,0.85,-0.06201138532019247,2.584016090339692,9,9,0.7992401719093323,1.0,0.025360061055008095
c547f6aaa0617cb09cf75be3,pos_3gram,ADV>ADJ>NOUN,-0.10731744299958458,0.9,-0.08412886890506231,2.809168958670146,6,8,0.8140372037887573,1.0,0.025356107788231594
83f6ce4d62a861fb4c1fa179,pos_4gram,ADP>NOUN>ADP>X,-0.12577818127320758,0.9,-0.13615019626129402,3.4731429141794194,2,2,1.0,1.0,0.025306672582951217
d4e25370b1a4eddf0e21e090,pos_4gram,NUM>NOUN>CCONJ>NUM,-0.11908696822078264,0.95,-0.07958133418315248,3.4980537156175995,2,2,0.8628274202346802,1.0,0.025151460378727376
1b960bdcafd1095eb6cc3b46,pos_3gram,PART>NUM>NOUN,-0.084862206922201,0.85,-0.049743243207430836,1.873215762036129,10,9,0.8432313203811646,1.0,0.025105276407349678
9709192d53f9703e85a7b594,pos_3gram,NOUN>AUX>X,0.04458018028816909,0.65,0.08593559119874059,0.1548854010903993,5,5,0.9102179408073425,1.0,0.025090902664412253
ef8614f25c333657efc9645d,dependency_path,nmod>mark,-0.10067218005444063,0.95,-0.18640832694594733,2.818577509060912,2,3,0.8586282730102539,1.0,0.025045601621227435
8094634b022986ecb97ef261,pos_2gram,VERB>NOUN,0.1454002693218368,0.9,0.2456278513003165,4.23841277832486,10,10,0.7474505305290222,1.0,0.024980895535975618
52439a0169ff19aac6071cfb,pos_3gram,AUX>AUX>NUM,-0.07487190758640874,0.9,-0.16843531983827614,1.7022280732450592,2,3,0.858228325843811,1.0,0.024936724436752194
4302ba2365d07f9bc9095329,pos_3gram,NOUN>X>PRON,0.14141244812945983,0.95,0.0791324833122493,4.39639294473676,2,3,0.7912417650222778,1.0,0.024894744896961935
66f3c2a6f4e6eed7c38bd94e,pos_4gram,ADV>ADP>NOUN>NOUN,-0.09172699178295926,0.9,-0.07091421388632566,2.331963127987436,3,5,0.8402319550514221,1.0,0.024776472437895065
1c7e1d53b9dd2e8ca38c01f7,pos_3gram,NOUN>SCONJ>PROPN,-0.10459249528183026,0.9,-0.2254937308869489,2.813481119790381,2,2,0.8546290397644043,1.0,0.024684335072523326
98eca953fed91a7e621d8172,pos_4gram,NOUN>PART>X>VERB,-0.12221636398964182,0.9,-0.0736711510984273,3.4857443839525195,2,3,0.7920415997505188,1.0,0.024520953085106042
0873b6779168b7984101d2f2,pos_2gram,SCONJ>NUM,-0.09786715797581819,0.75,-0.2331458556481863,2.0081596692821355,7,7,0.8368326425552368,1.0,0.024400423033189535
1229f8f2bdf6741fb1343071,pos_4gram,VERB>ADV>ADP>NOUN,-0.11582900817155048,0.9,-0.24651107219049945,3.2796630098705304,2,3,0.7886422872543335,1.0,0.02435848502883621
73f5ea90fef9b89bf99b791f,pos_4gram,AUX>X>X>CCONJ,0.14055121550867972,0.95,0.1928645688141798,4.4948666605454966,2,3,0.7910417914390564,1.0,0.0242997078877234
8e7466c28e30abf71f7849f1,pos_4gram,PRON>AUX>ADV>VERB,-0.15695738143431984,0.95,-0.3166570978955788,5.155865582124347,3,3,0.7382523417472839,1.0,0.024222347023884684
d34bead01db0b8d9e245842c,pos_4gram,VERB>DET>NOUN>AUX,0.051626221939039874,0.95,0.06159946527844716,1.0377456090524568,1,4,0.9314137101173401,1.0,0.024068220598396264
20b5911ca61cf7a3971e73aa,pos_4gram,NOUN>VERB>AUX>VERB,-0.16393139419474997,0.95,-0.07561612885149305,5.505687251541376,7,5,0.6936612725257874,1.0,0.023938258705583273
6abf45dfed3143b9094b1c40,pos_4gram,VERB>NOUN>PART>ADJ,-0.11115423320148742,0.95,-0.10696448166547491,3.4715118661799904,3,4,0.826234757900238,1.0,0.023615395575730423
f0e696f61b78386971038111,pos_3gram,PART>VERB>AUX,0.17240034466533935,0.95,0.1536188122952169,5.973587026115356,4,4,0.6962607502937317,1.0,0.02348580821014094
d77f5d6251794d48254c0dac,pos_4gram,VERB>VERB>SCONJ>AUX,-0.1430693463157099,0.9,-0.25076895692557205,4.488832662962537,2,3,0.8018396496772766,1.0,0.023458979274955855
526e266a14d1922451158dda,pos_4gram,PRON>PART>NOUN>ADP,-0.10744197094555626,0.9,-0.2750959161987796,3.1478814173919365,2,2,0.7224555015563965,1.0,0.023312569507303153
61a404320c345662fd284645,pos_3gram,SCONJ>VERB>PART,-0.13999324972295688,0.95,-0.24606552017812305,4.725836598713325,8,8,0.7356528639793396,1.0,0.02322692674581292
5977b6b543835a257250c176,pos_4gram,VERB>ADP>NOUN>AUX,-0.07514660117764634,0.9,-0.024150257826573738,1.9139271220174205,2,3,0.9212157726287842,1.0,0.023209894492164783
adb64ffc7a8c69e5e4cb7700,pos_4gram,VERB>ADV>VERB>X,-0.13776838665738522,0.9,-0.19222291706605577,4.367792322011,2,5,0.8136372566223145,1.0,0.023099170115656462
5f5162c06a86fc6a69640a23,pos_4gram,NOUN>PART>NUM>NOUN,0.0754821305754215,0.8,0.14286403378933304,1.6144510245105361,8,9,0.8650270104408264,1.0,0.02309689640166134
ae7cf0edb273fd0ca915fa83,pos_3gram,X>X>ADP,0.12051880078084706,0.95,0.17000710704546398,3.9697943138694893,6,5,0.7932413220405579,1.0,0.02303774633535294
62e6c02dba66cd269003b245,pos_4gram,ADP>NOUN>VERB>NOUN,-0.07967168988806733,0.95,-0.05480332485178668,2.294883596777131,6,8,0.9284142851829529,1.0,0.022971404958796664
c1f824dde364168b17101e3f,pos_4gram,VERB>AUX>X>X,-0.05859646954774825,0.65,-0.06202819862782714,0.7069844854932951,4,5,0.9138172268867493,1.0,0.022312859624514708
480cbca019e83ef15ab11218,pos_2gram,DET>X,-0.1199308360142526,0.95,-0.08831921889777478,4.163364029417204,6,6,0.6940611600875854,1.0,0.02206590384958774
11a6ec2b950674da2b57c41b,pos_4gram,AUX>ADP>NOUN>VERB,-0.1317601667961444,0.9,-0.08297707793202336,4.39247321194857,6,6,0.7762447595596313,1.0,0.021990679500043284
485da663098b742d1c8d6052,pos_4gram,NOUN>VERB>X>ADP,-0.12536442664619113,0.95,-0.10309082718574047,4.450730061777417,3,3,0.7108578085899353,1.0,0.021849587846778408
dbb899b3429e5fde7e2b5c4a,pos_4gram,VERB>ADJ>PART>SCONJ,0.13600782990377508,0.9,0.14603534722884437,4.61853681742219,2,3,0.7270545959472656,1.0,0.02178628544959121
2e4c1879703ecd75c2e2bde0,function_word,该,0.11975001097900533,0.95,0.19586244400333,4.226333267253654,8,6,0.8754249215126038,1.0,0.02176717492220607
9005cf7d3e5e74e1761f1911,pos_3gram,VERB>ADP>DET,-0.1023512674009489,0.9,-0.07908757227804136,3.234493328351996,4,7,0.8110377788543701,1.0,0.02175375741982909
7d4a800630fb283b7f4c2d87,function_word,它,0.13534003515202814,0.9,0.09069208534001494,4.60108527662834,10,8,0.7798440456390381,1.0,0.021746862549135895
7eed00ad9ac45decd2b68f5f,pos_3gram,VERB>X>VERB,0.12736908888923568,0.9,0.17673135713261842,4.272087437668372,8,7,0.7676464915275574,1.0,0.021743224359535514
5c9d2cf56de9b2f0a664f9fe,dependency_path,amod>obj,-0.08560451500351443,0.9,-0.014695361306397689,2.549919878529456,4,5,0.843431293964386,1.0,0.0217030429247542
03b998585dd89d6c2de59e99,pos_4gram,PART>NOUN>NOUN>NOUN,0.1469163123171747,0.95,0.26135430978413565,5.431391380985839,10,10,0.765047013759613,1.0,0.02170144661292901
33dec4bb893e74dc522a6d0b,pos_3gram,PART>AUX>NUM,-0.08603354533397065,0.9,-0.10383224710438348,2.5912043305501573,2,2,1.0,1.0,0.021561065223128534
3d5ac5ce44747026c075a549,dependency_treelet,PRON>case>ADP,-0.13389479944642277,0.95,-0.35337844110120104,4.906346621203106,7,9,0.7494500875473022,1.0,0.02153616569292903
3000c2e5eefc954a68815d6a,pos_4gram,VERB>ADJ>NOUN>SCONJ,0.0646778163236441,0.9,0.10949104450410603,1.7156898598551544,3,5,0.8956208825111389,1.0,0.021434713717414112
db903c5a94445d5d9c7bae25,pos_3gram,X>VERB>PRON,-0.12456907645132104,0.95,-0.12136856532264272,4.579588607620252,4,4,0.7882423400878906,1.0,0.02120956058787789
5e407462055643d86db2535d,pos_4gram,AUX>AUX>NUM>NOUN,-0.06643647780644345,0.9,-0.16021692229559398,1.8248721006973756,2,3,0.858228325843811,1.0,0.02116656184576925
26f3c38138f0aa529f78a278,pos_4gram,NOUN>ADP>NOUN>ADP,-0.08058741092024202,0.95,-0.07443427156231351,2.621579411047961,4,4,0.8758248090744019,1.0,0.02113940678497414
5a9d88f4552abc42074aa93e,function_word,不是,-0.13519459254460994,0.95,-0.12281542978100908,5.081788901214539,5,7,0.7676464915275574,1.0,0.021117941612825607
5d11aa464e80502fae2f59ec,pos_3gram,ADJ>PART>ADP,0.1477634653971422,0.95,0.1680490997313216,5.689244694650421,3,4,0.8180363774299622,1.0,0.020985223076014425
30757fefc9a991b1a063fca2,pos_4gram,X>X>AUX>VERB,-0.09316540675447756,0.95,-0.04498882818293805,3.2221726400282953,3,5,0.9264147281646729,1.0,0.02096246268512614
b452f8504a78acec347eae46,pos_4gram,ADP>PART>NUM>NOUN,-0.10884308706387655,0.95,-0.10159967336317721,3.935180983455203,1,4,1.0,1.0,0.020951801576745824
e1f670d6736c8976d824f480,pos_4gram,VERB>VERB>NOUN>NOUN,0.11269121194079905,0.9,0.19801101365775983,3.8451006978419895,9,10,0.798640251159668,1.0,0.020932916996316015
159764dc4eaf5feb5a9c6bf8,pos_4gram,ADJ>ADJ>SCONJ>NOUN,-0.0492601954546482,0.6,-0.09889986671660196,0.41646334106318883,3,4,0.9084182977676392,1.0,0.0208661363947508
91997194721ca3ff5c1a2ee3,pos_3gram,SCONJ>ADV>ADP,-0.09922096174822027,0.85,-0.199151057222174,3.0549482345259316,3,3,0.827034592628479,1.0,0.02079874084899317
d84f740449b349270d1b3641,pos_4gram,SCONJ>NOUN>SCONJ>ADV,0.09350322067548696,0.9,0.05162314198661424,3.0680553610250842,2,3,0.8588282465934753,1.0,0.020686271729284698
2320dc4e983101496ed9c85d,dependency_treelet,VERB>mark>SCONJ,-0.09731889270739601,0.85,-0.3240900085230073,3.0111690845246835,10,10,0.8196360468864441,1.0,0.0206226805846777
e56423d9d1b8c0c1c3a86a54,dependency_path,nummod>punct,-0.09751058964479216,0.95,-0.08915265745949867,3.4977584877608385,3,6,0.9286142587661743,1.0,0.020595827991793735
4bf6dd5832f20fa2ed1b4e2e,pos_4gram,VERB>AUX>ADJ>NOUN,0.14074354128357955,0.9,0.16935998825365647,5.152559575135588,5,7,0.7472505569458008,1.0,0.020588047236004228
17a8811a24acadd4f27eb190,pos_4gram,NOUN>VERB>ADV>ADJ,-0.14296514951165423,0.95,-0.228594517950107,5.637629309441975,3,2,0.7170565724372864,1.0,0.02046165667053342
eb164bd8a04995ad4f945adc,pos_4gram,VERB>X>X>AUX,-0.13179792355678177,0.95,-0.0843053834489878,5.148870254673849,3,3,0.7532493472099304,1.0,0.020362769450822316
b31d80f68d2bb39d866971ac,pos_3gram,ADP>ADJ>PART,-0.14404310947197652,0.95,-0.09721140295637164,5.801918340278093,4,6,0.7490501999855042,1.0,0.02011799424113389
0f5db3e7623bd3b573245d23,pos_4gram,SCONJ>VERB>PART>SCONJ,-0.09238361979421351,0.9,-0.17153119063166866,3.212040264005432,2,2,1.0,1.0,0.019739900998886777
aa24d50512b2a2c6397a9b37,pos_3gram,ADJ>PART>AUX,0.05478965577650251,0.9,0.05027026290064036,1.4996262230965576,2,5,0.9354128837585449,1.0,0.019727225512047065
6b2faa7190274d56464e203c,pos_3gram,AUX>AUX>VERB,0.0818139141586813,0.95,0.08097433709224904,2.9575257615061723,8,6,0.896820604801178,1.0,0.01963934618107628
060a7d8f9303cee29331bd6e,dependency_treelet,ADJ>nsubj>X,0.15454800581063913,0.95,0.11605329575517953,6.493755078388092,5,5,0.7602479457855225,1.0,0.019592394465030784
58df6724ab5f94e77b706c6a,pos_4gram,PART>VERB>X>X,0.13169583062437562,0.95,0.13525863608435312,5.425326256242662,2,3,0.8568286299705505,1.0,0.01947154651821805
fd9cd3d70709eb7afadc1c34,pos_3gram,ADP>PART>NUM,-0.10449160528486504,0.95,-0.09680367008297769,4.099058916997661,1,4,1.0,1.0,0.019467714854150078
5aa70934877705f834abad6c,pos_4gram,NOUN>PART>NOUN>SCONJ,-0.11181164892525162,0.9,-0.14353350394792938,4.174426973890951,5,7,0.8028393983840942,1.0,0.019447657593871997
97c7343d824b4aea267f2d7d,pos_4gram,DET>NUM>NOUN>ADP,0.06677094505410681,0.9,0.11642325670968656,2.0909989653989323,2,2,1.0,1.0,0.019441562815580002
eded223f5bd7031039ce6148,pos_4gram,NOUN>ADV>ADV>AUX,-0.07024911891746521,0.9,-0.11519126320335436,2.268598325987725,2,4,0.9368126392364502,1.0,0.01934291115645518
956cacc5bc0dc8331f660016,pos_3gram,ADP>SCONJ>NOUN,-0.12328915148612733,0.9,-0.14466973282760467,4.750937437279078,2,2,1.0,1.0,0.019294286809354137
30ab5577129debd6550ef845,dependency_path,advcl>case,-0.08294604383762533,0.85,-0.1742334542180885,2.6716045379267683,6,9,0.8614277243614197,1.0,0.019202541159782104
320c78c32f8afe21891731f4,pos_4gram,PROPN>PROPN>PROPN>NOUN,0.0756924796414801,0.95,0.1185652837217652,2.778138307966747,2,2,0.8762247562408447,1.0,0.019032616012965447
61fb382dc26e1ec92702b4cd,function_word,要,-0.15685477476442217,1.0,-0.2286893035831137,7.244402867865142,8,5,0.7462507486343384,1.0,0.019025607709662922
4983a6e34d1418aa031f1cff,dependency_path,amod>advcl,0.09631383512081741,0.95,0.035415236425914015,3.8100524887471408,3,3,0.8182363510131836,1.0,0.019022275448933566
169886625a470ff9b65c4456,pos_3gram,NOUN>ADJ>PART,0.09077385262199798,0.7,0.1362714248364728,2.3576541756971903,7,7,0.8220356106758118,1.0,0.018924431615178074
a407dc3dc41e271f43111ae3,pos_4gram,SCONJ>VERB>AUX>ADP,-0.04132453054492777,0.9,-0.03928676927795247,0.9736074275479883,2,2,1.0,1.0,0.018844719051672027
77a2cb5ea1037a259ff7e89d,pos_4gram,NOUN>NOUN>VERB>NOUN,-0.08212906720570379,0.75,-0.006706722190622996,2.2923755350841684,10,10,0.842631459236145,1.0,0.01870892300950813
956e4cad363416ff39a8ad7a,pos_4gram,VERB>VERB>ADP>X,-0.11047225426375304,0.95,-0.06873111336219037,4.623520557120684,2,5,0.9136172533035278,1.0,0.018662444723826253
07234f862e52a78b4f44e8d3,pos_4gram,VERB>NOUN>ADP>VERB,-0.13314867404531755,0.95,-0.07775534052055622,5.780704765366805,7,6,0.7558488249778748,1.0,0.01865458602314019
5dbb6fac2244dd72bd3c28e0,pos_3gram,X>CCONJ>VERB,0.0648664748799343,0.9,0.04754927350111306,2.1348529844927118,1,3,0.8628274202346802,1.0,0.01862282782660955
40cd868e9597c1239c7248a0,pos_4gram,VERB>PART>VERB>AUX,0.15043689367053753,0.95,0.13808123127532607,6.675707854942073,1,3,0.7182563543319702,1.0,0.01861913607029657
0abb94e3fb54b6e4cb3f5558,dependency_path,advcl>csubj,0.04710657374446852,0.9,0.060202535419304495,1.280023547083264,1,4,0.8598280549049377,1.0,0.018594508124381848
0a37b6af17eaa5c127b22a23,pos_4gram,NOUN>PART>NOUN>CCONJ,-0.10827550134715268,0.95,-0.05957900771059906,4.53574923511438,5,6,0.790841817855835,1.0,0.018581355822139167
2c52b8634c6ba5fb59a6074c,pos_4gram,NUM>NOUN>X>VERB,0.09254292448127521,0.95,0.055655529757232834,3.7361763914349986,3,3,0.691061794757843,1.0,0.018562606413097323
d4a9d1e719c86a959cf936de,pos_4gram,SCONJ>NOUN>NOUN>NOUN,0.10283256596656405,0.75,0.17176229599560672,3.157724156093169,6,9,0.8138372302055359,1.0,0.01854967322973958
8adbc799b56099b93adb25b0,pos_3gram,NOUN>NOUN>ADJ,0.07219837406253728,0.7,0.17846811631177806,1.726028284356903,10,10,0.8762247562408447,1.0,0.018539375447345626
5d45e3bc3a9431fe4f9d1b15,dependency_path,flat>flat,0.1020651112348651,0.95,0.1548651428283765,4.240728074552581,5,8,0.7758448123931885,1.0,0.01850160021542423
9bee953b3e9cd980679cf4da,pos_3gram,X>X>SCONJ,0.09723223541603755,0.9,0.16917587514999016,3.733739365450549,5,6,0.8300339579582214,1.0,0.018486233634475744
1cea7add6943a3da2d63ab85,dependency_path,parataxis>discourse,-0.05062897112800818,0.6,-0.24614409850032343,0.6542745229379814,4,5,0.909618079662323,1.0,0.01836296349583796
2b675cf92bec1df459273413,dependency_treelet,NOUN>obl>NOUN,-0.11828033823016051,0.95,-0.17226377452282296,5.120242187767181,4,5,0.8158368468284607,1.0,0.018359783464655107
0f21947abd959b29944472a8,dependency_treelet,PART>nsubj>X,0.12457761729412586,0.95,0.16060592184914926,5.454983292154718,3,4,0.7266546487808228,1.0,0.01833447602773174
98a95f17565bb8133657774c,pos_3gram,VERB>X>AUX,0.11275799995965903,0.9,0.13569337513788401,4.591784396179308,4,4,0.7912417650222778,1.0,0.018148446501805894
3c8ea1b93971c9bfaa7d7866,pos_4gram,VERB>VERB>VERB>NOUN,0.10324654454696776,0.95,0.10929779346339882,4.426995601405543,4,8,0.8146370649337769,1.0,0.01807339171128431
ee8fe823859f2a61e0440b25,pos_4gram,AUX>VERB>X>X,-0.11828603041684772,0.95,-0.11209467844514355,5.327105220215973,5,6,0.7724454998970032,1.0,0.017760369866611697
8ecefc90fdd3a9572d2c3d90,pos_3gram,ADV>ADJ>PART,0.1508187764501838,0.9,0.1329039921242047,6.642948330698884,6,5,0.7416516542434692,1.0,0.017759756174192717
2ae41d158bd9cc93ab0080ee,dependency_treelet,PART>cc>CCONJ,-0.10239678126170929,0.85,-0.06989793391657173,3.9090687916465434,8,9,0.8140372037887573,1.0,0.017729892932150142
34866ac5415b46d38e5f44f4,pos_3gram,ADP>X>VERB,-0.09651225277592868,0.75,-0.09288836683969832,3.1013923687259313,6,8,0.8196360468864441,1.0,0.017648686854223643
de3f4d3a898c177388a3d36d,pos_2gram,ADJ>PART,0.07960909469306741,0.9,0.09290371983958569,3.061009197305166,10,9,0.8538292050361633,1.0,0.017642950740250848
4e22c6ec38603e64006824c2,pos_3gram,AUX>VERB>DET,0.12770406310916063,0.95,0.0840477817686647,5.882461235678584,7,6,0.8090381622314453,1.0,0.017627249293434052
6103408f92c7f64e5d21baf2,pos_3gram,VERB>DET>X,-0.10744447362931998,0.95,-0.08733154463877921,4.791137318484698,3,3,0.7820435762405396,1.0,0.017625596551138607
8db815cffc7caa169222f372,pos_3gram,X>ADJ>SCONJ,-0.12520070641625952,0.95,-0.07199599969602279,5.77762693994884,3,4,0.7632473707199097,1.0,0.017549014153373326
9e2d4581f460d5049e6fe156,pos_4gram,NOUN>VERB>VERB>ADP,0.11647221708400207,0.95,0.12642931689443104,5.308721220765233,2,4,0.8224354982376099,1.0,0.017538991240506986
89945552ea3d9dbefad88df3,pos_4gram,NOUN>NOUN>PART>AUX,-0.09336056100458609,0.9,-0.03236178957803803,3.7917380637899547,3,5,0.8782243728637695,1.0,0.017535287569051622
04a7cbdbb0a54d0269fdbc83,pos_4gram,DET>NOUN>VERB>PART,-0.11115214315959457,0.95,-0.10253570865628836,5.041693062207479,3,5,0.8420315980911255,1.0,0.017477639945355537
bc872716c250cd350ea4226f,function_word,线,0.13280024182584482,0.95,0.15843008682521278,6.224076913251021,2,3,0.8104379177093506,1.0,0.01746385472490453
bf580974f53458a851cc9261,pos_3gram,ADJ>ADP>NOUN,-0.11381659578233612,0.9,-0.10211540867223622,4.918703558195869,3,3,0.894021213054657,1.0,0.017306988802008285
b7f6c14d57024b8593e1fb17,pos_4gram,VERB>NOUN>DET>NOUN,-0.05831705138702406,0.9,-0.3949211088253008,2.0336681231140727,2,2,1.0,1.0,0.017300951890032466
1aaa30b681a88ba96ccaa69e,pos_3gram,PART>ADV>ADV,0.046651797664137865,0.5,0.06926097083479729,0.38228311301207735,2,4,0.8946210741996765,1.0,0.016874906893162
59ccc00356236d653c705c26,pos_4gram,X>ADV>VERB>NUM,0.11506188094486718,0.95,0.12531063243288845,5.518229588921643,2,3,0.8620275855064392,1.0,0.016769704933898708
62cbecf23d2cb0d1222728cb,pos_4gram,NOUN>ADV>VERB>X,-0.09606690198372485,0.9,-0.05633972807770384,4.159590839190679,4,6,0.8462307453155518,1.0,0.01675718375353079
8a3f0796beb258f09f9ac0ae,pos_4gram,NOUN>PART>VERB>VERB,-0.08535773397514845,0.9,-0.0917152696545453,3.5860010895055527,4,3,0.8536292910575867,1.0,0.016751404781265827
4e2c7e3a281b128b81221e5b,pos_4gram,DET>NUM>NOUN>ADJ,-0.11731776583008437,0.9,-0.07135063666799547,5.30447009297946,2,3,0.8584282994270325,1.0,0.01674779762452272
72af6c33daf67f7ec90b0cf2,pos_4gram,AUX>NOUN>PART>NOUN,-0.08548666078054744,0.95,-0.0801038194822162,3.871986019599533,4,6,0.9086182713508606,1.0,0.016669244824351028
1c6055ef4da907da0cc513bc,pos_4gram,VERB>DET>NOUN>ADP,-0.11357582273718982,0.9,-0.08055417381184618,5.189025944283183,3,4,0.8586282730102539,1.0,0.016516046528757898
94d3f0cd1eb05a86d83d3150,pos_4gram,NUM>NOUN>VERB>PROPN,-0.08195730355315592,0.9,-0.16231517784564312,3.4673595601312592,2,2,1.0,1.0,0.016511223734064755
8ec304435e5434740371d471,pos_4gram,NOUN>PART>ADP>NOUN,-0.09540181690774599,0.85,-0.042783383161511084,3.916147407794886,3,2,0.8624275326728821,1.0,0.016494937528319008
b337e346be328d536c7f4f11,pos_4gram,X>NOUN>SCONJ>AUX,-0.10419202802656102,0.95,-0.055210722075607184,5.003047261613016,3,4,0.8480303883552551,1.0,0.016488696875366
b986340e1d15f5702888e6a8,dependency_treelet,VERB>mark>ADP,0.05594234593465138,0.75,0.12428861700182962,1.5682502325431855,9,10,0.9086182713508606,1.0,0.016336710075731696
f6e3b2280aa4903cf405d46b,pos_4gram,NOUN>SCONJ>VERB>AUX,0.10229902114915222,0.75,0.1451112742396958,3.7038072336634036,8,9,0.8214356899261475,1.0,0.01631109908432834
8eedcf8891bd0fc23f0f75cd,pos_4gram,NOUN>AUX>ADP>ADJ,-0.10433020508260257,0.95,-0.11439102318064188,5.126544354520359,2,4,0.917416512966156,1.0,0.016177748677416042
ff254cc9352f95d636915f1b,pos_3gram,VERB>ADJ>AUX,-0.08035192177581259,0.95,-0.11138759930283834,3.7387712762459184,1,3,1.0,1.0,0.016108463826828637
9fa1b55c94d6540e78a294b6,pos_4gram,ADP>NOUN>NOUN>PART,0.06906737538736697,0.7,0.10149986446856211,2.0280847568330937,5,5,0.8510298132896423,1.0,0.015966251493475532
e7598dcc24e1c4722bf77e1d,dependency_treelet,X>flat>NUM,0.13025934425539887,0.95,0.1736750237117444,6.825880668599693,4,6,0.8240351676940918,1.0,0.01581245386722351
7169e356eb51f04822a95b22,pos_4gram,AUX>VERB>VERB>SCONJ,0.11452144011761206,0.95,0.1407170984130173,5.912164607279202,3,5,0.7948410511016846,1.0,0.01573969578171779
e3c57d9af2ed52920e964a7e,dependency_treelet,PROPN>conj>PROPN,-0.09268081700624795,0.95,-0.057861170238347366,4.619189109665712,6,3,0.5076984763145447,0.9895152645881432,0.015668946966829078
410b22e3573a775b0ff079ae,pos_3gram,NUM>NOUN>AUX,-0.07805927273819678,0.95,-0.05624879592512362,3.7434242217197933,5,8,0.8522295355796814,1.0,0.015633497160496546
cb2d991e724d4ae7de549544,dependency_treelet,ADJ>ccomp>VERB,-0.10295871237278284,0.95,-0.20213305049939587,5.283817216068725,4,4,0.8316336870193481,1.0,0.015565503163272463
d8a630f5bf3859279dc1785b,pos_3gram,ADV>ADV>VERB,0.08033619887393838,0.85,0.005152032395885228,3.4016976374296184,8,9,0.8586282730102539,1.0,0.015513507439080539
4d844690f182cee70479487d,dependency_treelet,VERB>aux>AUX,-0.10952804169505051,0.95,-0.1800107476067494,5.726057178345354,10,10,0.8028393983840942,1.0,0.015469930874999673
a6332bd0628de3620dff2ac8,pos_4gram,DET>NOUN>NOUN>AUX,0.10998233663061534,0.95,0.053119428573539726,5.768636630553716,4,5,0.7994400858879089,1.0,0.015436375964909377
22346f198aa6689b8fa7f831,pos_3gram,PRON>VERB>PART,0.07739421255930715,0.95,0.05333571383883594,3.7789940974506933,3,3,0.8962207436561584,1.0,0.015384932567831104
0f4ae65e9f00fc56e670a323,pos_4gram,VERB>SCONJ>NOUN>VERB,-0.09409971777998384,0.95,-0.096788081651116,4.816069294885867,6,6,0.827034592628479,1.0,0.015370300345216036
5e1035e069dab9dbf849743a,dependency_treelet,X>nmod>NOUN,-0.0787035488209718,0.85,-0.03628821760769829,3.359753458561239,9,9,0.8666266798973083,1.0,0.015344449435886915
9c92c69d5605bd727ec945ca,pos_4gram,PRON>VERB>X>VERB,-0.06311539684331711,0.95,-0.09727615673205267,2.909191764157003,1,3,1.0,1.0,0.01533811350748132
021ca8dd1d4f37b9754305e4,pos_2gram,NOUN>NOUN,0.08338943108870511,0.8,0.2040653088158686,3.358491631728336,10,10,0.8474305272102356,1.0,0.015306108284188671
0e6fa3f73e916c9fdb81e624,pos_3gram,PRON>VERB>ADJ,-0.09350381637296491,0.95,-0.21739667734768428,4.818560644698832,3,3,0.8576284646987915,1.0,0.015266426007821462
bb1d1294de3e9e84539ba983,pos_4gram,NUM>NOUN>ADP>NOUN,-0.07135034355595996,0.9,-0.05015293902759836,3.2682775874962506,4,5,0.8490301966667175,1.0,0.015044782792122086
46bd0eb72dca937b87ddaab4,pos_4gram,PART>VERB>VERB>X,0.05197364701361074,0.9,0.09842341731529926,2.1117324648873277,2,2,1.0,1.0,0.015032231350243468
6e6ae55ff3e60d71fdc698b9,pos_4gram,DET>NOUN>VERB>AUX,0.1006270819932955,1.0,0.04483428720531124,5.720906592360253,1,4,0.926814615726471,1.0,0.014972248254079248
358e0d47018a55a85ecc93ae,dependency_treelet,PROPN>acl>NOUN,-0.07646468088074616,0.95,-0.034941387978034526,3.860545723061063,3,2,0.7090581655502319,1.0,0.014945121592429108
79af717730ed5376dc26bb5c,pos_4gram,PART>X>NOUN>PART,-0.07744773931913072,0.95,-0.043374096416614466,4.019724287910109,1,3,1.0,1.0,0.014657249707992674
ccb8529c0e355f96a7d0ef96,pos_3gram,PART>X>PART,-0.13062642975946062,0.95,-0.07187279464319529,7.502328236599789,4,3,0.7614477276802063,1.0,0.014595426666462727
377e6bde10d5fd2dedf826b2,dependency_path,root>iobj,-0.09015270020257016,0.9,-0.04159110911577837,4.607336771582164,2,3,0.7888422012329102,1.0,0.014469869295797522
6eb7247f1af3f0903d1e6797,pos_4gram,AUX>AUX>VERB>ADJ,0.0748542409613731,0.95,0.08060421989207076,3.9794180178090377,2,3,0.8658268451690674,1.0,0.014281092420634686
b28026a873cc24f0c10e5aae,pos_4gram,ADV>ADP>NOUN>PART,-0.06376971098993287,0.55,-0.18592305812338736,1.4647816140441565,3,4,0.939612090587616,1.0,0.014229796605353428
f6cc743be81ffe84e5b687c7,pos_3gram,VERB>X>ADP,0.04322185491887584,0.75,0.08319591181285002,1.2847431990942648,6,5,0.938812255859375,1.0,0.014188199007226558
85a994328e83e789cfbf82a9,dependency_treelet,X>nummod>NUM,-0.07451223632136993,0.9,-0.06822044821514352,3.731801575631416,7,8,0.8470305800437927,1.0,0.014172405925598066
1f422de124b975d5d222aac6,pos_3gram,PART>PART>ADJ,0.07238190206128703,0.9,0.11551932196134261,3.6398448508927395,1,3,0.8568286299705505,1.0,0.014040062534122063
119c896a671be5b5dbc18cba,pos_3gram,PART>NOUN>PROPN,0.09896069852233677,0.95,0.14953828717204568,5.699195627439818,5,3,0.9278144240379333,1.0,0.014033425626674536
7fb6e7d12781ef64c53212a8,pos_4gram,PART>ADV>VERB>AUX,0.06802605018981266,0.95,0.048517512631799736,3.6215919300434716,1,3,0.7196560502052307,1.0,0.013983222374138545
828ccd84faa9e84ffb6b526d,pos_4gram,NOUN>VERB>PART>NOUN,0.033990037514714036,0.7,0.12047009562664718,0.7070158366875864,9,9,0.9418116211891174,1.0,0.013938374647109007
d5b14c06b4f3fbc65934042a,pos_3gram,NOUN>X>PART,-0.11341773782527008,0.9,-0.09493238176990249,6.401098009234017,6,8,0.7934412956237793,1.0,0.013792002742753506
a7ff7238be476906da72999a,pos_3gram,NOUN>CCONJ>ADP,0.11626940849007507,0.95,0.17197427631064605,7.0658816518973095,3,3,0.8756248950958252,1.0,0.013694217549000255
70439f84af4ec6b0c7c27df8,dependency_path,advcl>cc,0.059589351811954856,0.9,0.01924133098437133,2.9331351330669593,2,4,0.8922215700149536,1.0,0.013635538779197685
186c01cca4e2ac27e2b9a680,pos_4gram,NUM>NOUN>ADJ>PART,-0.08286584907519072,0.95,-0.0872769961649977,4.7783620258801935,3,4,0.8518296480178833,1.0,0.013623680252093534
e351a14a3a7630d883a1c190,dependency_path,cop>nsubj,-0.07432488924918002,0.9,-0.07467143814125604,3.920124513919631,2,3,0.8620275855064392,1.0,0.013595672250776434
e91f5738b63594a25085550e,pos_4gram,VERB>AUX>NOUN>NOUN,0.089972577303619,0.95,0.14725781990180367,5.303767703965164,6,8,0.8304339051246643,1.0,0.013559184356472027
2b07005571a5af091e929bce,pos_4gram,NOUN>SCONJ>ADP>DET,-0.08814569157655165,0.9,-0.0862049332573434,4.872782296566802,2,4,0.8926214575767517,1.0,0.01350826889416164
1c95e125ae463dac64727fb7,pos_4gram,X>NOUN>NOUN>ADP,0.058781413393383435,0.65,0.0783430436076412,1.8667056822662043,5,6,0.8986202478408813,1.0,0.01332816233701916
1036468ce9f3e4b876e51815,pos_4gram,SCONJ>VERB>VERB>X,-0.12052125363334852,0.85,-0.21575343876679062,6.7595753874069855,3,4,0.7784442901611328,1.0,0.01320214837458775
2e7e0b6c945c3a868fbf9609,pos_4gram,ADP>X>VERB>NOUN,0.10137746199575443,0.95,0.1489857940855644,6.311033034456496,4,5,0.8422315716743469,1.0,0.013173047973120846
e2ac45b188c98d51d65ef47c,pos_2gram,VERB>ADP,-0.09454372305877366,0.75,-0.05052854701362766,4.387924069800219,10,10,0.8244351148605347,1.0,0.013160503261641077
515bcc942b74e05cb866ed40,pos_3gram,X>AUX>VERB,-0.12660884273651643,0.95,-0.07009440320341997,8.234992766390048,9,7,0.7810437679290771,1.0,0.01302420084587758
0e5691d07d236796b8cb6865,pos_4gram,PRON>ADV>AUX>VERB,-0.02789400802676226,0.5,-0.43889895543228785,0.07273409555434433,2,2,1.0,1.0,0.013001361727179837
7f174798021e5be140d59f2a,pos_2gram,ADJ>ADJ,0.055891815315069315,0.7,0.02379224158332068,2.0180781506423724,6,9,0.9012197256088257,1.0,0.01296330604037581
548905970e5af8be03161506,pos_4gram,ADJ>SCONJ>VERB>PRON,-0.06012971577270753,0.9,-0.07849651714277091,3.1888157636167938,2,3,0.8664267063140869,1.0,0.012919342183889746
4ef0a75f054d264bfacaa4ab,pos_3gram,AUX>VERB>ADJ,0.09366788946859937,0.7,0.08655840704213445,4.199208882711654,7,8,0.8202359676361084,1.0,0.012611057587250223
80f9c30f5af31bda6d61cd7b,pos_4gram,ADV>VERB>NUM>NUM,-0.08219120325975014,0.95,-0.06730344542465261,5.205210645616371,2,2,0.8664267063140869,1.0,0.012583238113265805
c99db35ea567c5fa4355718c,pos_4gram,ADP>PART>NOUN>VERB,-0.03427858582615281,0.6,-0.03674420992988272,0.638441140198261,2,4,1.0,1.0,0.012552877849004048
c6bc7729e53389eb81f5028b,dependency_treelet,VERB>conj>ADJ,-0.08172523174338564,0.95,-0.044678445243384345,5.2409425737601705,1,4,1.0,1.0,0.012440263508055138
dd0d7d43b499c52d4061055c,pos_4gram,SCONJ>NOUN>ADP>NOUN,-0.03174906045688389,0.55,-0.03942410091340163,0.40392237198706193,5,6,0.9374125003814697,1.0,0.012437997712488238
b4339f46456c6d7ed9323ada,pos_3gram,PROPN>NOUN>PART,-0.04902453958443797,0.6,-0.08633317731855315,1.3735616165524909,3,4,0.9352129697799683,1.0,0.012392652268023512
3e6ec9ac5e763f2666595893,pos_4gram,ADV>AUX>ADP>NOUN,-0.11639994487240718,0.85,-0.15736659418149798,7.117540366593243,3,3,0.8136372566223145,1.0,0.012188415292484597
eed3246d8a1c1802ace046e0,pos_4gram,VERB>ADJ>SCONJ>VERB,-0.03938947142817517,0.55,-0.12011983690877837,0.7833577063518384,3,4,0.9372125267982483,1.0,0.012147988711594025
fbb7d7612551d7c14638412e,pos_3gram,VERB>PART>ADV,0.057796293857106086,0.75,0.054769014648033756,2.569248894995016,7,6,0.9132173657417297,1.0,0.0121446336941123
ec236bbd42aaf015b2545e60,pos_3gram,NOUN>X>AUX,-0.09862361270918629,0.85,-0.061093944668559795,5.918117644507102,6,5,0.8254349231719971,1.0,0.012117468234927799
6bc1c518adc6566edd6530bb,pos_3gram,PART>VERB>ADJ,0.07340382944518208,0.9,0.12021927649035169,4.472619255898325,3,6,0.8800240159034729,1.0,0.012071632140215394
a7614cf2cd3bbf0cf66f9556,dependency_treelet,PART>nmod>PRON,0.028507167608220734,0.6,0.011529265240601442,0.43159742405690743,3,4,0.9642071723937988,1.0,0.011947702809119142
ea25c27170b97e0a71a39728,pos_4gram,VERB>X>NOUN>SCONJ,0.07334925769396869,0.9,0.054372513070902316,4.541071991379509,3,3,0.8644270896911621,1.0,0.011913639098584757
6daaf147c09d335aa0f9fcb2,dependency_treelet,X>cop>AUX,-0.09704689236634279,0.9,-0.14520349484221018,6.389768999198621,5,7,0.8366326689720154,1.0,0.011819341462389459
03f54b48226c78359beb4d70,pos_3gram,SCONJ>AUX>AUX,-0.09950074195290458,0.95,-0.10622730199378086,7.002356738501595,3,3,0.8236352801322937,1.0,0.011812233313777369
9a44783157ca2a8ac66849dd,pos_4gram,ADP>ADV>ADJ>SCONJ,0.05625302507586433,0.9,0.048350955893001465,3.3276436865013137,2,3,0.8538292050361633,1.0,0.011698680907163111
407fbc3be3ba4954c6d41c2f,pos_4gram,NOUN>VERB>SCONJ>AUX,-0.10175871116055676,0.85,-0.10782397527450854,6.544191205532068,3,4,0.8062387704849243,1.0,0.011465099721100326
cd04f8f50258f07c1282dcd5,pos_3gram,NOUN>X>SCONJ,0.07719961858221394,0.95,0.02746009052216325,5.429194177563851,3,3,0.9614077210426331,1.0,0.011407283032302672
4fc03270f62c424bc41b04e6,pos_4gram,NOUN>NOUN>VERB>VERB,-0.09813876713333095,0.95,-0.042576322418281555,7.230719800606852,10,10,0.8214356899261475,1.0,0.0113272995600932
785a008d9d67ce5c3315bebe,dependency_path,obl>punct,0.03312930742213489,0.55,0.08688019929103255,0.617164105684506,10,10,0.9336132407188416,1.0,0.011267328416531754
ab91a1e4db71312ce90a26be,pos_4gram,PRON>VERB>VERB>AUX,-0.06887349678069292,0.9,-0.13781534094318684,4.525906410468717,2,3,0.9298140406608582,1.0,0.011217371865942597
78c949896581c72ba517b83d,dependency_treelet,NOUN>acl>VERB,-0.09887165331137367,0.8,-0.03880973455947787,6.195490468015435,10,10,0.8234353065490723,1.0,0.010992624199933729
a0dd0e06c0c13763e28b405a,dependency_treelet,VERB>ccomp>NOUN,-0.06456013316330375,0.75,-0.17150792118908215,3.441267267845194,9,8,0.8780243992805481,1.0,0.010902316152653023
f4ed73778e869a042e0f7561,pos_4gram,NOUN>X>VERB>X,0.047921966648458325,0.9,0.02829930265886092,2.9632952574101146,1,3,1.0,1.0,0.010882300505614211
db7ec9f2fd9a479e2b861cff,pos_4gram,PRON>AUX>ADP>NOUN,-0.060243429008723266,0.95,-0.04650193371322004,4.348535637209552,1,5,1.0,1.0,0.010700360143462725
094713afa924b2e25a946ec4,pos_4gram,NOUN>NUM>NOUN>ADP,-0.030680459619129886,0.6,-0.0037391873715444837,0.7301677040849408,4,5,0.9380123615264893,1.0,0.010639590444334289
3151ea7948505eb1767ab051,dependency_treelet,NUM>case>ADP,-0.0776093825402206,0.9,-0.11403320145198165,5.593389395782371,2,4,0.9012197256088257,1.0,0.010593708348376765
ff672cfa197be399739ebaff,dependency_path,xcomp>advmod,-0.05808605846465795,0.75,-0.21673852087739154,3.1266556109107753,9,9,0.90181964635849,1.0,0.01055686443358876
5476881ae5adcabe9aa7a11f,pos_4gram,PART>SCONJ>VERB>VERB,-0.0593207919123325,0.95,-0.07024983953047519,4.358673679358089,1,5,1.0,1.0,0.010516548625417801
5673e075ec2e7eb5c90ebb1d,pos_4gram,VERB>ADP>DET>NOUN,0.0594383975995588,0.6,0.0609264343761437,2.3967317748844903,4,6,0.8898220062255859,1.0,0.010499221287776849
74d76cf50a3678dbd8571cdd,pos_4gram,NOUN>VERB>ADJ>SCONJ,-0.09407650674453488,0.7,-0.10582669132019185,5.272956671151894,7,6,0.8234353065490723,1.0,0.01049800886143883
8195e472f045af8f00415cdf,pos_4gram,CCONJ>NOUN>NOUN>PART,-0.09723274829880471,0.95,-0.034183327568061944,7.883011216090436,8,6,0.797840416431427,1.0,0.01039862594303
b3eb6b2449af2ae522f4cbb6,pos_4gram,VERB>VERB>VERB>SCONJ,-0.07580254639500952,0.7,-0.07751173427116186,4.144513473102918,6,7,0.8596280813217163,1.0,0.010314246965029797
44ecb4918d3b7f4620c1853e,pos_3gram,SCONJ>NOUN>PART,-0.0738076400671968,0.75,-0.05772253882634079,4.377060638298676,8,8,0.8592281341552734,1.0,0.010294793712408714
672b698909b3a15594a681db,pos_4gram,NOUN>NUM>NOUN>NOUN,0.06192592172388812,0.7,0.1107146423516214,3.2237382309433333,6,7,0.8738252520561218,1.0,0.010262980998479224
f827c2388a931ee2db42d8f4,dependency_path,obj>advmod,-0.05963229279415406,0.85,-0.010599073594129363,3.9736614874550216,3,3,0.8988202214241028,1.0,0.010191173847049904
a8cf70b48c2e5118388629f9,pos_4gram,AUX>NOUN>ADJ>SCONJ,0.0512555754954346,0.9,0.10170515421840415,3.542703038306899,2,2,0.8552289605140686,1.0,0.010154750939450395
ae2bcacec8eba0c960fd321d,pos_4gram,NOUN>VERB>PRON>VERB,-0.09367577463754778,0.9,-0.3185743216711002,7.3381099778341685,4,4,0.7770445942878723,1.0,0.010111187954814208
2ce9d380ca798c23edcf4191,pos_4gram,CCONJ>ADJ>NOUN>NOUN,-0.06028481494182484,0.85,-0.003766807943578342,4.111946944415946,3,3,0.9646070599555969,1.0,0.01002398758393328
e90226627c4244978cdab130,pos_3gram,VERB>VERB>ADP,0.07153601946470911,0.75,0.11809835868563699,4.367131206206959,7,7,0.8692261576652527,1.0,0.009996404510566942
190fe94c4676614a5932c9a1,pos_4gram,PART>ADJ>NOUN>NOUN,-0.07662534479543485,0.75,-0.006613125435531014,4.79315320879767,6,7,0.8538292050361633,1.0,0.009920160321205011
21205fdd93b5f1dfc0e53b24,pos_4gram,DET>NUM>NOUN>PART,0.09316549065257312,0.9,0.1250135608825956,7.466855025390686,4,4,0.8468306064605713,1.0,0.009903197980344157
431b67e2ccfc28e8ae8ea3c0,pos_3gram,SCONJ>VERB>PROPN,0.06603122588714562,0.9,0.08592194503170301,5.014869881209019,3,4,0.8436312675476074,1.0,0.00988019765549537
1aeec6fd16fa56e05acf598c,pos_4gram,NOUN>NOUN>VERB>ADP,0.084042562392875,0.65,0.12525191593204701,4.569096366069745,6,6,0.8354328870773315,1.0,0.009809071699350195
ac06943385bdf31d0896b342,pos_4gram,X>VERB>NOUN>NOUN,0.11191727906120055,0.9,0.23000931492134874,9.343247483431204,6,7,0.7966406941413879,1.0,0.00973829073667939
1ad17af978f247de341991a9,pos_4gram,X>X>VERB>ADJ,-0.033496282754077546,0.65,-0.018134983997403563,1.2437719526964925,1,4,1.0,1.0,0.009703563574713917
eb411e005f6187e61c2daaf7,pos_4gram,SCONJ>VERB>VERB>PART,0.05749773312783618,0.9,0.0904358418684214,4.38113092665631,3,4,0.8814237117767334,1.0,0.009616558400151649
03eb9c9e0cdfdb65814b2cda,dependency_path,xcomp>ccomp,-0.09051247217966536,0.75,-0.2346592814729907,6.060706995372566,8,8,0.8464307188987732,1.0,0.009614384817163346
6be0646ad6ac807871a55b4f,dependency_treelet,PRON>advmod>ADV,-0.08657582773162725,0.9,-0.19758714971306685,7.270114324447357,2,3,0.7886422872543335,1.0,0.009421664792242318
20c5a42a243854749d805631,dependency_path,root>aux,0.10502401420100206,0.8,0.06638166695842174,7.955206696376643,10,9,0.7984402775764465,1.0,0.00938216327209919
e6263ad0da5e725b4a9e3841,pos_4gram,NUM>NOUN>PART>X,0.08463223852275659,0.95,0.06270009390380825,7.587707217588711,2,3,0.9298140406608582,1.0,0.00936229246753407
3e16bca56b1d6ea05771ae3b,dependency_treelet,NOUN>nsubj>X,-0.0995482879535728,0.95,-0.057087888005708604,9.13749333158799,7,8,0.8158368468284607,1.0,0.00932882227021698
afc6a525e39883afab83fab0,pos_4gram,ADJ>NOUN>ADV>AUX,0.08674093154602665,0.9,0.021777754454786965,7.4059088801572,2,3,0.8476304411888123,1.0,0.009287138310017472
3a5c71510b3e8cec4afcb7f5,pos_2gram,X>VERB,-0.08302528817972446,0.75,-0.01711914545475262,5.731393586051085,10,10,0.8430314064025879,1.0,0.00925053116249631
52597820f2f3c8faa8e31c38,pos_4gram,PRON>VERB>AUX>X,-0.08124672882986309,0.9,-0.11077655203134705,6.961394003423914,2,4,0.8610277771949768,1.0,0.009184579473824504
4d098b9594c50f7f52b45bc9,pos_3gram,NOUN>VERB>ADV,-0.044904038699062544,0.65,-0.16826006735021087,2.1958705935081175,6,8,0.9250149726867676,1.0,0.00913291833958499
efc8a24bdde8555886fc0369,pos_4gram,VERB>AUX>ADJ>SCONJ,0.08197106656311912,0.9,0.04921741085457955,7.095624679806577,4,6,0.8624275326728821,1.0,0.009112818692154322
a9602890b0a75512d3f6b6f7,pos_3gram,VERB>NUM>X,0.06532332325949222,0.85,0.08346165306438484,5.107362183804805,3,5,0.9046190977096558,1.0,0.00909145767018801
c092d91fdae326c591b85261,pos_4gram,X>NOUN>NOUN>X,-0.05609080559867138,0.95,-0.008848829667630686,4.9827212072687965,3,3,0.8954209089279175,1.0,0.00890669370553267
ee2eeefde1ffca71f2fdde5e,pos_4gram,SCONJ>NOUN>NOUN>CCONJ,0.08313800810342659,0.9,0.14565814601747334,7.590622111190022,4,9,0.8822235465049744,1.0,0.00870998704454931
3d76547d80d8741a62b7a7b6,pos_4gram,X>X>CCONJ>NOUN,-0.0668713930326046,0.9,-0.019057784946397652,5.928372670484931,2,3,1.0,1.0,0.00868663632742084
91d346a236561401bffe4369,pos_2gram,ADP>NUM,-0.05242578135852596,0.7,-0.1563594892258375,3.2283281409007167,8,9,0.9034193158149719,1.0,0.008679091529341612
1d09707da7bc76abaf9814f4,dependency_treelet,NOUN>nmod>NOUN,0.07262717427090726,0.75,0.2197067507789716,5.2825259291408955,10,10,0.8788242340087891,1.0,0.008670140213910585
c8736ce560aae3eedd778e41,pos_4gram,PART>NOUN>ADP>ADP,-0.06602822946212725,0.9,-0.03646810515698841,5.9089984051465585,3,4,0.9256148934364319,1.0,0.008601160838544723
87c5f8cb2ebdb9b542edb31d,pos_2gram,X>NUM,-0.08894990301291844,0.95,-0.04839820036660458,8.957334540316673,8,10,0.8042391538619995,1.0,0.008486448609326838
a20a3d7b826704de2a33477e,punctuation_run,),0.06013232413516923,0.9,0.12221391215177507,5.40548576498582,3,4,0.8600279688835144,1.0,0.008448866129323466
a5fd4b56d754dd18785c27d1,pos_3gram,ADJ>VERB>NUM,0.02401298298477018,0.5,0.08116433552701396,0.43132413864775687,3,3,1.0,1.0,0.008388380499002986
a27ce0eec7048775ab98d25a,pos_3gram,X>VERB>ADJ,-0.020076603433989603,0.65,-0.00270261270251877,0.5613558677422843,2,5,0.9832033514976501,1.0,0.008357987119850648
650f78da6eb67321d6a94072,pos_4gram,ADV>VERB>ADP>ADJ,0.08109666856908807,0.95,0.031204895859085858,8.267072824795367,1,3,1.0,1.0,0.008313502720567524
30f7cc9e137f014564f44bb5,pos_4gram,PART>VERB>PART>VERB,-0.07406601916508176,0.9,-0.0146477155448452,7.0332605482541055,5,3,0.9032193422317505,1.0,0.008297927951939876
dcc98cc47cb96678e704ff0d,pos_3gram,NOUN>X>ADJ,-0.061340132461331714,0.9,-0.016209039671853692,5.659041180509477,2,2,1.0,1.0,0.008290400632568964
e11c0382aee1c12d3ac1ac49,pos_4gram,X>VERB>NOUN>ADP,0.07738392282571158,0.95,0.092027986139893,7.915016654855818,2,4,0.8650270104408264,1.0,0.00824616818235377
67fc7ec40690ea35e4471881,pos_4gram,X>SCONJ>NOUN>VERB,-0.06704114273433757,0.9,-0.023461239755768633,6.3823406228798545,2,2,1.0,1.0,0.008173156935336087
bb0a9b59e959a3a206324e37,pos_4gram,SCONJ>VERB>NOUN>ADP,-0.041403031080499586,0.6,-0.02963457573450242,2.080460954699928,3,4,0.9384123086929321,1.0,0.008064318624262396
c62b5962fd80e5545e3798d1,pos_4gram,ADP>VERB>NOUN>VERB,-0.041709580599722226,0.65,-0.0012007837615231984,2.380008979485805,4,6,0.917416512966156,1.0,0.008021051883105895
d5c4c5c6227a0fa3b4a5c988,pos_4gram,SCONJ>NOUN>AUX>NUM,0.06979602634268105,0.95,0.021066349109072683,7.365576989444918,1,3,1.0,1.0,0.007926079110766347
5a3f71607f5ed984fec6403d,pos_4gram,NOUN>VERB>PART>ADJ,0.05821663153636717,0.9,0.10497863352161915,5.650889842012275,2,2,1.0,1.0,0.00787788846715855
f674e6511cd3bb226ace3780,pos_4gram,X>NUM>NOUN>NOUN,0.07657857816526989,0.95,0.15163089198731278,8.2415314110131,4,6,0.871025800704956,1.0,0.007872033975917767
ec9a60d3b84f74d3716ac05b,pos_4gram,NOUN>VERB>NOUN>PART,-0.08696862786891205,0.75,-0.021755109025359782,7.417396423676872,7,9,0.8354328870773315,1.0,0.007749007842640245
92394f66e1577ebfe16ff280,pos_3gram,NOUN>PART>SCONJ,0.06390198387195259,0.75,0.15462197586308954,5.212764394032182,7,9,0.8906218409538269,1.0,0.007714196912086569
8202c9fa5d7cf669b450628a,pos_3gram,PART>NOUN>ADJ,0.02828428674620664,0.6,0.11711358373341789,1.2124679203565452,6,5,0.9470105767250061,1.0,0.007670426265429933
dce5d74e0145e735dfd68f8d,dependency_treelet,X>advmod>ADV,-0.07545119429691251,0.9,-0.13154740139469187,7.8859627477087315,2,3,0.8614277243614197,1.0,0.007641949082526935
f3f2684435b14a2830255949,dependency_treelet,ADJ>advcl>VERB,-0.06062607215427072,0.8,-0.08989512345142253,5.3475184284532755,6,7,0.865626871585846,1.0,0.007640916410105637
5e7b484a3774aac1b5f403ed,pos_3gram,X>VERB>SCONJ,0.05749195544281754,0.7,0.1781482888711006,4.311128834514872,8,8,0.8978204131126404,1.0,0.007577366330946529
a1d888f40cc9fdf89496aaab,pos_4gram,ADV>ADP>NOUN>VERB,-0.06172460640290355,0.6,-0.020649101818383694,4.020612903575918,5,4,0.8778244256973267,1.0,0.007376542377000271
fa82ec578125e2757e064907,pos_3gram,PRON>PART>VERB,-0.03673661689030752,0.5,-0.4247505697687559,1.5415409509995421,2,2,1.0,1.0,0.007227232926516426
617c5495bf9ca846c032a5ba,pos_4gram,AUX>ADJ>SCONJ>NOUN,-0.0754496713671225,0.7,-0.163998056377031,6.366004266960784,5,6,0.8614277243614197,1.0,0.007170070508087981
566a05257d2ac37ed50d3bc9,pos_4gram,PART>NOUN>PART>ADP,-0.06354734272555528,0.95,-0.026591398026603576,7.531752153469457,1,3,1.0,1.0,0.0070759176430984245
3b5315c954a3d4da23364ccf,pos_4gram,VERB>NOUN>NOUN>CCONJ,0.057857201250827356,0.6,0.13205038209280281,3.9737866656449623,5,7,0.8888222575187683,1.0,0.0069794551081725845
5761937ccae964a89decd1d4,pos_4gram,NOUN>ADP>VERB>AUX,0.05776144316129635,0.65,0.012569260242904164,4.391920182963112,5,5,0.8920215964317322,1.0,0.006963185058538816
a4c38e7c23b777200e7240c5,pos_4gram,NOUN>AUX>NOUN>VERB,0.023052157323424066,0.6,0.058317804937663094,0.9892959935008397,4,4,0.9488102197647095,1.0,0.006952858920563951
c3ed6672410bd42622667d3f,pos_4gram,VERB>NOUN>SCONJ>ADP,0.07397024736912022,0.9,0.06725139325609998,8.684895893095756,2,3,0.933013379573822,1.0,0.00687392238048397
446a6cb84580423769470424,pos_4gram,ADV>ADV>VERB>ADP,-0.05757420503456275,0.9,-0.06315716757823736,6.637842339914528,2,3,0.9328134059906006,1.0,0.006784217613437454
8a9fdcb12c82b16e1bc3400a,pos_4gram,DET>NOUN>PART>NOUN,-0.049161708751691284,0.65,-0.10773641810816702,3.711044533782723,6,6,0.9156168699264526,1.0,0.006783020296125508
2beb14190d64fad23308aad0,pos_4gram,VERB>VERB>PART>SCONJ,-0.04061490013720464,0.6,-0.10178792444017411,2.6294733322364645,3,5,0.9124175310134888,1.0,0.006714180778208599
8c46e680c4cac80f7a84c5df,pos_4gram,DET>NOUN>SCONJ>AUX,-0.0699856555049685,0.85,-0.13439422968161607,7.916276482854646,3,4,0.8758248090744019,1.0,0.006671821728903762
a51db852ecb9dd33f68115dd,pos_3gram,VERB>AUX>NOUN,0.0725993994008547,0.75,0.10672929685266942,7.168748908193681,9,10,0.8596280813217163,1.0,0.006665592266647503
1636de74e4665d8f6221d868,pos_3gram,X>VERB>X,-0.08441509326579696,0.8,-0.022692935491600397,9.153281336952784,5,8,0.8424314856529236,1.0,0.006651256118241809
6ef41f504d4ca720894beae3,pos_4gram,NUM>NOUN>NOUN>SCONJ,0.06701095435091343,0.65,0.039751740426534864,5.57186587542083,6,7,0.8600279688835144,1.0,0.006627816384841323
5336dd84a4ac7dd4f831aab4,pos_4gram,NOUN>ADJ>PART>NOUN,0.0776327141643734,0.6,0.09495970153138138,6.457212409475788,5,5,0.843431293964386,1.0,0.006246252076638702
d3d348b8b36750619bd67668,pos_3gram,AUX>NOUN>X,-0.07014648136940436,0.9,-0.04014292610848066,9.164273511802296,3,4,0.9034193158149719,1.0,0.006211150571573866
8aefdf760b704a4944022ced,pos_4gram,VERB>ADJ>NOUN>PART,-0.05097013439621887,0.7,-0.006265240542501933,4.76715251542345,6,6,0.9086182713508606,1.0,0.006186604911511255
e7dd43d1caff16e9e4bfb9e4,function_word,但,-0.06243655805834976,0.7,-0.2619079182988244,6.066452618282291,9,8,0.8794240951538086,1.0,0.006184940733596649
8d739e5ddd77c217d119071a,punctuation_run,”，,0.041623782739849916,0.5,0.02283197257750988,2.383728937249697,3,7,0.8928214311599731,1.0,0.006150578771490164
cccaf25226d6df7c5b066e0b,pos_4gram,PRON>VERB>NOUN>ADP,0.04656187092731712,0.5,0.03574806866692527,2.840879305126416,2,4,0.9588082432746887,1.0,0.006061355646501448
d0d3b2afc7b45ccccd715d4c,pos_4gram,ADP>VERB>VERB>VERB,-0.07237799391323287,0.9,-0.025336402072780293,10.08405683936082,4,6,0.8638272285461426,1.0,0.005876927145536543
a32e3d92f869c584c2472c2d,dependency_treelet,NOUN>parataxis>NOUN,-0.04009680138065878,0.5,-0.10437301062747968,2.558789498243341,3,3,0.9286142587661743,1.0,0.005633488774827932
028ed6f2559c10b5a7d32efa,pos_4gram,NOUN>X>AUX>VERB,-0.032730089938799105,0.6,-0.02060811467724126,2.487438853108859,3,4,0.9604079127311707,1.0,0.005631081945930958
a087b67c325099105daf926c,pos_4gram,PART>ADV>VERB>NOUN,0.06411707537886034,0.9,0.11914430473603548,9.27075234438972,2,4,0.9298140406608582,1.0,0.0056184168312163815
b6235e8e412c69177f7b3b95,pos_3gram,SCONJ>NOUN>ADP,0.061336413068291476,0.75,0.05269677843079034,7.221917478227427,7,8,0.887422502040863,1.0,0.00559508288948873
796fde3d278c0fc7193912fa,pos_4gram,NOUN>ADP>ADV>ADJ,-0.06015466053186206,0.9,-0.04285839957430051,8.680019779791332,3,4,0.9460107684135437,1.0,0.005592880563291877
32f0f37166cf49d8eb9baf4d,pos_4gram,VERB>SCONJ>NOUN>CCONJ,0.048893392138033655,0.9,0.0923820377815874,6.917799805592084,1,3,1.0,1.0,0.005557611205723042
05f9bd10ce3a818a19c7b78b,pos_4gram,PART>VERB>DET>NOUN,0.07373515831366041,0.9,0.10106414223261567,11.185378818572461,3,5,0.8748250007629395,1.0,0.005446005698333206
33169803d84c6fd0359fa6a6,pos_4gram,AUX>NOUN>NOUN>ADP,-0.0464258247527678,0.65,-0.061645217573607844,4.588468021005065,3,5,0.9060187935829163,1.0,0.005399831577433253
1095fb4b6b79a6706209883e,pos_4gram,VERB>NOUN>SCONJ>ADV,-0.06310981745461236,0.9,-0.15913957651933433,9.639494161067056,2,4,0.8382323384284973,1.0,0.005338490237345519
9cdcf18ef7f1ba14d64bebf0,pos_3gram,NOUN>PART>VERB,-0.07172274069167862,0.85,-0.04364060400477495,10.617530643559686,9,9,0.8672265410423279,1.0,0.00524761513082155
7238e99b5c50d49a20c9a510,pos_2gram,CCONJ>AUX,-0.04757659482218347,0.65,-0.004989161162457367,4.918858341162956,3,5,0.9230154156684875,1.0,0.005224789115047997
c564e0d6aaae26422272509e,dependency_treelet,NOUN>advmod>ADV,-0.07444074797774007,0.8,-0.15901610881498718,10.666641026208096,9,8,0.8548290133476257,1.0,0.005104519651235717
eea6b5eb5b585389f6a947a2,pos_4gram,NOUN>CCONJ>NOUN>NOUN,0.046861466612254724,0.6,0.13157170023765927,4.520569474618658,10,10,0.918216347694397,1.0,0.005093112240797414
3f51957e2f5cf39ebebadbc3,pos_4gram,VERB>VERB>ADP>VERB,0.04969848162684581,0.45,0.040371199074647195,3.433040554441108,2,4,1.0,1.0,0.00504491588954123
e8900bf81c04e3dca6872162,pos_4gram,VERB>PART>VERB>VERB,-0.05371964053907604,0.65,-0.006397996312614012,6.0469755844566375,4,6,0.8832233548164368,1.0,0.004955000330555535
291601f47463d6e5f73c3a08,punctuation_run,》,0.01791761197008974,0.55,0.060403922373626,1.0617776367157619,2,3,1.0,1.0,0.004779703886616523
3e15f59e5127a1fcc23802f3,pos_4gram,NOUN>SCONJ>AUX>NOUN,-0.04053207965000336,0.95,-0.11085949006553415,7.069623105621967,1,3,1.0,1.0,0.004771657258772976
12b24a695287b0e108e491e4,pos_3gram,X>VERB>NUM,0.0571286834934712,0.6,0.12397459137811569,6.197015761344309,5,7,0.8916216492652893,1.0,0.00476269765590734
33645c0313b243c92dc597a3,pos_3gram,PRON>ADP>ADJ,-0.048309560441175285,0.95,-0.03305752736041669,8.866096948157324,1,4,1.0,1.0,0.0046516958692249715
d2a755d2da04d390c99283da,pos_4gram,X>NOUN>ADJ>NOUN,0.023872916743863545,0.5,0.07150833212633148,1.5833319234578027,2,2,1.0,1.0,0.0046205670527830435
a6bfbc943472802b3db2a723,dependency_path,obj>acl,0.05280973097617562,0.65,0.1468700147318724,6.749045280368881,10,10,0.908818244934082,1.0,0.004429748942295522
ec742e778249dbfbf76edc0c,pos_3gram,PRON>AUX>X,0.06602468208372604,0.9,0.08701799644709132,12.450049165103186,3,3,0.897620439529419,1.0,0.0044179923170487205
680102cdd504821d84580b49,pos_4gram,NOUN>NOUN>ADJ>PART,0.049514387866947035,0.5,0.11270884050958907,4.6707209208519345,3,3,1.0,1.0,0.004365793040958564
1111bcc498f5910cc31bb549,pos_3gram,NUM>NOUN>ADJ,0.058817694917022205,0.75,0.09147054462777468,9.279652389592302,9,9,0.888222336769104,1.0,0.004291319347766021
dd5409fd01fff40864ebc484,pos_4gram,AUX>VERB>NOUN>CCONJ,0.05644392097239713,0.9,0.05982227052892237,11.100262709437468,2,3,0.92601478099823,1.0,0.004198217021812004
5503685c0ac592e897e68a69,pos_4gram,NOUN>ADJ>NOUN>X,0.04602780433461547,0.9,0.09038704780722226,9.30561977887369,1,4,1.0,1.0,0.0040196538189847045
a2f6b8cc5c6bb4f7e113e4d2,dependency_treelet,ADJ>parataxis>ADJ,0.03800422107543304,0.5,0.08540805505535506,3.7523249367875557,2,3,0.8624275326728821,1.0,0.003998487222669045
687984cac3dca2e06342c39b,pos_4gram,ADV>ADV>VERB>AUX,-0.060586746056545564,0.9,-0.050399839306086026,12.698467035561599,3,3,0.9250149726867676,1.0,0.0039805966105064625
bf5c6bad85ee965a605f46f0,dependency_treelet,X>case>PART,-0.03636844631173535,0.65,-0.023459976546294684,4.990170679717279,7,9,0.9370126128196716,1.0,0.003946380056026
047996cfea0b5689a7366658,pos_3gram,ADP>DET>X,-0.05306555859636118,0.95,-0.010805888791873837,11.839115838274989,3,3,0.7840431928634644,1.0,0.003926460458924897
3360de1cec8d8d89953bb1d5,dependency_treelet,ADJ>obj>NOUN,0.05548915401498426,0.55,0.11571689674690587,6.857124038772031,3,4,0.8870226144790649,1.0,0.003884250084081794
58bcd40d57201579204e2361,dependency_path,amod>aux,-0.030762925792401374,0.55,-0.10585540044544889,3.465251434705723,2,3,1.0,1.0,0.0037891727785617575
8b34fe2429afca3d3c9c5401,pos_4gram,PART>SCONJ>NOUN>VERB,-0.05193314135914416,0.9,-0.0010607702055098066,11.378887311072663,2,4,0.8594281077384949,1.0,0.003775769667231878
3f10b72fcfc1104228215d61,dependency_path,csubj>xcomp,0.042940347912089234,0.5,0.013329619094631198,4.726073759770898,2,4,0.9610077738761902,1.0,0.003749545475101188
363e6f897ecedda257706a2f,pos_4gram,NOUN>NOUN>VERB>SCONJ,0.05588825560080947,0.7,0.11084918594595877,9.576322111158005,6,9,0.8942211270332336,1.0,0.003698996542407989
43356b747d76e79e73731850,pos_3gram,NOUN>CCONJ>X,-0.052510999565809326,0.55,-0.016669357352208015,6.940697185426414,5,4,0.9204159379005432,1.0,0.0036370924475247098
f9d0de3918ab7ad91739e543,dependency_treelet,VERB>advcl>ADJ,0.04369118871159552,0.7,0.06479476590097318,7.438522292009376,7,8,0.9270145893096924,1.0,0.0036243113473880813
3f4d98c109664d1b5d59e5a7,pos_2gram,AUX>VERB,0.01761314561001749,0.65,0.01584849972759386,2.2151358234948604,10,10,0.9656068682670593,1.0,0.0035608276834994718
f1b6b34d49016d3eba327e54,pos_4gram,NOUN>SCONJ>NOUN>PART,0.06490801260601547,0.55,0.06395606374886317,9.02969576915109,3,5,0.9054189324378967,1.0,0.0035593708677696114
6845ae4e8ddd43386cfe84ac,pos_4gram,NOUN>NOUN>X>VERB,-0.04026176802573131,0.75,-0.014671934039700907,7.519914567630251,3,6,0.9082183241844177,1.0,0.0035442052592902177
337526d7134e0d429404c772,pos_3gram,AUX>ADP>ADJ,0.07039552744782859,0.65,0.0439177986376507,11.973052912057526,5,6,0.8974205255508423,1.0,0.0035270875060226295
2ba6cca49f589f273048cee5,dependency_path,root>xcomp,-0.032007924285971046,0.65,-0.07525076493706864,5.062484885039693,10,10,0.9400119781494141,1.0,0.003431786005309762
ca96b76245a6bec3d5836372,pos_3gram,X>NOUN>ADP,-0.06433691970807574,0.8,-0.02738254616198099,14.840750690511257,8,8,0.9236152768135071,1.0,0.003249185393549012
520645d2cfa0c748b2c62ce6,pos_4gram,NOUN>VERB>ADV>VERB,-0.05254742884689905,0.6,-0.17135056654632894,8.737829002913317,3,5,0.8996200561523438,1.0,0.00323772961085134
121fa59f304a28c82d38a767,pos_3gram,NOUN>VERB>ADP,0.04339247678732965,0.7,0.11933346567940868,8.565345259431277,9,10,0.9274145364761353,1.0,0.0031754978965533687
58e0f7fbca64922baca91e07,pos_4gram,NUM>NOUN>NOUN>AUX,-0.05303002289888455,0.6,-0.08160001086716288,9.156913549018327,4,5,0.8992201685905457,1.0,0.0031326459150975016
cf9e807983c176da150233d9,dependency_treelet,NOUN>nsubj>PART,-0.05284419226263773,0.5,-0.14106778226208894,7.458393635904453,5,5,0.9086182713508606,1.0,0.0031237723459879574
f6a367969436771eea076195,dependency_treelet,NOUN>csubj>VERB,0.047606104517245194,0.6,0.016973481992112866,8.207808284791668,4,5,0.9198160171508789,1.0,0.003102113100847797
885ba26d9418096effca5261,pos_4gram,X>VERB>AUX>NUM,-0.052545368157783046,0.65,-0.04742380699547535,10.182688266634749,3,5,0.8986202478408813,1.0,0.0030542288659216313
8fd47696cd70941a99fdb392,pos_3gram,PRON>SCONJ>VERB,-0.040481934562721505,0.55,-0.4683086960390735,6.4271274051712854,6,5,0.9116176962852478,1.0,0.0029978028913297404
e342a4e6b42dd9b1729c9acb,pos_3gram,NOUN>CCONJ>NOUN,0.014295901378584115,0.6,0.08930468875605564,1.8886031332226862,10,10,0.9746050834655762,1.0,0.002969442471517674
dc4dbc775fc5104737e2588f,pos_4gram,NOUN>ADP>PROPN>NOUN,-0.04003447565893737,0.9,-0.0009491929014146077,11.254024026260693,2,2,1.0,1.0,0.0029403425369354756
2d771014e516856d0602bf6c,pos_4gram,NOUN>ADP>SCONJ>AUX,-0.028299156627318144,0.65,-0.059992006411858166,5.434566002105714,1,4,1.0,1.0,0.002858693469262294
3b3984a6ae4f01ae8eaa1b26,pos_4gram,NOUN>VERB>CCONJ>VERB,0.04558958156043042,0.7,0.0941068905420266,10.25526392219111,5,3,0.978604257106781,1.0,0.002835358398782772
f499c96df9d0ed511aa7873d,pos_4gram,X>X>VERB>PRON,0.03453972845816152,0.55,0.03964815664203791,5.939750372918063,2,2,0.8730253577232361,1.0,0.002737396827142781
2f4c1f161dacf4dbb33f6a79,pos_4gram,X>ADP>NOUN>VERB,0.03912582734961312,0.55,0.059251853512489384,6.86122874354224,2,3,0.8576284646987915,1.0,0.0027373844146138847
4755ab40f81c9de28ae62efd,pos_4gram,ADV>VERB>VERB>PRON,-0.04790983675574778,0.6,-0.13611320320446046,9.571011058619803,2,4,0.9642071723937988,1.0,0.0027193143488397653
ca652283168bdc9aa38177ad,pos_4gram,NOUN>VERB>VERB>VERB,-0.04302449130512129,0.7,-0.11899561872565785,10.156413124975664,9,9,0.9278144240379333,1.0,0.0026995364528194267
6a2e896f0dfba0c21f871203,pos_3gram,VERB>ADP>X,-0.030577535814497497,0.65,-0.008933733252610595,6.464270189454157,6,8,0.9510098099708557,1.0,0.002662738322027007
7c2fcbf0b5a77028396ff52f,pos_4gram,NOUN>NOUN>ADJ>VERB,0.037183988065926266,0.45,0.060767631767218236,5.397639693589962,2,5,0.9374125003814697,1.0,0.002615463738358389
cf72240b9949e7aac61ac46e,pos_3gram,VERB>ADV>ADJ,-0.06507642556348045,0.75,-0.1785713654985508,17.865957679885256,8,8,0.8788242340087891,1.0,0.0025870575987058607
1eceb35ea09d3ddb1a981b47,pos_4gram,SCONJ>AUX>VERB>PRON,0.06314808766965928,0.55,0.011853188291372396,12.513684860757131,3,5,0.8748250007629395,1.0,0.0025700945801370944
ac0684dc9ef455b4bce2179e,pos_3gram,SCONJ>AUX>NOUN,-0.022656945745506137,0.7,-0.048980118332399035,5.2029372532005675,1,5,1.0,1.0,0.002556830961601455
9d3b3b939500c2d7821de900,pos_3gram,VERB>ADJ>VERB,0.05458884370401896,0.7,0.04792493421001446,14.33238675113499,6,5,0.9014196991920471,1.0,0.0024922532423064915
1d15bc1c6b3e5be7d2815a90,pos_4gram,X>NOUN>PART>NUM,0.041813637401565074,0.5,0.08822581030265975,7.400591961685438,2,2,1.0,1.0,0.0024887316032176296
f5fb33717ce90b19bee36e39,pos_4gram,X>NOUN>SCONJ>ADP,-0.036704449204256105,0.5,-0.05156531415393036,6.432319702060125,2,2,1.0,1.0,0.0024692458529523556
8abfc6054b4ba05fbb8c1b00,pos_4gram,AUX>VERB>PRON>PART,0.047027362978451726,0.55,0.023106241963360582,10.058803079101992,3,3,0.9632073640823364,1.0,0.002338865196634713
cf5d25643f12c6c8fb2353a4,pos_4gram,NOUN>DET>NOUN>NOUN,-0.034479475209625854,0.6,-0.18214670403952832,7.9652882809199275,4,5,0.9378124475479126,1.0,0.002307531501223823
5905d62d3dbe9f8d4bf904a0,pos_4gram,VERB>NUM>NOUN>X,0.04585130561701809,0.6,0.03212286241856836,11.155752718164544,5,6,0.9308138489723206,1.0,0.002263190442258753
b0e7d41f1e1bfae371ad5a41,pos_4gram,NOUN>PART>VERB>NOUN,0.03623369733732236,0.55,0.0875069636803494,7.825452919827698,3,7,0.9340131878852844,1.0,0.0022580748791662434
94d12902430644829dd5b134,pos_4gram,SCONJ>VERB>ADP>NOUN,0.03665608901015109,0.5,0.08589226021984246,7.252534770087317,2,3,0.9236152768135071,1.0,0.0022208987923938942
f37d5346494ee740cd712a67,pos_4gram,VERB>NOUN>VERB>DET,0.032391386405897685,0.45,0.007898115336129455,5.580223487651288,1,3,1.0,1.0,0.0022151411589603452
7cda2c292b5342f4f17c7b88,pos_4gram,VERB>X>VERB>VERB,0.0452415270493762,0.45,0.05666562393028959,8.230419577293471,2,4,0.9256148934364319,1.0,0.002205607990161248
8e14da2a0cb8c5f7b4965519,pos_4gram,PART>NOUN>ADV>ADJ,-0.04192579836494366,0.5,-0.04717717121525815,8.993298738900924,4,4,0.9366126656532288,1.0,0.002097695638865426
3cbfeb108c470fefdbc0ed3c,dependency_path,parataxis>compound,-0.03914470815095251,0.6,-0.008855204627485054,10.405018613314288,3,5,0.9402119517326355,1.0,0.002059341215204405
d7506b9dec5750c3699b391c,pos_4gram,ADP>NUM>NOUN>X,-0.04114411478569354,0.6,-0.03265298192067372,11.178202835528449,3,3,0.7998400330543518,1.0,0.002027102783950708
416068f171dd003025c64adc,pos_4gram,VERB>ADJ>NOUN>ADP,-0.03277030784754082,0.55,-0.005345972394468935,7.983497464162216,3,4,0.9704059362411499,1.0,0.002006308721970381
86d33ac47ef2bba785297ae5,pos_3gram,ADP>ADV>ADV,-0.0511303991678656,0.7,-0.09396348325437204,17.234661505476563,4,6,0.9084182977676392,1.0,0.0019628156742452518
15d77ea4c5f75ddf0a6cfcbf,pos_3gram,VERB>NOUN>VERB,0.027610100946552762,0.55,0.020220114222883556,6.926121072084581,10,9,0.9520096182823181,1.0,0.001915887403497635
9b3978ff568de1d9b00f675c,pos_4gram,NOUN>ADV>ADV>VERB,0.04429380143483577,0.55,0.05625221154638612,11.86461205147979,6,7,0.9186162948608398,1.0,0.001893690279323846
f96a9a96e6f086900c2f7937,pos_3gram,X>SCONJ>AUX,0.027406558124413342,0.55,0.03951374320423802,7.000401279695111,3,4,0.955208957195282,1.0,0.001884106364349987
e1c1fcb7ea6d6f6c7a53aa84,dependency_path,root>acl,-0.024150188339001538,0.55,-0.056479209887772545,6.10789480421969,7,8,0.9522095322608948,1.0,0.0018687113346930043
2575215f851b984079d3cb04,pos_4gram,NOUN>AUX>VERB>DET,0.031037009504285812,0.4,0.07564636801363671,5.731612201561676,1,5,0.9674065113067627,1.0,0.0018442541593281618
e7af1f48fee3088e0031c132,function_word,需,0.0327042276043629,0.4,0.07810963522488161,6.1407884715195,1,6,0.9624075293540955,1.0,0.0018319673092012888
0e97d715c17eaf508311e06c,pos_4gram,NOUN>NOUN>VERB>PROPN,-0.028980495012220782,0.55,-0.007387362733093312,7.855978897010521,2,3,1.0,1.0,0.001799831779421018
9a887edd387481f5ee2ededa,pos_3gram,VERB>PART>NOUN,0.006235290287315895,0.5,0.10349038662049724,0.7451192960238191,10,10,0.9880024194717407,1.0,0.0017864939954313557
8cf9a8da1d58e778dc5fa889,pos_4gram,PART>VERB>VERB>VERB,0.04341262855140457,0.55,0.019085496525879344,12.369126018148522,3,4,0.9460107684135437,1.0,0.0017859765605365437
ce18f4c4a6c8db1f5ac0e09c,pos_4gram,VERB>AUX>VERB>NUM,0.025180170469505946,0.5,0.08530904711533653,6.160430794375629,3,3,1.0,1.0,0.001758286002099514
931801f79566fda65da1380c,pos_3gram,NUM>NOUN>VERB,0.028485328566606558,0.7,0.0076202881905270544,10.590101308895996,9,10,0.9500100016593933,1.0,0.0017204103281927162
af7a27a54c96aa42b12c5fc1,pos_3gram,PART>ADP>VERB,0.05076535818672564,0.5,0.1179568379237084,13.87113221925608,3,4,0.9112177491188049,1.0,0.0017068424057514414
a73230d788b8c21e136b5bd2,pos_4gram,X>VERB>ADP>NOUN,0.05089760459934367,0.55,0.06825680943298877,16.88056479319172,4,6,0.9046190977096558,1.0,0.0015655927457223285
3c1f5de7535e6492f9d3df11,pos_4gram,X>VERB>VERB>VERB,0.0439333233903871,0.55,0.09056624739035901,14.606140470757756,3,6,0.9456108808517456,1.0,0.0015483218230663315
0a2df38f5a66375c9a6e764d,pos_4gram,VERB>X>X>VERB,0.039037786373307966,0.5,0.015381770595143798,12.285440999890373,4,6,0.926814615726471,1.0,0.0014691942244758791
699581d658353d2b99934add,pos_4gram,PART>ADJ>NOUN>SCONJ,0.03715364937394759,0.5,0.09288242761146391,11.727191860180717,2,4,1.0,1.0,0.001459616928153232
4b37788e634df5a19531dc9c,pos_3gram,ADP>X>ADP,0.02748475183664293,0.6,0.0578089491355921,10.380331201764514,4,4,0.941611647605896,1.0,0.0014490660078002704
b4a885106a4bda6aff4a2542,pos_4gram,NOUN>VERB>NUM>NOUN,0.019040478332962484,0.55,0.03356163509597846,6.299414447261427,8,10,0.9662067294120789,1.0,0.001434671665623579
d3fe209c56a691a559667ea1,dependency_path,acl>obl,0.025296563949127777,0.65,0.06702463977334831,10.635310293041696,9,9,0.9536092877388,1.0,0.0014131781751249366
c9888eab28a844e350e632d9,pos_4gram,AUX>NOUN>NOUN>VERB,0.028279666793464615,0.5,0.018073114131745095,9.70100385002577,2,3,1.0,1.0,0.0013213557900643364
7ad90eb9052acb9e6cad846a,pos_4gram,X>X>ADV>AUX,0.023333559457407102,0.6,0.05229181573035691,9.694135045515923,4,4,0.9800040125846863,1.0,0.0013091414700541445
10e0f8456d5feebdede39383,pos_4gram,ADP>VERB>ADJ>SCONJ,0.02788347056801401,0.45,0.08311768395336955,8.799429655345358,2,3,1.0,1.0,0.0012804379639341464
0df4077fed185033cb5c1802,pos_4gram,ADV>ADV>VERB>X,-0.029738719748875236,0.6,-0.06521211738273212,12.987912699265918,2,3,1.0,1.0,0.0012756179018947945
d4ab46eb6d4e5c8a817b6142,pos_3gram,ADV>ADJ>ADV,-0.031788360843502665,0.5,-0.06936652613645858,11.744145007067443,3,3,0.9704059362411499,1.0,0.0012471751077013792
ee9615df25a9626965155650,pos_4gram,NOUN>X>NOUN>ADP,-0.03834160794191212,0.65,-0.018383152657949715,19.19871615823912,3,5,0.949410080909729,1.0,0.0012338430307649575
1b40fb35ac416067d8a059ce,pos_4gram,NUM>NUM>NOUN>VERB,0.0305967644623165,0.5,0.07614079001433217,11.427567883805354,2,2,1.0,1.0,0.0012310037148212981
3d5495db657488afcf21ea32,pos_4gram,ADJ>NOUN>CCONJ>NOUN,0.03112715881520796,0.55,0.07455475595094377,12.91569448101425,3,4,0.9058188199996948,1.0,0.001230261081954753
caf7b2920e9ac86f6a0908ae,dependency_path,conj>nmod,0.0244429799871677,0.6,0.11134884930784666,10.96014229738604,10,10,0.9476104974746704,1.0,0.001226221864894192
06ec152bdee3a15930d62998,pos_4gram,VERB>NUM>NOUN>ADV,-0.04190653675826318,0.6,-0.23698914425751424,19.77447477178047,5,4,0.9448110461235046,1.0,0.001210327689685459
a9bb2a219b9a34ec7f5eb06a,pos_4gram,NOUN>NOUN>ADP>ADP,0.02514330896689984,0.5,0.07285506414419719,9.602128906935873,2,2,1.0,1.0,0.0011857669901773776
3a2d7120bdec9eb245167e5b,pos_3gram,X>X>PART,-0.020926255643474775,0.65,-0.0014253720099546387,10.555484828971924,6,8,0.9696060419082642,1.0,0.0011771090845236964
cdd2bc1e1072532123b068fc,pos_4gram,PART>NOUN>ADJ>NOUN,0.012209058984862436,0.6,0.09413203291417463,5.3265693492068475,5,4,0.9678064584732056,1.0,0.0011578843108446823
fc03c5a6b79e358f426140e7,pos_3gram,DET>X>X,-0.035789680896593776,0.55,-0.04234224824034043,16.908564440672997,2,3,1.0,1.0,0.0010991570294948134
64cff4c71aee06f6aeb39bb1,pos_3gram,VERB>ADV>AUX,-0.03232704724608989,0.6,-0.11393258706226722,16.689282821225156,2,4,0.9682063460350037,1.0,0.0010964960277745478
c1e01b521b21b61ba5b0bf7e,pos_3gram,X>SCONJ>ADP,-0.019572267038654965,0.6,-0.032241510959093944,9.829131576374985,1,3,1.0,1.0,0.0010844230805000551
4df9e0634426a4591aa3ac23,pos_4gram,ADJ>SCONJ>NOUN>ADV,-0.03431271057395101,0.55,-0.049195285878088135,16.475370953726184,2,3,1.0,1.0,0.0010799193256409289
7a3a33f621f564231dedde25,dependency_treelet,VERB>obj>ADJ,-0.029862932336635426,0.65,-0.0006947771582238687,17.324790999094294,3,6,0.938812255859375,1.0,0.0010592702541476415
0eb272648017dfe4c2bcd03a,pos_4gram,SCONJ>VERB>AUX>NUM,-0.011648955437952932,0.5,-0.15822865771127415,4.610879381944341,2,3,1.0,1.0,0.0010380686025294856
14eb8ff2989272f2f10e7c08,pos_4gram,AUX>VERB>ADV>ADJ,-0.018446053111914527,0.5,-0.08289879661284288,8.12668340951767,2,2,1.0,1.0,0.0010105562055915211
c2fed99b10333125ba3f7811,pos_4gram,VERB>DET>PART>NOUN,0.011006174477072797,0.5,0.05853204805457521,4.538445682025851,2,3,1.0,1.0,0.0009936158183144772
4341d7978f70bf28ff4d68da,pos_4gram,NUM>NOUN>SCONJ>VERB,-0.030755908899807144,0.5,-0.036243433676539746,15.87296392639767,4,5,0.9430114030838013,1.0,0.0009113961552329781
87224de8da67a0f8790a4a79,pos_4gram,PRON>AUX>NOUN>NOUN,-0.03722401743150495,0.55,-0.0700866855111347,22.057744861854765,3,4,0.9380123615264893,1.0,0.0008879103186364627
073f9a0b4288132728baac29,pos_4gram,PART>NOUN>NOUN>CCONJ,0.031734396326345414,0.65,0.07060182185106599,23.07314311910998,4,4,0.9420115947723389,1.0,0.0008568618360329486
6ec2cd51c7bf0d41e181a5a4,pos_4gram,ADJ>NOUN>NOUN>VERB,0.03346501804620521,0.55,0.08131205042923294,20.55114172018579,4,7,0.9436112642288208,1.0,0.0008540503405521754
93c5f21c0164690172550105,dependency_path,ccomp>det,-0.019993828862273407,0.5,-0.15280641823384694,11.454416293224638,2,2,1.0,1.0,0.0008026802859139334
06e70b57b05e9e3af6299fe3,pos_4gram,AUX>X>X>PART,0.02207355418436015,0.45,0.029365404409779004,12.516596853290794,1,3,1.0,1.0,0.0007348816784857885
4fcf8a7b85e8137755dedb34,pos_3gram,VERB>NOUN>ADJ,-0.028322652820545684,0.5,-0.006623869558756525,18.56088251856548,7,8,0.9488102197647095,1.0,0.0007239615286698924
aab6210e9fa00c4bbd09ae58,dependency_treelet,VERB>xcomp>NOUN,-0.01722544908227605,0.55,-0.03629630924323032,12.105376539280996,3,4,0.9590082168579102,1.0,0.0007229091790575598
d39250dd2097ea7305eca09c,pos_2gram,NUM>ADP,0.02050066826231753,0.6,0.0659711882453226,16.196163143787498,6,6,0.9676064848899841,1.0,0.0007152991544997243
dcfe6f1d5649c130802fde39,pos_3gram,VERB>VERB>VERB,0.011723940950860568,0.55,0.05542010178703783,8.82423874564182,10,10,0.9806038737297058,1.0,0.0006563528930762006
d84dc390810c0cb8b1dc4d89,punctuation_run,《,0.01791761197008974,0.55,0.060403922373626,14.098949254261727,2,3,1.0,1.0,0.0006526736673923082
eaff51ad4d584d9597f33cde,pos_4gram,X>AUX>VERB>NOUN,0.023960134561604257,0.55,0.05033760743212493,19.93525609524905,3,3,0.9382123351097107,1.0,0.0006294680107530624
6a70d35ccbca50a63651ac3a,dependency_treelet,VERB>obj>VERB,0.01925914963580964,0.6,0.08918900475464614,18.387933291122646,7,8,0.9688062071800232,1.0,0.0005960145214021763
f8375d014c9f6af51342ead9,pos_4gram,NUM>NOUN>NOUN>ADV,-0.015500553786321704,0.6,-0.026370143577197646,15.174547244065938,5,6,0.9666066765785217,1.0,0.0005749979972518301
a273fd78936f959cb9b6c27b,pos_3gram,PART>SCONJ>NOUN,-0.014811895946078507,0.7,-0.049415276711542194,17.28207858209706,5,7,0.9850029945373535,1.0,0.0005671306528792771
ad46015b7bdbb289f5643d2c,dependency_treelet,ADJ>advmod>ADV,-0.023441213218046788,0.65,-0.2233492256069131,27.426334190898192,10,10,0.9524095058441162,1.0,0.0005360096201433201
74d316c53db41edd61ca5137,pos_4gram,VERB>PART>VERB>X,0.018739115387015122,0.6,0.009363509990801036,21.271073720807408,3,2,1.0,1.0,0.0005048463030188136
374be67ebc9681b78ff98efa,function_word,才,-0.021441037741624563,0.6,-0.07208396015287893,24.693062197443293,2,4,0.9228154420852661,1.0,0.0005007041413014168
a896845f5a635aef49d57517,pos_4gram,VERB>PART>ADV>VERB,-0.021056918954322643,0.6,-0.01356981993950397,25.81774748533258,5,6,0.9568086266517639,1.0,0.00047111157935630417
7f779dbb3c092d991f3b4d04,pos_4gram,NOUN>X>SCONJ>VERB,0.019367282639657743,0.55,0.0221195410026374,25.061885299699497,2,2,1.0,1.0,0.0004087196812248491
1ecece3f4b8ad7f07b2f7453,pos_4gram,ADJ>VERB>NUM>NOUN,0.015772820128680122,0.5,0.07287819644223145,18.348485397078527,3,3,1.0,1.0,0.0004075983159659024
74e298c0ba156872263d08cb,pos_2gram,CCONJ>ADP,0.025392957468669496,0.6,0.06317481630229554,38.48284725339384,4,5,0.9658068418502808,1.0,0.00038588337825337736
cb548f4c4c28059cf7041c9e,pos_3gram,X>VERB>ADP,0.01756290320940423,0.65,0.05049957412794192,30.86297842767329,6,9,0.9726054668426514,1.0,0.0003582806017970356
c7a044622e8e8d8922fa4796,pos_4gram,NUM>NOUN>ADJ>NOUN,-0.01722147869180115,0.6,-0.02351991730826604,28.526595966401803,6,8,0.9720056056976318,1.0,0.00034995186125886103
e816a62730890253e9675ccb,pos_4gram,NOUN>ADP>X>VERB,-0.006222044885279138,0.4,-0.01838697182223201,6.494481907282211,5,5,0.9928014278411865,1.0,0.0003320867252602651
65ebccb533b3977f69bebacb,function_word,可能,0.011945359027212034,0.55,0.013739095197861073,18.909962190304398,6,8,0.9798040390014648,1.0,0.0003299829202169958
d453d0a2fc41ec0e819bef5a,pos_3gram,NOUN>ADP>ADV,-0.015368384856631657,0.6,-0.06189886801356422,27.515688696967814,9,8,0.9696060419082642,1.0,0.0003233669371260706
85d76612fd1c60d5809eb02c,pos_4gram,VERB>NOUN>VERB>VERB,-0.01763306209020808,0.55,-0.010461725919897467,29.397468652114775,7,7,0.9680063724517822,1.0,0.0003190457817591905
232321d5f31dabd86463d252,pos_4gram,NOUN>ADV>AUX>ADJ,-0.014434179554981604,0.65,-0.0767224886939463,29.673820029937385,1,4,1.0,1.0,0.00030587050134548224
bc73f17b491dae130e93c9f8,pos_4gram,ADP>VERB>AUX>NOUN,0.008910351298978134,0.45,0.016017208151135286,12.718116437195528,2,5,1.0,1.0,0.0002922892587256591
f751887eafeb8f4de5ab6c67,pos_4gram,ADP>VERB>NUM>NOUN,0.008683228144357201,0.65,0.043150752685632864,19.03195146081339,5,7,0.9830033779144287,1.0,0.00028175479083369367
be6748f28ec47eb1bebd157c,pos_4gram,X>VERB>VERB>ADP,0.020169088928848646,0.45,0.07600341231010908,31.793778022188956,2,3,1.0,1.0,0.0002767625618445309
38b098180ed30de801bdb0b1,pos_4gram,AUX>VERB>ADJ>SCONJ,0.01322667267230411,0.65,0.03243214881064751,36.63431671624989,5,5,0.9774045348167419,1.0,0.0002284440900526694
a52ccea6dd346dc8655e1833,pos_4gram,NOUN>PRON>AUX>VERB,-0.019433697564912755,0.45,-0.2373631975649909,38.944286973473915,4,4,0.933013379573822,1.0,0.00021893403454712317
bc4d9b0f32bf72b6801dfd7e,pos_4gram,ADP>NOUN>VERB>SCONJ,0.016558953928322948,0.5,0.0768618459342641,36.828333304324936,3,5,0.9732053279876709,1.0,0.00021886972649717232
80759eae6a572a6a160a52ac,pos_3gram,ADV>AUX>ADJ,-0.011032849601280575,0.6,-0.15618359961612563,34.374585210279406,2,4,1.0,1.0,0.00018713179875943085
ee1d3d1e1ece86dceb9c167c,pos_3gram,ADP>NOUN>VERB,0.0065768210486104465,0.6,0.12317349388387688,23.044192342585735,10,10,0.9896020889282227,1.0,0.00016411832732585359
8f595ca6eaf9d84ef7f7f02c,dependency_path,ccomp>csubj,-0.011282932772880947,0.5,-0.10113281178552404,34.26145190453721,4,5,0.978604257106781,1.0,0.00015998962271075875
2c35aad71d261861be0eb9ef,dependency_treelet,ADJ>xcomp>VERB,-0.011818668100974644,0.55,-0.03265055646415924,45.027756328150986,3,4,0.9810037612915039,1.0,0.000141224947164336
0fad461bb9ff69398985a555,pos_4gram,DET>NOUN>NOUN>VERB,-0.011160435924944026,0.55,-0.04930911197830962,42.64039507378681,8,7,0.9816036820411682,1.0,0.00014065499976204915
7e0ac0e704b9c58e30f909ff,function_word,所有,0.012439840262482144,0.6,0.01948488523030948,54.67701597553032,5,7,0.9784042835235596,1.0,0.0001340571872740023
9dc8e46d36288467f52b835c,function_word,地,0.010969198906055995,0.55,0.04986698928464162,47.301250041349235,7,7,0.9800040125846863,1.0,0.00012490482944367028
e249f8d4a3eaa59a2adf535c,pos_4gram,ADV>VERB>X>X,0.007680312300773819,0.5,0.010566691477612874,30.730439415201666,3,4,0.9510098099708557,1.0,0.00012102436087119354
4bd32e6f0eea7f52bb94f487,pos_4gram,NOUN>AUX>NUM>NOUN,-0.0097718754986178,0.5,-0.09457928698139323,46.22208857640334,4,4,0.9908018112182617,1.0,0.0001034672098715765
83b6f72b5ba9a0d28c9b62a0,pos_4gram,X>NOUN>PART>ADJ,0.01126298769174303,0.5,0.039152086028376755,54.67760975784053,2,4,1.0,1.0,0.00010114467683445206
12d93499712038dddc89a10a,function_word,之外,0.008181999393613495,0.6,0.05351155769266467,48.30085816493576,3,3,1.0,1.0,9.957635260109257e-05
cbb41e637dca7ed949ce86c7,pos_4gram,PART>NOUN>PART>VERB,0.009911008041726961,0.45,0.03996815818264598,45.93796641414905,2,5,0.9816036820411682,1.0,9.501804103368053e-05
b641bd877a7dfab7427d2a22,pos_3gram,ADV>AUX>AUX,-0.00634790221227197,0.65,-0.07183968624332662,43.251442699720634,1,4,1.0,1.0,9.324298116054032e-05
3cfca592dd435ab085885325,dependency_treelet,PART>cop>AUX,0.009887927996026228,0.55,0.006580466701376597,59.664558838720346,6,9,0.9832033514976501,1.0,8.964641797317886e-05
7b8d60364027c06c52fe0a0d,pos_4gram,ADV>ADV>ADP>NOUN,0.0076806061209285315,0.55,0.008244578955780553,49.94633340134555,2,2,1.0,1.0,8.291731876428075e-05
79bac8b5c7b680a396b04101,pos_4gram,NOUN>VERB>NOUN>SCONJ,-0.0068514641872660376,0.65,-0.0904439697456302,71.18335292444189,6,7,0.9878024458885193,1.0,6.169638207835242e-05
f2ddcff666bcdbf8bb63bf02,pos_4gram,NOUN>SCONJ>VERB>ADJ,-0.007222173726508845,0.5,-0.015193777977203294,67.568223896579,4,6,0.9828034043312073,1.0,5.266414467291732e-05
b8a63d4c63bdf49b6e23af3c,pos_4gram,PROPN>VERB>NOUN>NOUN,0.006724507295411793,0.55,0.050885815478681505,105.7432089812693,3,2,1.0,1.0,3.464837761365666e-05
f22f7d1565390d19091d0b5d,pos_4gram,VERB>ADP>X>X,-0.0026814763666287906,0.55,-0.002402481605280453,47.38971138400258,3,4,1.0,1.0,3.0477801157818048e-05
c05cc35f350f2e2f7459daa5,pos_4gram,X>X>VERB>AUX,0.0030673088407754128,0.45,0.025384399477423155,44.80380707541839,4,6,0.9952009320259094,1.0,3.013480901437335e-05
691391982411df62f28e98bf,pos_4gram,NOUN>PART>SCONJ>NOUN,0.005385274414289278,0.4,0.03961773940080512,71.49120205251775,3,7,0.9932013750076294,1.0,2.9715464838824468e-05
6ef27acc8daa03203f71a17c,pos_4gram,X>NOUN>CCONJ>NOUN,0.0053664344228063045,0.55,0.04781074956450923,111.24376907590354,3,2,1.0,1.0,2.6295793137056223e-05
bcbbac70396215df5898a5db,pos_2gram,ADJ>ADV,-0.005545725556831923,0.5,-0.019619448382048398,104.95513933839997,5,4,0.9884023070335388,1.0,2.617015838712628e-05
32ce52d6f9765a9fedf8a090,pos_3gram,ADJ>NOUN>X,0.0037513065876611474,0.5,0.09354082186349165,76.65532464876999,6,7,0.9926014542579651,1.0,2.4153569665879736e-05
162dee82a2d362a929f4f1ef,pos_4gram,NOUN>ADP>NOUN>CCONJ,-0.003097586053609237,0.55,-0.011930202058769929,77.8252220144138,2,3,1.0,1.0,2.1613289324748758e-05
3afc36703bfa90f20db463bf,pos_4gram,AUX>ADV>ADJ>SCONJ,-0.0028260837666141715,0.65,-0.015745932646825483,127.23113379933547,2,5,1.0,1.0,1.4325338892922831e-05
16eb18ed233f21bb881af1b5,pos_4gram,PRON>ADP>NUM>NOUN,-0.001397476409725235,0.5,-0.3861500109129962,62.427748592060894,2,2,1.0,1.0,1.101628577984994e-05
b04749d6aef176f2acff7b12,pos_4gram,VERB>SCONJ>VERB>PRON,-0.0033163960219653667,0.6,-0.0028722538587459935,187.64603988761777,2,4,1.0,1.0,1.0547995676795692e-05
4f6ee4d9dc603a81eca51cd4,pos_4gram,PART>SCONJ>NOUN>NOUN,0.00265821293151369,0.4,0.05666152741913446,159.46390377964732,2,6,1.0,1.0,6.626319985743357e-06
b54ec1d4a913927365014cbd,pos_4gram,X>NUM>NOUN>VERB,0.002664936080955072,0.45,0.02139630732465688,215.17557785697804,2,4,1.0,1.0,5.547440873377419e-06
615620f7ae0951d01ea57fae,dependency_path,obj>nmod,0.002330414188142646,0.4,0.15774181984422098,312.70057163960024,10,10,0.9960007667541504,1.0,2.9715141110038886e-06
441885af691c299e911dc11d,pos_4gram,AUX>VERB>NOUN>ADV,0.0008265541688214734,0.5,0.04727081885459958,141.98687473442192,2,2,1.0,1.0,2.8903148290942155e-06
03b1d842268c32ad59b4869f,pos_3gram,ADJ>SCONJ>NOUN,0.1014862920444016,0.85,-0.0003128807043719655,1.1990480980105709,10,10,0.8104379177093506,1.0,0.0
04191f702f805dc36d9da150,pos_3gram,SCONJ>X>X,-0.04438364683976019,0.65,0.020588760499014754,3.622708951206164,6,7,0.917416512966156,1.0,0.0
04889fcb24ef7eb07936c216,pos_4gram,PRON>VERB>NOUN>NOUN,0.21680889196601533,0.95,-0.06176870583061875,4.176919773906695,2,3,0.6514697074890137,1.0,0.0
06580b624d6c276c2c3efe89,pos_3gram,PART>ADJ>PART,-0.006329388335082486,0.45,0.06324042051112999,43.7601749500146,6,5,0.993001401424408,1.0,0.0
075b859bddb9e9857f24ce8b,pos_2gram,SCONJ>AUX,0.021929680209090134,0.6,-0.10024596110901988,10.723202378047274,10,9,0.9644070863723755,1.0,0.0
07d15f7b16572379e47bd213,pos_4gram,NOUN>SCONJ>AUX>ADV,0.06151497381000395,0.5,-0.14636098963928804,6.025724920681287,3,4,0.887422502040863,1.0,0.0
0adf6fed19c70d0ce7ca4c09,pos_2gram,VERB>ADV,0.01698962833563403,0.65,-0.11128516429914462,42.358793945256856,9,9,0.9670065641403198,1.0,0.0
0d754e543c67a025de3af893,pos_4gram,NOUN>SCONJ>ADV>VERB,0.012703733906891066,0.55,-0.051333122336217896,37.83212628647683,6,8,0.9756048917770386,1.0,0.0
0d8d0a469731afa6a8e560ea,pos_2gram,ADJ>SCONJ,0.08226745038972365,0.8,-0.027507934250850897,2.1694224368731265,10,10,0.8488302230834961,1.0,0.0
0fa0285d9bbc9b23dc1ffb4f,pos_2gram,ADJ>PRON,0.0012017319916851326,0.55,-0.19491394865283743,390.10122359080196,3,3,1.0,1.0,0.0
1125314da51ef2600fe0c855,pos_4gram,NOUN>PRON>VERB>VERB,0.09877095762339533,0.9,-0.0324322812909903,0.33018150444676997,3,4,0.8238352537155151,1.0,0.0
1132e783e90417d6398d6716,function_word,靠,0.015154363066058095,0.4,-0.01752194721719735,28.263625764229396,1,4,1.0,1.0,0.0
117a60a5c48d57e739b1c123,pos_3gram,ADJ>SCONJ>VERB,0.06525845566132131,0.8,-0.0001180205508206083,2.426385143278321,9,9,0.8786242604255676,1.0,0.0
11aa15aff47b4c86426142ce,pos_3gram,PRON>ADP>NUM,0.22560575659657758,0.95,-0.05817198231235241,0.3856469005013705,2,3,0.6452709436416626,1.0,0.0
1336b4629f0a2499b68aaa4c,function_word,想,0.04408892698681023,0.65,-0.251514755187754,6.10544163112369,5,5,0.9336132407188416,1.0,0.0
14663c73741b19a622901fb0,dependency_treelet,VERB>obj>PART,-0.03508731479597611,0.65,0.07793796771757347,20.012178029423854,10,10,0.933813214302063,1.0,0.0
15a32add6cc4881eb4eb1e2a,pos_4gram,SCONJ>VERB>AUX>VERB,0.04834728643393943,0.5,-0.014444670244092798,6.513267198810557,4,5,0.9142171740531921,1.0,0.0
16a6a5343c0465d4a8a0c36a,pos_3gram,AUX>NUM>NOUN,0.14342852871173625,0.9,-0.03865519246900074,4.151462812649831,10,9,0.7490501999855042,1.0,0.0
16e6dce919ba5e15a503f9ee,pos_2gram,PRON>NOUN,0.28436990721155386,0.95,-0.08803878960466263,0.09327017074084128,9,9,0.5824834704399109,0.9895152645881432,0.0
17f7aee6dccabcf419b9ab9e,pos_2gram,CCONJ>NOUN,-0.01074444044835763,0.5,0.08183658000374527,3.12489039114352,10,10,0.979404091835022,1.0,0.0
1a1e90e611667b1accd938f6,dependency_treelet,NUM>clf>NOUN,0.024833813002955483,0.4,-0.13152621070261744,2.176521213825624,10,10,0.9542091488838196,1.0,0.0
1b277396212784725a941b9e,pos_3gram,AUX>DET>NUM,0.008316417826038989,0.45,-0.01789851779328052,72.830969619994,3,5,0.9790042042732239,1.0,0.0
1b9f6c457d62012c47bd05db,pos_4gram,ADP>PART>NOUN>PART,0.05018606202329828,0.45,-0.05087273020204907,10.598560579826175,2,3,1.0,1.0,0.0
1f4983a6320c77f0e07902a9,dependency_treelet,NOUN>mark>SCONJ,0.022595493569940846,0.5,-0.11322532246971005,14.99326059713016,5,8,0.9634073376655579,1.0,0.0
212a0d19f22fec17b1844336,pos_4gram,PRON>VERB>PRON>PART,0.11716242004924783,0.9,-0.07849651714277091,0.11563708689364056,2,3,0.9282143712043762,1.0,0.0
219abb7e8e9349ca40743851,pos_3gram,PRON>AUX>NOUN,0.16685312076123304,0.9,-0.02228931775679156,3.1389572141010595,5,5,0.6964607238769531,1.0,0.0
21c3a0c3b11a1facf5c3ac39,pos_4gram,X>X>X>NOUN,-0.032195060941978985,0.6,0.036182511461397636,1.9196210983836954,7,8,0.942411482334137,1.0,0.0
23819da6f2e706d711db55c3,pos_4gram,ADP>X>VERB>SCONJ,-0.033423242561862736,0.55,0.015040006148634993,6.357592768361721,2,3,0.926814615726471,1.0,0.0
238fcdaab8c59f8354bc8c67,pos_4gram,VERB>PRON>VERB>NOUN,0.016668717304511076,0.5,-0.17771066184738463,14.58407865284775,2,2,0.8536292910575867,1.0,0.0
252b1abfbdbfd3839275fcdc,pos_3gram,NUM>ADP>VERB,-0.03580606169639413,0.55,0.017190845986616726,6.981632634593029,2,3,1.0,1.0,0.0
2806f3ca2b60bf03405361d2,pos_4gram,VERB>AUX>AUX>VERB,-0.03963558712946205,0.5,0.002166023160772068,6.7190001017300425,2,2,1.0,1.0,0.0
2adecce203ea3651caa06d5c,pos_3gram,PRON>AUX>ADV,0.01134332242055259,0.55,-0.12325875317716041,67.94222292703546,4,4,0.9916016459465027,1.0,0.0
2d03fc7be40d672839c5ab24,pos_3gram,PRON>VERB>ADP,0.2536977628867526,0.95,-0.009758084055472646,2.894467003464528,4,5,0.5774844884872437,0.9895152645881432,0.0
2d43357076d4d4d1ed43e60c,dependency_path,obj>nummod,0.1303792645200947,0.9,-0.006092908277347057,0.43251962196199356,10,10,0.7724454998970032,1.0,0.0
2daa28dff3aa9dc372377f5a,pos_3gram,CCONJ>NOUN>NOUN,-0.010103797197299773,0.5,0.09366650115342873,44.297775042530915,10,10,0.9820035696029663,1.0,0.0
315d71ed0418fd3fee7737ee,dependency_treelet,NOUN>conj>VERB,-0.02477474185692492,0.65,0.00718665216657589,3.8906639923330326,4,6,0.9538092017173767,1.0,0.0
31c3f6cd8699c52e0504e71d,pos_3gram,AUX>ADP>DET,0.07735594313281778,0.6,-0.011087635592376684,1.162496148699992,4,6,0.8574284911155701,1.0,0.0
3269f96a51ea9bbd8894ab19,punctuation_run,？,0.13537036103382302,0.95,-0.014825909873068473,1.9816310348450556,5,8,0.7776444554328918,1.0,0.0
340b549c36cca0bf2558fdb9,dependency_path,xcomp>punct,0.033947816522565726,0.7,-0.06565453342211897,17.64430931786462,8,9,0.9370126128196716,1.0,0.0
35d0b5a383b2afc0bec66558,dependency_path,advmod>punct,0.14244843632944146,0.9,-0.022713324062818337,1.6890749293123177,5,5,0.7472505569458008,1.0,0.0
3674ae35dbb3988f49c5d163,pos_3gram,NOUN>NOUN>DET,0.010719919437400548,0.5,-0.008100414772126394,10.679748301871205,7,6,0.9800040125846863,1.0,0.0
385711c5e2c8c6e141a15164,pos_4gram,X>VERB>NUM>NOUN,-0.04800499157995906,0.6,0.019167220759108938,6.727123052675254,4,7,0.9214156866073608,1.0,0.0
3ae91800599d3456ce072780,dependency_path,compound>aux,-0.009077984469532199,0.45,0.022924439595472412,50.82720155601877,3,4,1.0,1.0,0.0
3d2fc139a5330590fad6edef,pos_3gram,AUX>VERB>ADV,0.034995327739969224,0.5,-0.12520320731775916,3.6520973129053522,3,4,0.9642071723937988,1.0,0.0
3e6d5b65ca4286769dab67ab,pos_3gram,VERB>ADJ>PART,0.012417343646069105,0.4,-0.045912409590492816,3.2725780740966637,6,7,0.9790042042732239,1.0,0.0
3ebb0156e8c9e463ed98800b,pos_2gram,PART>CCONJ,-0.08025466978197195,0.7,0.012774846437259025,1.4021674086928513,9,8,0.8500300049781799,1.0,0.0
3f4109cc005ae60fcafa7e8d,pos_3gram,VERB>VERB>NOUN,-0.006698199497265311,0.55,0.03239178318753205,52.52488737867173,10,10,0.9894021153450012,1.0,0.0
3f4cef3dbdd44fb30b97735d,pos_4gram,VERB>VERB>PART>NOUN,-0.06414099892587273,0.65,0.0016136321309055406,3.320229105025364,7,8,0.8832233548164368,1.0,0.0
42185d07ab0cd399abee8555,pos_3gram,NOUN>DET>NOUN,0.10511110040397909,0.8,-0.031673916869020456,3.708995544671964,7,7,0.8006398677825928,1.0,0.0
432aaaaaf8a44e4e5d55b315,pos_3gram,PRON>NOUN>VERB,0.21290156004510805,0.95,-0.12465971511446859,0.9035731547647702,3,5,0.6672665476799011,1.0,0.0
489f542faaaf79c483ba4937,dependency_path,conj>compound,-0.04955449922938995,0.7,0.021408931991370145,0.49833270233538596,9,9,0.909618079662323,1.0,0.0
49181f4e3eb04fc81b6a7d26,pos_4gram,PRON>ADJ>SCONJ>NOUN,0.18110400892191497,0.95,-0.09123734945798433,3.5437988380638434,2,3,0.7176564335823059,1.0,0.0
496eb9c55dcfdab3031ae947,pos_3gram,VERB>AUX>NUM,0.20487167949409568,0.95,-0.08562658325058767,4.411995913990807,9,9,0.6510697603225708,1.0,0.0
4bb06593081ceb9cbc4da5ea,pos_4gram,NOUN>NOUN>PRON>ADP,0.13935870894316388,0.85,-0.036919003637084606,1.2725844882903554,3,3,0.708258330821991,1.0,0.0
4c5b3db898d3238c0c64ed81,dependency_treelet,ADJ>nmod>PRON,0.10832361146892498,0.9,-0.03038657746870523,3.3781545713021757,2,3,0.7910417914390564,1.0,0.0
4c8fbde73551d41b92eabba0,pos_3gram,VERB>ADV>ADP,0.05036829113363342,0.45,-0.08451759953852524,4.670850304945075,2,4,0.9266146421432495,1.0,0.0
4d3d1eaba6b13bf921b88035,pos_4gram,X>SCONJ>VERB>VERB,-0.026829202165993823,0.5,0.018556946566541353,13.171738648245004,2,2,1.0,1.0,0.0
4eb514110730a3b8bf934d79,dependency_treelet,VERB>nsubj>NOUN,-0.10135363259974248,0.75,0.012956432584933814,0.27915376248600116,10,10,0.810637891292572,1.0,0.0
4f7a17cd6357e2b6be0f80df,pos_4gram,X>X>VERB>SCONJ,-0.01606768988899685,0.7,0.047772746812558727,2.856873326295734,4,6,0.9894021153450012,1.0,0.0
50631072ac79782acb137375,pos_3gram,PROPN>PROPN>PROPN,-0.031854909389942836,0.55,0.012477836565746265,4.329878459411059,4,3,0.9266146421432495,1.0,0.0
58885a5a540c2bfc52e9859a,pos_3gram,NOUN>PART>ADJ,-0.029634962896627277,0.5,0.0830270346173016,2.5500649884589475,9,10,0.9492101669311523,1.0,0.0
59fffeb17dfa5968bd94e8a7,pos_3gram,X>ADP>DET,-0.004988818352624728,0.5,0.037520945214087595,21.68355384426617,3,5,0.9960007667541504,1.0,0.0
5a463fcc996e611dec372638,pos_4gram,PART>NOUN>NOUN>ADP,-0.058383565737408896,0.65,0.004225581466690398,6.4922996708000245,6,7,0.8994200825691223,1.0,0.0
5c3428b6a91d1c2fcf04d238,pos_3gram,ADV>ADV>ADJ,0.1371069319153156,0.95,-0.3524567248130195,0.9932998833406669,3,3,0.797840416431427,1.0,0.0
5f6f49f171c986b38e682c12,pos_2gram,ADV>DET,0.019742870839507244,0.5,-0.03805361517209036,1.1191612478684723,2,2,1.0,1.0,0.0
60937e91726889bdb9f699ec,pos_2gram,PART>NOUN,-0.10960130189778826,0.75,0.009165749464120168,3.348290041471323,10,10,0.8006398677825928,1.0,0.0
63fe15e44547cd78c662602f,punctuation_run,(,-0.02704929004426636,0.6,0.027267095441884097,6.342636887183135,3,4,0.9826034903526306,1.0,0.0
64d32392884bba7cae7abe13,pos_3gram,ADP>ADP>NOUN,-0.009946457690429938,0.55,0.053691599881190835,59.01850743183279,3,4,1.0,1.0,0.0
6568885f76b135cff3ba63ff,pos_4gram,NOUN>ADP>SCONJ>VERB,0.025456512109487316,0.45,-0.10293037699745977,45.74442971307033,4,5,0.946610689163208,1.0,0.0
660c95de920ec8f6bf102154,pos_4gram,NOUN>X>NOUN>ADV,-0.031880879847302854,0.5,0.013625459421145944,12.328973087938504,2,2,1.0,1.0,0.0
663bd60cf095120b7a28f077,pos_3gram,AUX>SCONJ>VERB,0.01653950248822242,0.45,-0.2591602772940311,34.137874556539785,2,3,1.0,1.0,0.0
687205a0508c89456118dd2a,pos_4gram,PRON>AUX>VERB>NOUN,0.03258586042985925,0.5,-0.07366507722045165,12.02951331236152,4,5,0.9290142059326172,1.0,0.0
68beb0d85bedd02f97a9b4c1,pos_2gram,VERB>AUX,0.06163373125713521,0.7,-0.02508041527875109,13.176184231554284,10,10,0.8814237117767334,1.0,0.0
6ca78fea5934977ad5d0f3be,pos_2gram,PRON>SCONJ,0.3023582094497496,0.95,-0.10787275853425243,0.4064836389317028,7,7,0.5918816328048706,0.9895152645881432,0.0
6d003c4323ed02fa37df9bd3,pos_4gram,VERB>PART>NOUN>NOUN,-0.005566047525203544,0.6,0.07300844294597005,96.54218561073974,6,9,0.9896020889282227,1.0,0.0
6d8947b28d2a1a573116a62c,pos_4gram,NOUN>AUX>VERB>ADJ,0.042270841770221904,0.85,-0.01666679227783812,2.4425914059814473,1,4,0.9288142323493958,1.0,0.0
6ef9e523d445d968e23d79b8,pos_4gram,ADJ>PART>AUX>VERB,0.04892500287157021,0.9,-5.354327479272364e-05,1.6550338189951872,1,3,1.0,1.0,0.0
70974474a838779cc5797f42,pos_2gram,AUX>NUM,0.01032121531184499,0.65,-0.19128655278148204,44.9813707496512,10,9,0.9824035167694092,1.0,0.0
70e18a2d5b0c1628c855afbe,function_word,应该,0.0341877827098315,0.5,-0.07429426558318512,11.938725965854868,3,3,0.9642071723937988,1.0,0.0
7465efab2cc6647f99b8a1de,pos_3gram,ADP>VERB>PRON,0.028409184871745107,0.45,-0.06683345658721639,11.28728151961727,2,6,0.9524095058441162,1.0,0.0
74b251b94821d1d8f747b195,pos_2gram,NOUN>SCONJ,0.07689312353847998,0.75,-0.04210544105997739,6.182136179099125,10,10,0.8568286299705505,1.0,0.0
7710dc4b61fac831a2cf15e3,pos_3gram,NOUN>PART>NOUN,-0.06879867281567333,0.7,0.04117772977756697,5.396399897456785,10,10,0.872625470161438,1.0,0.0
783ab6e955c0987910376b08,pos_4gram,NOUN>X>NOUN>PART,-0.06934397058810299,0.65,0.007985919588787405,9.633951425781733,5,6,0.866026759147644,1.0,0.0
7923b01b71d74eebab423978,pos_2gram,ADP>DET,0.013521071751273143,0.6,-0.08417230703209877,21.57038245397952,9,10,0.9720056056976318,1.0,0.0
7b1e22ed0801998f99ccc768,pos_3gram,VERB>AUX>AUX,-0.03879600534317195,0.5,0.02067444055254206,7.170503760306306,3,3,0.9250149726867676,1.0,0.0
7c13dcf2e9377caa9f0383e2,pos_4gram,AUX>VERB>VERB>PRON,0.0619657043557,0.85,-0.15538183951808238,4.393444905618913,2,3,0.9288142323493958,1.0,0.0
7c1cf738039de57cd0c8adfd,pos_4gram,VERB>NOUN>VERB>PRON,0.11073135684244112,0.9,-0.00947747081280298,0.6369440801269636,3,3,0.8584282994270325,1.0,0.0
7d2f605b6a152ce4effce0ce,pos_2gram,PRON>VERB,0.26320856374696244,0.95,-0.06860590539420959,0.7092740887450987,9,9,0.5828834176063538,0.9895152645881432,0.0
7dcb36faced5564589aa72cf,dependency_path,nmod>conj,-0.09562239403817244,0.8,0.0267726975838094,1.8738527237456968,10,10,0.8266346454620361,1.0,0.0
7f3ede135e1107cebea2a1af,pos_4gram,VERB>SCONJ>NOUN>PART,-0.042017348952704536,0.6,0.0040141631655953415,4.011391544179582,4,5,0.9348130226135254,1.0,0.0
80abd452be32a9e7137b8976,dependency_path,obl>det,0.0774670779274633,0.75,-0.07835729744584903,0.9528676467652205,9,9,0.8574284911155701,1.0,0.0
80d566c1c68c2537104ff5bd,pos_3gram,NOUN>ADV>ADJ,0.009391737775987619,0.6,-0.18832150821264695,34.33096868222871,9,8,0.984403133392334,1.0,0.0
82c98eb8482a7bc37026aa5a,pos_3gram,NOUN>AUX>VERB,-0.019067178165222968,0.55,0.0631872828598159,14.062449494303532,10,10,0.9618076086044312,1.0,0.0
83c6bc98ff915d7cb68c41c4,pos_4gram,ADV>ADJ>SCONJ>NOUN,0.11743787004751928,0.9,-0.07745862152219853,4.163855679349518,7,8,0.7890421748161316,1.0,0.0
8440999874049d4bd85caba8,pos_4gram,PART>ADV>ADV>VERB,-0.007683975524651766,0.5,0.038859177790797575,54.27780901151879,2,3,1.0,1.0,0.0
8515c08aef22229a095a6ede,pos_4gram,NOUN>X>X>NOUN,-0.04684757153013355,0.8,0.004273967459932975,13.267532829916709,5,9,0.9350129961967468,1.0,0.0
8597969cd84401815004e1c8,pos_2gram,ADP>ADJ,-0.009961806087959386,0.55,0.07434533336365041,52.63401648596482,10,9,0.9820035696029663,1.0,0.0
85b354bdc327cfcd4d509be9,pos_3gram,NOUN>NOUN>NUM,-0.022687545947125028,0.6,0.047789394222299775,10.532355337652445,9,9,0.9556088447570801,1.0,0.0
894fe32de5a8a2f64a5e774b,dependency_path,det>case,0.012083903085316173,0.5,-0.12855804804943124,20.288539469617014,8,9,0.9806038737297058,1.0,0.0
89a833cecbf0b3c7fb9e7f69,dependency_path,ccomp>cop,0.04210715748648371,0.6,-0.07576358386540517,16.829184879887038,10,10,0.9242151379585266,1.0,0.0
8e1799729c7af479245c7a22,pos_4gram,NOUN>SCONJ>VERB>VERB,0.027232539622525684,0.55,-0.01551571820250828,6.680407822262707,7,8,0.9412117600440979,1.0,0.0
8e2540bdff2d73ed508f5552,pos_4gram,NOUN>ADP>PRON>AUX,0.00902222014093047,0.5,-0.2563566040202331,33.5079606755736,2,3,0.926814615726471,1.0,0.0
8f2dfca850a54ea9921b281c,pos_2gram,NOUN>PRON,0.2550994223694945,0.95,-0.20702069976317264,0.0025340665454009793,9,8,0.6830633878707886,1.0,0.0
92d3ee4e4c0b3063da26a643,pos_3gram,NOUN>PRON>AUX,0.008645056228012649,0.55,-0.21859431785770467,76.11683327050137,7,7,0.9858028292655945,1.0,0.0
92d85ed28de54c4f2780c747,pos_4gram,VERB>NOUN>NOUN>ADP,-0.02845492413148173,0.55,0.015952124768410066,24.87223553708999,8,8,0.9478104114532471,1.0,0.0
95a9873b31d0aaadd2eba2dc,dependency_treelet,VERB>nsubj>PRON,0.232860577417374,0.95,-0.17747502482463698,0.40243862392603613,10,9,0.6670665740966797,1.0,0.0
95cdbec2a750a0cf0f51e0e3,pos_3gram,ADP>NOUN>CCONJ,0.09602934012603154,0.9,-0.05245714769696374,6.918186601411195,3,5,0.8154368996620178,1.0,0.0
97b7f8166b8f8453c375e250,pos_4gram,VERB>NOUN>ADP>ADV,0.002185983762663341,0.4,-0.09727615673205267,112.11123147462338,1,3,1.0,1.0,0.0
9a1d0412bf3fa2e634b896f7,pos_3gram,CCONJ>NOUN>ADJ,-0.036768825874172385,0.5,0.007618523391107094,6.153461775826649,2,2,0.8588282465934753,1.0,0.0
9b516b3f55b423234b11cc95,pos_4gram,VERB>ADJ>SCONJ>NOUN,-0.05657359880318479,0.8,0.014859924171157403,0.8787374081347074,10,9,0.9072185754776001,1.0,0.0
9dd68f3fe82d35233e3a7928,pos_4gram,NOUN>PART>NOUN>ADJ,-0.0263880103273559,0.5,0.02687833764661167,4.482346957645291,3,3,1.0,1.0,0.0
9f3dd9cdd6383433ebafede0,pos_4gram,X>DET>NOUN>NOUN,0.009154671480507711,0.45,-0.1977119292409372,13.557420641337664,2,3,1.0,1.0,0.0
a3d538d9adef3ad1f4b6251a,pos_4gram,NOUN>NOUN>NOUN>PART,-0.10129325626840698,0.8,0.007486473343787309,5.991680917330792,9,10,0.8088382482528687,1.0,0.0
a510001aa89737a59f2bc730,pos_2gram,ADV>ADJ,0.034677020846310434,0.7,-0.1440134547335282,17.120636957383557,10,10,0.9444110989570618,1.0,0.0
a68961620ae6b219ca34ded7,dependency_path,obj>conj,-0.012548435330647483,0.55,0.06793596179670114,24.27260615814785,10,10,0.9752049446105957,1.0,0.0
a8229b2ddb418ff8319b2438,pos_4gram,NOUN>NOUN>ADP>AUX,0.0346081805541009,0.45,-0.04825147299386092,3.559356426033597,2,4,1.0,1.0,0.0
a86ccc412690549d50363c50,dependency_path,obj>compound,-0.09339622262054131,0.75,0.017346534905832368,6.831680757817314,10,10,0.8328334093093872,1.0,0.0
a9bd431a3c541c8d1f7d53ee,pos_3gram,PROPN>NOUN>ADP,0.09643415853000603,0.9,-0.019638973853285877,2.5168620997537996,2,3,0.8540291786193848,1.0,0.0
aa36cc83c89ae1a0af2b76a1,pos_4gram,AUX>VERB>NUM>NOUN,0.06914639187723767,0.7,-0.013337851225343146,1.7086353870694904,7,9,0.8678264021873474,1.0,0.0
adc7afab3e79cee689a232b1,pos_4gram,X>NOUN>NOUN>NOUN,-0.08327230100530049,0.8,0.004227719142378611,5.9980803973353245,9,10,0.8518296480178833,1.0,0.0
ae41ee60ea3c38602dfca780,pos_3gram,DET>NOUN>NOUN,0.10914615975642121,0.85,-0.10506342254030526,6.321510729213197,9,9,0.8032393455505371,1.0,0.0
b1ae469d52154e2cea1fa00f,dependency_treelet,AUX>mark>SCONJ,0.10076293002468867,0.9,-0.12819664669832942,4.94898889248727,2,3,0.8552289605140686,1.0,0.0
b2d33b3fb3e325d47179c5ff,dependency_path,nummod>clf,0.029556028685318578,0.45,-0.1266955940818516,1.8287748126310435,10,10,0.9464107155799866,1.0,0.0
b4d8d1786c32f18e50283cc8,pos_3gram,SCONJ>ADP>X,-0.012397422858997623,0.4,0.056282657473438566,75.21527600832262,5,3,0.9624075293540955,1.0,0.0
b62cddbea40b6389aa8688f6,dependency_path,appos>case,-0.010678618651602577,0.45,0.02800835272420913,90.21442892526986,7,6,0.9858028292655945,1.0,0.0
b6d1404567747dcc26706c0d,pos_4gram,ADP>PRON>VERB>VERB,0.028545151785180856,0.45,-0.04804262748347173,4.240700218176006,2,5,0.9870026111602783,1.0,0.0
b91daea91a37aa8a1eb9c12e,pos_4gram,ADP>PRON>SCONJ>VERB,0.12845903238352568,0.95,-0.41753433338129786,2.530917350406132,2,2,0.8694261312484741,1.0,0.0
baecb295376f87aa3ac7d7d8,pos_3gram,NOUN>SCONJ>AUX,0.05165868556692075,0.7,-0.031105511116591548,8.932185359717177,8,9,0.9076184630393982,1.0,0.0
c237dc9fe395dc20f9b4f6a7,pos_4gram,SCONJ>NOUN>VERB>PRON,0.1554487120007256,0.95,-0.2653136371949144,4.121619374588426,2,3,0.7902419567108154,1.0,0.0
c2542ba4207eeb83da9d5340,pos_4gram,PART>VERB>ADJ>NOUN,-0.029220088709246687,0.6,0.01737540933775364,1.1367069803163308,2,4,0.9714056849479675,1.0,0.0
c332132d49b989a936d133ea,pos_4gram,PART>ADJ>NOUN>PART,-0.04354523573651818,0.5,0.0018364784284190566,6.741394106584779,2,2,1.0,1.0,0.0
c34640e9676dcd25db072ebc,dependency_treelet,PROPN>nmod>NOUN,0.0027012253242904294,0.45,-0.002362369223075484,148.0761059596669,2,3,1.0,1.0,0.0
c7dbb23bfd8c19453f711146,pos_2gram,PRON>PRON,0.22868308613653995,0.95,-0.09249950045059961,1.7026601975434124,3,4,0.5912817120552063,0.9895152645881432,0.0
c9e59e7f1d304b310ac894a1,pos_4gram,ADJ>SCONJ>NOUN>SCONJ,0.023322753478406056,0.5,-0.10370580453343599,2.0281350138536136,4,6,0.9748050570487976,1.0,0.0
caa8335691e911113f1dc2a6,pos_3gram,ADP>PRON>SCONJ,0.026361643403685256,0.6,-0.6388338486733656,10.751481689556677,3,2,1.0,1.0,0.0
cc8c969bb53b8589a18a782a,pos_2gram,ADP>PRON,0.05604351437259217,0.65,-0.2724445359491683,0.9930894792015124,8,9,0.8988202214241028,1.0,0.0
d0514e8c69b90f78adcee5fc,pos_3gram,PRON>PART>X,0.017622025022497257,0.45,-0.2257135513723037,36.192646044879375,2,4,0.9666066765785217,1.0,0.0
d0e025fe9b8d7f9d01652294,pos_4gram,VERB>PART>X>NOUN,-0.032463585159483034,0.5,0.023220224286564835,12.052479067408626,3,3,0.9186162948608398,1.0,0.0
d39ccd559ac348f2e0fe900e,dependency_path,clf>det,0.005528582326796731,0.5,-0.05199611021851359,98.51965705009484,3,4,1.0,1.0,0.0
d71fa44d220c5d238957be1e,pos_4gram,AUX>DET>NUM>NOUN,0.012719482773487042,0.45,-0.014547644064150522,47.352076154261624,3,5,0.9790042042732239,1.0,0.0
d76b88d8e146b606257df23e,pos_4gram,NOUN>SCONJ>ADJ>SCONJ,0.035967144226842,0.5,-0.03352554060599597,4.930633748245379,2,3,1.0,1.0,0.0
d802f1bd567d623153caced5,dependency_treelet,NOUN>conj>NOUN,-0.06922658829240429,0.75,0.021845561283982882,3.0068510526312267,10,10,0.8822235465049744,1.0,0.0
d85b8eb7797702f59712d178,dependency_path,root>mark,0.07769496124007562,0.75,-0.12011729718325101,1.2076159657596859,10,10,0.8542291522026062,1.0,0.0
dc92b035a546abb74917a1fd,pos_4gram,ADP>PRON>PART>NOUN,0.034438145713339634,0.55,-0.15248624517988302,3.0768838172797133,4,3,0.9492101669311523,1.0,0.0
de295d90bdc4bba09dc152a9,pos_3gram,PRON>VERB>PROPN,0.1323403195506038,0.95,-0.10861430439693115,0.37142637522597305,2,3,0.8526294827461243,1.0,0.0
dfbf77cad4603c4ffbbca240,dependency_path,ccomp>ccomp,0.10983133744611485,0.95,-0.006251196463726565,1.8233688148413005,8,9,0.841831624507904,1.0,0.0
e08b44efcd936f4f92b7f5b6,pos_2gram,ADV>AUX,0.12312168404439233,0.95,-0.06581070831950049,2.9322591073335715,9,9,0.7840431928634644,1.0,0.0
e5c928279725cee479e3d182,pos_2gram,SCONJ>PROPN,0.04310228126042148,0.45,-0.07562252507396107,1.1572317371314023,2,4,0.9610077738761902,1.0,0.0
e7a2fc36445023673d8d94da,pos_2gram,PRON>ADP,0.1530142943429614,0.95,-0.13765343761245363,0.5338018702388736,8,9,0.7274544835090637,1.0,0.0
e7c27f60c2eb6b0871caf74a,dependency_treelet,PART>nmod>X,-0.08338054591417775,0.75,0.020039163424755688,9.513722071510264,8,8,0.8438312411308289,1.0,0.0
ea87bad1bee4e9adb778589e,pos_4gram,NOUN>CCONJ>VERB>NOUN,-0.014938831520901485,0.5,0.030519930985969442,37.15905419461779,2,2,1.0,1.0,0.0
eac651d3af917973234e8bb6,pos_3gram,NOUN>PRON>VERB,0.2698703671044333,0.95,-0.039183307708556554,0.9676637118706231,4,6,0.5674865245819092,0.9895152645881432,0.0
ead5ffc468b69b10ff982dc5,pos_4gram,PRON>VERB>VERB>PRON,0.02697440534874426,0.55,-0.19686550719973983,31.11698688326402,3,2,1.0,1.0,0.0
ec72d8d5746948f09f7bff48,pos_4gram,NOUN>PART>VERB>ADP,0.03604905688943665,0.45,-0.009049218974537915,0.015256060351016997,2,3,1.0,1.0,0.0
ed4ad02bf2f0d2821c8aedcc,pos_4gram,X>X>NOUN>PART,-0.0136621651917679,0.5,0.045260896150357686,29.03923813960483,5,6,0.9780043959617615,1.0,0.0
ee848671579e6039e8342733,pos_3gram,VERB>NOUN>PRON,0.24215768882030597,0.95,-0.04600149471921461,0.4041274004162149,3,4,0.5766846537590027,0.9895152645881432,0.0
eea2802dafd606c8dea4067b,pos_3gram,SCONJ>NOUN>PRON,0.16409671561419079,0.95,-0.13997768335337382,0.41500673623126827,2,5,0.6156768798828125,0.9925726710353047,0.0
f0b4a2f366d0eaccb54f4de4,pos_4gram,NOUN>PART>ADJ>NOUN,-0.01828939733829276,0.45,0.06287637530357465,30.07015167149893,9,8,0.9692061543464661,1.0,0.0
f0eae74a15484f2a2643e6bb,pos_3gram,SCONJ>PART>NOUN,-0.017145303539829248,0.6,0.05475389119818081,12.544255867961821,6,7,0.9664067029953003,1.0,0.0
f2f9840cfe08d294b7f563cf,pos_3gram,NOUN>ADV>AUX,0.018189308987322027,0.5,-0.06789905214599312,0.42622855495117423,8,8,0.9712057709693909,1.0,0.0
f6c1d3228a13306b47316f43,pos_3gram,NOUN>NOUN>PART,-0.015483604341944766,0.55,0.11109292631322097,39.41941215813869,10,10,0.9738052487373352,1.0,0.0
f7627cc12aa22c96cd1be708,pos_4gram,NOUN>SCONJ>NOUN>ADP,0.03061593806663331,0.45,-0.015899588130981763,1.7218484892541546,3,5,0.9534093141555786,1.0,0.0
f83a58f7ca80ae1dffea7fc5,pos_3gram,ADV>AUX>PRON,0.18648230454225762,0.95,-0.17085861082022083,1.6115478532340233,2,3,0.7188562154769897,1.0,0.0
fb4de7fb6dbb3ea5102790fe,pos_3gram,NOUN>NOUN>NOUN,-0.03393221037277582,0.6,0.0653946453106872,6.802419380648959,10,10,0.9392121434211731,1.0,0.0
fbe7572f9810f6a07bb97467,pos_4gram,NOUN>SCONJ>VERB>DET,0.001153452893484781,0.4,-0.16491516009191404,175.40599946369286,2,4,1.0,1.0,0.0
fe0e957aa916d7500255afd0,pos_3gram,SCONJ>ADP>PRON,0.09367039572424556,0.95,-0.12378400456221202,2.097057859112715,2,4,0.8596280813217163,1.0,0.0
ff0d33172d4c675dad123de8,punctuation_run,、,-0.046163397149524804,0.75,0.012004392437937154,8.045783326368227,9,10,0.9158168435096741,1.0,0.0
ff12af969f50f98e8f9dc6e4,pos_4gram,NUM>NOUN>X>NOUN,-0.004338388350089244,0.5,0.03935843382619729,3.820032284846645,4,6,0.9916016459465027,1.0,0.0
ffbc0d7d3b0d6c0368d279b7,pos_4gram,NOUN>SCONJ>X>NOUN,-0.040745247062585095,0.5,0.0013149804511900344,4.6154119091813675,2,2,1.0,1.0,0.0
