doc_id,feature,value,huber_location,robust_scale,robust_z,huber_weight
089624981eae4b7dd6f3e566,discourse_all_markers_per_10k_cjk,62.639821029082775,40.876667142727754,19.22853141214044,1.131815707600752,1.0
089624981eae4b7dd6f3e566,discourse_booster_markers_per_10k_cjk,4.47427293064877,1.3390085906316258,2.203583209429566,1.4228027907458771,1.0
089624981eae4b7dd6f3e566,discourse_causal_markers_per_10k_cjk,4.47427293064877,5.198874034200515,6.379518072289156,-0.11358242038677034,1.0
089624981eae4b7dd6f3e566,discourse_contrast_markers_per_10k_cjk,4.47427293064877,9.554234113153703,12.401505646173147,-0.4096245510376803,1.0
089624981eae4b7dd6f3e566,discourse_directive_markers_per_10k_cjk,40.26845637583893,20.750962517489164,13.159733012504635,1.4831223277709253,1.0
089624981eae4b7dd6f3e566,discourse_enumeration_markers_per_10k_cjk,35.79418344519016,16.628538526350987,20.706703910614525,0.9255768084371271,1.0
089624981eae4b7dd6f3e566,discourse_framing_markers_per_10k_cjk,17.89709172259508,6.204555938508956,7.583631713554985,1.5418121852076334,0.972881142327979
089624981eae4b7dd6f3e566,discourse_hedge_markers_per_10k_cjk,0.0,7.686971311376156,7.583631713554985,-1.0136266635464986,1.0
089624981eae4b7dd6f3e566,discourse_marker_type_coverage,0.1794871794871795,0.13633769231216003,0.07603076923076925,0.5675266423262372,1.0
089624981eae4b7dd6f3e566,discourse_metadiscourse_markers_per_10k_cjk,0.0,0.5531489080778824,1.7516382089214966,-0.3157894736827318,1.0
089624981eae4b7dd6f3e566,discourse_summary_markers_per_10k_cjk,0.0,0.43493956416347324,1.3773086198694773,-0.31578947367997373,1.0
089624981eae4b7dd6f3e566,hypothesis_abstract_shells_per_1k_cjk,4.026845637583893,4.8688567918814725,2.323070207836685,-0.36245618038452926,1.0
089624981eae4b7dd6f3e566,hypothesis_complete_contrast_frames_per_1k_sentences,0.0,0.07010030576473539,1.028137817883511,-0.06818181818177008,1.0
089624981eae4b7dd6f3e566,hypothesis_emphatic_frames_per_1k_cjk,0.0,0.32042773834676574,0.36816488701266453,-0.8703375841915726,1.0
089624981eae4b7dd6f3e566,hypothesis_meta_frames_per_1k_cjk,0.447427293064877,0.00541605504833512,0.03791238533923833,11.658755682646845,0.1286586700013479
089624981eae4b7dd6f3e566,hypothesis_referential_sentence_opening_ratio,0.07547169811320754,0.08647522147311498,0.025245510835913296,-0.4358605944409827,1.0
089624981eae4b7dd6f3e566,surface_adjacent_sentence_length_change,0.5280846670108416,0.5265595327331531,0.04238117626391844,0.035986124315922935,1.0
089624981eae4b7dd6f3e566,surface_ascii_letter_ratio,0.0780399274047187,0.17822932121745388,0.12046407626597187,-0.8316951984218736,1.0
089624981eae4b7dd6f3e566,surface_cjk_ratio,0.8112522686025408,0.7026773346745797,0.13183120472394408,0.8235905463757096,1.0
089624981eae4b7dd6f3e566,surface_colon_density,0.0018148820326678765,0.0035571695381618473,0.0025262323235033675,-0.689678256937895,1.0
089624981eae4b7dd6f3e566,surface_comma_density,0.043557168784029036,0.03596777465935513,0.009558589913021002,0.7939867902833038,1.0
089624981eae4b7dd6f3e566,surface_compression_ratio,0.47934315130978755,0.5007805061586811,0.05205160173450275,-0.4118481302119784,1.0
089624981eae4b7dd6f3e566,surface_dash_density,0.001088929219600726,0.0037231604307269,0.0028380363948144207,-0.9281879597947954,1.0
089624981eae4b7dd6f3e566,surface_digit_ratio,0.035208711433756805,0.03000678997344892,0.021076277285585872,0.2468140549595774,1.0
089624981eae4b7dd6f3e566,surface_exact_paragraph_repeat_ratio,0.0,0.057966523413877376,0.04633125,-1.2511323008526076,1.0
089624981eae4b7dd6f3e566,surface_exact_sentence_repeat_ratio,0.0,0.0008008107847993317,0.003559159045477262,-0.2249999998783274,1.0
089624981eae4b7dd6f3e566,surface_exclamatory_sentence_ratio,0.0,0.0004337062993177228,0.0030359440993788823,-0.1428571426616366,1.0
089624981eae4b7dd6f3e566,surface_list_item_ratio,0.0,0.005918710005871962,0.016357752240959117,-0.3618290532027844,1.0
089624981eae4b7dd6f3e566,surface_long_paragraph_ratio,0.10714285714285714,0.004679990508387801,0.017354445000199076,5.90412811434154,0.25405952766444806
089624981eae4b7dd6f3e566,surface_mean_paragraph_cjk_chars,79.82142857142857,40.6980203429791,22.190729302325582,1.76305193468109,0.8507973988136248
089624981eae4b7dd6f3e566,surface_mean_sentence_cjk_chars,42.16981132075472,39.15033352686368,5.710588434782604,0.5287507282961783,1.0
089624981eae4b7dd6f3e566,surface_mean_sentences_per_paragraph,2.0714285714285716,1.569786974650427,0.3450879310344829,1.4536631150047905,1.0
089624981eae4b7dd6f3e566,surface_paragraph_length_cv,0.8631709774141615,1.0020469195151525,0.24687143720403323,-0.5625435800667915,1.0
089624981eae4b7dd6f3e566,surface_paragraph_opening_repeat_ratio,0.14285714285714285,0.08266723365810803,0.08001333333333331,0.7522484902395622,1.0
089624981eae4b7dd6f3e566,surface_parenthesis_density,0.003629764065335753,0.0053009095128603205,0.003960692803170956,-0.4219326089078754,1.0
089624981eae4b7dd6f3e566,surface_period_density,0.020326678765880218,0.02034419466897416,0.003984378756583494,-0.004396144082688069,1.0
089624981eae4b7dd6f3e566,surface_punctuation_density,0.07549909255898367,0.08651204737899698,0.014255781675523847,-0.7725254967198161,1.0
089624981eae4b7dd6f3e566,surface_question_sentence_ratio,0.0,0.018207354835707106,0.026771200076315144,-0.6801097740782793,1.0
089624981eae4b7dd6f3e566,surface_quote_mark_density,0.003629764065335753,0.005179327501890652,0.004691354857248414,-0.33030190290566797,1.0
089624981eae4b7dd6f3e566,surface_repeated_char_ngram_ratio,0.10797491039426524,0.06781045274006121,0.02901975195052154,1.3840386273006098,1.0
089624981eae4b7dd6f3e566,surface_semicolon_density,0.0003629764065335753,0.0005418413998837806,0.0008297758497283761,-0.2155582057597315,1.0
089624981eae4b7dd6f3e566,surface_sentence_length_autocorrelation,0.3475416653556746,0.05421663053443307,0.12347654560371685,2.3755526475662267,0.6314320171084241
089624981eae4b7dd6f3e566,surface_sentence_length_cv,0.620495680258295,0.5098016831146704,0.08279676538573166,1.3369362514094114,1.0
089624981eae4b7dd6f3e566,surface_sentence_opening_repeat_ratio,0.09433962264150944,0.04516234181981178,0.03900709030100334,1.2607267151231918,1.0
089624981eae4b7dd6f3e566,surface_short_paragraph_ratio,0.2857142857142857,0.37280319912215487,0.27085961538461534,-0.32152786337012484,1.0
089624981eae4b7dd6f3e566,surface_url_count_per_1000_cjk,0.0,0.6929687118425703,0.7363297740253291,-0.9411118988904729,1.0
089624981eae4b7dd6f3e566,title_ascii_letter_ratio,0.17142857142857143,0.14094760513286822,0.16028108108108108,0.19017195348391658,1.0
089624981eae4b7dd6f3e566,title_body_cjk_type_overlap,1.0,0.9285548777242683,0.07127884615384622,1.0023327555208545,1.0
089624981eae4b7dd6f3e566,title_colon_present,1.0,0.2503194293366632,0.38143913043478267,1.9654002718829997,0.7632033135738241
089624981eae4b7dd6f3e566,title_digit_present,1.0,0.5217391304347826,0.599404347826087,0.7978935609989627,1.0
089624981eae4b7dd6f3e566,title_exclamation_present,0.0,0.06883112127924186,0.21796521739130437,-0.3157894736740131,1.0
089624981eae4b7dd6f3e566,title_question_present,0.0,0.015568944099160612,0.10898260869565218,-0.14285714285514003,1.0
089624981eae4b7dd6f3e566,title_quote_present,0.0,0.11352355072057607,0.27245652173913043,-0.41666666665175933,1.0
0bacfeaea20d086539948d1d,discourse_all_markers_per_10k_cjk,63.291139240506325,40.876667142727754,19.22853141214044,1.1656881962200505,1.0
0bacfeaea20d086539948d1d,discourse_booster_markers_per_10k_cjk,0.0,1.3390085906316258,2.203583209429566,-0.6076505688107191,1.0
0bacfeaea20d086539948d1d,discourse_causal_markers_per_10k_cjk,0.0,5.198874034200515,6.379518072289156,-0.8149320960125455,1.0
0bacfeaea20d086539948d1d,discourse_contrast_markers_per_10k_cjk,6.329113924050633,9.554234113153703,12.401505646173147,-0.2600587606955835,1.0
0bacfeaea20d086539948d1d,discourse_directive_markers_per_10k_cjk,18.987341772151897,20.750962517489164,13.159733012504635,-0.13401645334760517,1.0
0bacfeaea20d086539948d1d,discourse_enumeration_markers_per_10k_cjk,44.30379746835443,16.628538526350987,20.706703910614525,1.3365361798512387,1.0
0bacfeaea20d086539948d1d,discourse_framing_markers_per_10k_cjk,6.329113924050633,6.204555938508956,7.583631713554985,0.016424582607175133,1.0
0bacfeaea20d086539948d1d,discourse_hedge_markers_per_10k_cjk,0.0,7.686971311376156,7.583631713554985,-1.0136266635464986,1.0
0bacfeaea20d086539948d1d,discourse_marker_type_coverage,0.20512820512820512,0.13633769231216003,0.07603076923076925,0.9047720220645346,1.0
0bacfeaea20d086539948d1d,discourse_metadiscourse_markers_per_10k_cjk,6.329113924050633,0.5531489080778824,1.7516382089214966,3.2974646171534916,0.4548949493489523
0bacfeaea20d086539948d1d,discourse_summary_markers_per_10k_cjk,0.0,0.43493956416347324,1.3773086198694773,-0.31578947367997373,1.0
0bacfeaea20d086539948d1d,hypothesis_abstract_shells_per_1k_cjk,12.658227848101266,4.8688567918814725,2.323070207836685,3.3530502134386615,0.4473538731952664
0bacfeaea20d086539948d1d,hypothesis_complete_contrast_frames_per_1k_sentences,0.0,0.07010030576473539,1.028137817883511,-0.06818181818177008,1.0
0bacfeaea20d086539948d1d,hypothesis_emphatic_frames_per_1k_cjk,0.0,0.32042773834676574,0.36816488701266453,-0.8703375841915726,1.0
0bacfeaea20d086539948d1d,hypothesis_meta_frames_per_1k_cjk,0.0,0.00541605504833512,0.03791238533923833,-0.14285714285377987,1.0
0bacfeaea20d086539948d1d,hypothesis_referential_sentence_opening_ratio,0.0,0.08647522147311498,0.025245510835913296,-3.4253702385019142,0.43790886694222725
0bacfeaea20d086539948d1d,surface_adjacent_sentence_length_change,0.8243788091889358,0.5265595327331531,0.04238117626391844,7.027159288859416,0.21345752079051938
0bacfeaea20d086539948d1d,surface_ascii_letter_ratio,0.4803484995159729,0.17822932121745388,0.12046407626597187,2.5079607768831598,0.5980954781374882
0bacfeaea20d086539948d1d,surface_cjk_ratio,0.3059051306873185,0.7026773346745797,0.13183120472394408,-3.0096986886989794,0.4983887608524739
0bacfeaea20d086539948d1d,surface_colon_density,0.012584704743465635,0.0035571695381618473,0.0025262323235033675,3.5735174161592718,0.4197544954495179
0bacfeaea20d086539948d1d,surface_comma_density,0.021878025169409485,0.03596777465935513,0.009558589913021002,-1.4740405873833082,1.0
0bacfeaea20d086539948d1d,surface_compression_ratio,0.4828964904486895,0.5007805061586811,0.05205160173450275,-0.34358242809148865,1.0
0bacfeaea20d086539948d1d,surface_dash_density,0.0505324298160697,0.0037231604307269,0.0028380363948144207,16.4935409111988,0.09094469211165739
0bacfeaea20d086539948d1d,surface_digit_ratio,0.030009680542110357,0.03000678997344892,0.021076277285585872,0.00013714797078574694,1.0
0bacfeaea20d086539948d1d,surface_exact_paragraph_repeat_ratio,0.14835164835164835,0.057966523413877376,0.04633125,1.950845810069251,0.7688972610022691
0bacfeaea20d086539948d1d,surface_exact_sentence_repeat_ratio,0.0,0.0008008107847993317,0.003559159045477262,-0.2249999998783274,1.0
0bacfeaea20d086539948d1d,surface_exclamatory_sentence_ratio,0.03571428571428571,0.0004337062993177228,0.0030359440993788823,11.620958179758967,0.12907713604999066
0bacfeaea20d086539948d1d,surface_list_item_ratio,0.09340659340659341,0.005918710005871962,0.016357752240959117,5.348404971048253,0.2804574463077746
0bacfeaea20d086539948d1d,surface_long_paragraph_ratio,0.0,0.004679990508387801,0.017354445000199076,-0.26967099831392566,1.0
0bacfeaea20d086539948d1d,surface_mean_paragraph_cjk_chars,8.68131868131868,40.6980203429791,22.190729302325582,-1.4427962788183386,1.0
0bacfeaea20d086539948d1d,surface_mean_sentence_cjk_chars,56.42857142857143,39.15033352686368,5.710588434782604,3.0256493002486025,0.49576135604240473
0bacfeaea20d086539948d1d,surface_mean_sentences_per_paragraph,1.0604395604395604,1.569786974650427,0.3450879310344829,-1.4759931264010795,1.0
0bacfeaea20d086539948d1d,surface_paragraph_length_cv,2.725214741145166,1.0020469195151525,0.24687143720403323,6.980021022868908,0.21489906621849603
0bacfeaea20d086539948d1d,surface_paragraph_opening_repeat_ratio,0.02127659574468085,0.08266723365810803,0.08001333333333331,-0.767255098068162,1.0
0bacfeaea20d086539948d1d,surface_parenthesis_density,0.0313649564375605,0.0053009095128603205,0.003960692803170956,6.580678739798537,0.22794001338012765
0bacfeaea20d086539948d1d,surface_period_density,0.013939980638915779,0.02034419466897416,0.003984378756583494,-1.6073306332829251,0.9332242968183183
0bacfeaea20d086539948d1d,surface_punctuation_density,0.17463697967086156,0.08651204737899698,0.014255781675523847,6.181697664686374,0.242651789421685
0bacfeaea20d086539948d1d,surface_question_sentence_ratio,0.07142857142857142,0.018207354835707106,0.026771200076315144,1.9880026461701235,0.7545261586496085
0bacfeaea20d086539948d1d,surface_quote_mark_density,0.0003872216844143272,0.005179327501890652,0.004691354857248414,-1.0214758770746675,1.0
0bacfeaea20d086539948d1d,surface_repeated_char_ngram_ratio,0.05833861762840837,0.06781045274006121,0.02901975195052154,-0.32639269721540876,1.0
0bacfeaea20d086539948d1d,surface_semicolon_density,0.001936108422071636,0.0005418413998837806,0.0008297758497283761,1.6802935668039307,0.8927011503431121
0bacfeaea20d086539948d1d,surface_sentence_length_autocorrelation,0.009162851420369935,0.05421663053443307,0.12347654560371685,-0.3648772233931603,1.0
0bacfeaea20d086539948d1d,surface_sentence_length_cv,0.7341444776638187,0.5098016831146704,0.08279676538573166,2.7095598904617257,0.5535954400861723
0bacfeaea20d086539948d1d,surface_sentence_opening_repeat_ratio,0.038461538461538464,0.04516234181981178,0.03900709030100334,-0.17178423990525027,1.0
0bacfeaea20d086539948d1d,surface_short_paragraph_ratio,0.19230769230769232,0.37280319912215487,0.27085961538461534,-0.6663802817491359,1.0
0bacfeaea20d086539948d1d,surface_url_count_per_1000_cjk,1.2658227848101267,0.6929687118425703,0.7363297740253291,0.7779857520033554,1.0
0bacfeaea20d086539948d1d,title_ascii_letter_ratio,0.375,0.14094760513286822,0.16028108108108108,1.460262142534041,1.0
0bacfeaea20d086539948d1d,title_body_cjk_type_overlap,0.9333333333333333,0.9285548777242683,0.07127884615384622,0.06703890237997694,1.0
0bacfeaea20d086539948d1d,title_colon_present,0.0,0.2503194293366632,0.38143913043478267,-0.6562499999707346,1.0
0bacfeaea20d086539948d1d,title_digit_present,0.0,0.5217391304347826,0.599404347826087,-0.8704293392715956,1.0
0bacfeaea20d086539948d1d,title_exclamation_present,1.0,0.06883112127924186,0.21796521739130437,4.272098502070023,0.3511154996246419
0bacfeaea20d086539948d1d,title_question_present,0.0,0.015568944099160612,0.10898260869565218,-0.14285714285514003,1.0
0bacfeaea20d086539948d1d,title_quote_present,0.0,0.11352355072057607,0.27245652173913043,-0.41666666665175933,1.0
216b160343a34ae069db8db2,discourse_all_markers_per_10k_cjk,46.48760330578513,40.876667142727754,19.22853141214044,0.2918026365505356,1.0
216b160343a34ae069db8db2,discourse_booster_markers_per_10k_cjk,5.1652892561983474,1.3390085906316258,2.203583209429566,1.7363903705534303,0.8638610449802905
216b160343a34ae069db8db2,discourse_causal_markers_per_10k_cjk,5.1652892561983474,5.198874034200515,6.379518072289156,-0.005264469450764745,1.0
216b160343a34ae069db8db2,discourse_contrast_markers_per_10k_cjk,0.0,9.554234113153703,12.401505646173147,-0.770409205603349,1.0
216b160343a34ae069db8db2,discourse_directive_markers_per_10k_cjk,15.495867768595042,20.750962517489164,13.159733012504635,-0.39933141074371553,1.0
216b160343a34ae069db8db2,discourse_enumeration_markers_per_10k_cjk,36.15702479338843,16.628538526350987,20.706703910614525,0.9430997010116559,1.0
216b160343a34ae069db8db2,discourse_framing_markers_per_10k_cjk,5.1652892561983474,6.204555938508956,7.583631713554985,-0.13704076378775396,1.0
216b160343a34ae069db8db2,discourse_hedge_markers_per_10k_cjk,0.0,7.686971311376156,7.583631713554985,-1.0136266635464986,1.0
216b160343a34ae069db8db2,discourse_marker_type_coverage,0.20512820512820512,0.13633769231216003,0.07603076923076925,0.9047720220645346,1.0
216b160343a34ae069db8db2,discourse_metadiscourse_markers_per_10k_cjk,0.0,0.5531489080778824,1.7516382089214966,-0.3157894736827318,1.0
216b160343a34ae069db8db2,discourse_summary_markers_per_10k_cjk,0.0,0.43493956416347324,1.3773086198694773,-0.31578947367997373,1.0
216b160343a34ae069db8db2,hypothesis_abstract_shells_per_1k_cjk,7.747933884297521,4.8688567918814725,2.323070207836685,1.2393414037611608,1.0
216b160343a34ae069db8db2,hypothesis_complete_contrast_frames_per_1k_sentences,0.0,0.07010030576473539,1.028137817883511,-0.06818181818177008,1.0
216b160343a34ae069db8db2,hypothesis_emphatic_frames_per_1k_cjk,0.5165289256198348,0.32042773834676574,0.36816488701266453,0.5326450027982254,1.0
216b160343a34ae069db8db2,hypothesis_meta_frames_per_1k_cjk,0.0,0.00541605504833512,0.03791238533923833,-0.14285714285377987,1.0
216b160343a34ae069db8db2,hypothesis_referential_sentence_opening_ratio,0.1111111111111111,0.08647522147311498,0.025245510835913296,0.9758522930322349,1.0
216b160343a34ae069db8db2,surface_adjacent_sentence_length_change,0.5657752629601802,0.5265595327331531,0.04238117626391844,0.9253100948123919,1.0
216b160343a34ae069db8db2,surface_ascii_letter_ratio,0.16492045013581685,0.17822932121745388,0.12046407626597187,-0.1104799994668324,1.0
216b160343a34ae069db8db2,surface_cjk_ratio,0.7512611563833915,0.7026773346745797,0.13183120472394408,0.36853051453596924,1.0
216b160343a34ae069db8db2,surface_colon_density,0.0038804811796662787,0.0035571695381618473,0.0025262323235033675,0.12798175310181456,1.0
216b160343a34ae069db8db2,surface_comma_density,0.038804811796662786,0.03596777465935513,0.009558589913021002,0.2968049851623994,1.0
216b160343a34ae069db8db2,surface_compression_ratio,0.48983074953776135,0.5007805061586811,0.05205160173450275,-0.21036349038345956,1.0
216b160343a34ae069db8db2,surface_dash_density,0.0011641443538998836,0.0037231604307269,0.0028380363948144207,-0.9016854334577167,1.0
216b160343a34ae069db8db2,surface_digit_ratio,0.00892510671323244,0.03000678997344892,0.021076277285585872,-1.0002564957063982,1.0
216b160343a34ae069db8db2,surface_exact_paragraph_repeat_ratio,0.32116788321167883,0.057966523413877376,0.04633125,5.680860322089335,0.26404451349867425
216b160343a34ae069db8db2,surface_exact_sentence_repeat_ratio,0.0,0.0008008107847993317,0.003559159045477262,-0.2249999998783274,1.0
216b160343a34ae069db8db2,surface_exclamatory_sentence_ratio,0.0,0.0004337062993177228,0.0030359440993788823,-0.1428571426616366,1.0
216b160343a34ae069db8db2,surface_list_item_ratio,0.0,0.005918710005871962,0.016357752240959117,-0.3618290532027844,1.0
216b160343a34ae069db8db2,surface_long_paragraph_ratio,0.0,0.004679990508387801,0.017354445000199076,-0.26967099831392566,1.0
216b160343a34ae069db8db2,surface_mean_paragraph_cjk_chars,14.13138686131387,40.6980203429791,22.190729302325582,-1.1971951493672204,1.0
216b160343a34ae069db8db2,surface_mean_sentence_cjk_chars,43.022222222222226,39.15033352686368,5.710588434782604,0.6780192163342167,1.0
216b160343a34ae069db8db2,surface_mean_sentences_per_paragraph,1.1167883211678833,1.569786974650427,0.3450879310344829,-1.3127050028222453,1.0
216b160343a34ae069db8db2,surface_paragraph_length_cv,1.221399024819237,1.0020469195151525,0.24687143720403323,0.8885276797849861,1.0
216b160343a34ae069db8db2,surface_paragraph_opening_repeat_ratio,0.3076923076923077,0.08266723365810803,0.08001333333333331,2.8123447013106118,0.5333627841924812
216b160343a34ae069db8db2,surface_parenthesis_density,0.0,0.0053009095128603205,0.003960692803170956,-1.338379363483171,1.0
216b160343a34ae069db8db2,surface_period_density,0.019402405898331393,0.02034419466897416,0.003984378756583494,-0.23637029212813288,1.0
216b160343a34ae069db8db2,surface_punctuation_density,0.07489328676755917,0.08651204737899698,0.014255781675523847,-0.8150209420916137,1.0
216b160343a34ae069db8db2,surface_question_sentence_ratio,0.0,0.018207354835707106,0.026771200076315144,-0.6801097740782793,1.0
216b160343a34ae069db8db2,surface_quote_mark_density,0.007760962359332557,0.005179327501890652,0.004691354857248414,0.5502962227325716,1.0
216b160343a34ae069db8db2,surface_repeated_char_ngram_ratio,0.05638903259182618,0.06781045274006121,0.02901975195052154,-0.3935740101331146,1.0
216b160343a34ae069db8db2,surface_semicolon_density,0.0,0.0005418413998837806,0.0008297758497283761,-0.6529973125406703,1.0
216b160343a34ae069db8db2,surface_sentence_length_autocorrelation,0.08483312240907605,0.05421663053443307,0.12347654560371685,0.2479539067516752,1.0
216b160343a34ae069db8db2,surface_sentence_length_cv,0.5833013670211993,0.5098016831146704,0.08279676538573166,0.8877120206823322,1.0
216b160343a34ae069db8db2,surface_sentence_opening_repeat_ratio,0.13333333333333333,0.04516234181981178,0.03900709030100334,2.260383710580269,0.6636041451630047
216b160343a34ae069db8db2,surface_short_paragraph_ratio,0.6861313868613139,0.37280319912215487,0.27085961538461534,1.1567918210850265,1.0
216b160343a34ae069db8db2,surface_url_count_per_1000_cjk,1.0330578512396695,0.6929687118425703,0.7363297740253291,0.4618706880993251,1.0
216b160343a34ae069db8db2,title_ascii_letter_ratio,0.0,0.14094760513286822,0.16028108108108108,-0.8793776794003987,1.0
216b160343a34ae069db8db2,title_body_cjk_type_overlap,0.8888888888888888,0.9285548777242683,0.07127884615384622,-0.5564903330472758,1.0
216b160343a34ae069db8db2,title_colon_present,0.0,0.2503194293366632,0.38143913043478267,-0.6562499999707346,1.0
216b160343a34ae069db8db2,title_digit_present,1.0,0.5217391304347826,0.599404347826087,0.7978935609989627,1.0
216b160343a34ae069db8db2,title_exclamation_present,1.0,0.06883112127924186,0.21796521739130437,4.272098502070023,0.3511154996246419
216b160343a34ae069db8db2,title_question_present,0.0,0.015568944099160612,0.10898260869565218,-0.14285714285514003,1.0
216b160343a34ae069db8db2,title_quote_present,0.0,0.11352355072057607,0.27245652173913043,-0.41666666665175933,1.0
24c80060d517bd05639eb7a7,discourse_all_markers_per_10k_cjk,16.72940192388122,40.876667142727754,19.22853141214044,-1.2558039249737254,1.0
24c80060d517bd05639eb7a7,discourse_booster_markers_per_10k_cjk,0.0,1.3390085906316258,2.203583209429566,-0.6076505688107191,1.0
24c80060d517bd05639eb7a7,discourse_causal_markers_per_10k_cjk,4.182350480970305,5.198874034200515,6.379518072289156,-0.15934174677640692,1.0
24c80060d517bd05639eb7a7,discourse_contrast_markers_per_10k_cjk,8.36470096194061,9.554234113153703,12.401505646173147,-0.09591844612675385,1.0
24c80060d517bd05639eb7a7,discourse_directive_markers_per_10k_cjk,12.547051442910915,20.750962517489164,13.159733012504635,-0.6234101456908535,1.0
24c80060d517bd05639eb7a7,discourse_enumeration_markers_per_10k_cjk,4.182350480970305,16.628538526350987,20.706703910614525,-0.6010704600359212,1.0
24c80060d517bd05639eb7a7,discourse_framing_markers_per_10k_cjk,0.0,6.204555938508956,7.583631713554985,-0.8181510090236754,1.0
24c80060d517bd05639eb7a7,discourse_hedge_markers_per_10k_cjk,0.0,7.686971311376156,7.583631713554985,-1.0136266635464986,1.0
24c80060d517bd05639eb7a7,discourse_marker_type_coverage,0.07692307692307693,0.13633769231216003,0.07603076923076925,-0.7814548766269528,1.0
24c80060d517bd05639eb7a7,discourse_metadiscourse_markers_per_10k_cjk,0.0,0.5531489080778824,1.7516382089214966,-0.3157894736827318,1.0
24c80060d517bd05639eb7a7,discourse_summary_markers_per_10k_cjk,0.0,0.43493956416347324,1.3773086198694773,-0.31578947367997373,1.0
24c80060d517bd05639eb7a7,hypothesis_abstract_shells_per_1k_cjk,4.182350480970306,4.8688567918814725,2.323070207836685,-0.29551681589101114,1.0
24c80060d517bd05639eb7a7,hypothesis_complete_contrast_frames_per_1k_sentences,0.0,0.07010030576473539,1.028137817883511,-0.06818181818177008,1.0
24c80060d517bd05639eb7a7,hypothesis_emphatic_frames_per_1k_cjk,0.0,0.32042773834676574,0.36816488701266453,-0.8703375841915726,1.0
24c80060d517bd05639eb7a7,hypothesis_meta_frames_per_1k_cjk,0.0,0.00541605504833512,0.03791238533923833,-0.14285714285377987,1.0
24c80060d517bd05639eb7a7,hypothesis_referential_sentence_opening_ratio,0.08064516129032258,0.08647522147311498,0.025245510835913296,-0.23093453013035428,1.0
24c80060d517bd05639eb7a7,surface_adjacent_sentence_length_change,0.5079841756312949,0.5265595327331531,0.04238117626391844,-0.43829262751426945,1.0
24c80060d517bd05639eb7a7,surface_ascii_letter_ratio,0.27664516129032257,0.17822932121745388,0.12046407626597187,0.8169725209661425,1.0
24c80060d517bd05639eb7a7,surface_cjk_ratio,0.6170322580645161,0.7026773346745797,0.13183120472394408,-0.6496570883153596,1.0
24c80060d517bd05639eb7a7,surface_colon_density,0.00464516129032258,0.0035571695381618473,0.0025262323235033675,0.4306776308886393,1.0
24c80060d517bd05639eb7a7,surface_comma_density,0.02967741935483871,0.03596777465935513,0.009558589913021002,-0.6580840230364422,1.0
24c80060d517bd05639eb7a7,surface_compression_ratio,0.45535527143156573,0.5007805061586811,0.05205160173450275,-0.8726961940347924,1.0
24c80060d517bd05639eb7a7,surface_dash_density,0.007225806451612903,0.0037231604307269,0.0028380363948144207,1.234179388004304,1.0
24c80060d517bd05639eb7a7,surface_digit_ratio,0.016,0.03000678997344892,0.021076277285585872,-0.664576091102588,1.0
24c80060d517bd05639eb7a7,surface_exact_paragraph_repeat_ratio,0.03125,0.057966523413877376,0.04633125,-0.5766415413760124,1.0
24c80060d517bd05639eb7a7,surface_exact_sentence_repeat_ratio,0.0,0.0008008107847993317,0.003559159045477262,-0.2249999998783274,1.0
24c80060d517bd05639eb7a7,surface_exclamatory_sentence_ratio,0.0,0.0004337062993177228,0.0030359440993788823,-0.1428571426616366,1.0
24c80060d517bd05639eb7a7,surface_list_item_ratio,0.03125,0.005918710005871962,0.016357752240959117,1.5485801240282613,0.9686292473508625
24c80060d517bd05639eb7a7,surface_long_paragraph_ratio,0.0,0.004679990508387801,0.017354445000199076,-0.26967099831392566,1.0
24c80060d517bd05639eb7a7,surface_mean_paragraph_cjk_chars,37.359375,40.6980203429791,22.190729302325582,-0.15045225857580127,1.0
24c80060d517bd05639eb7a7,surface_mean_sentence_cjk_chars,38.564516129032256,39.15033352686368,5.710588434782604,-0.10258441919282323,1.0
24c80060d517bd05639eb7a7,surface_mean_sentences_per_paragraph,1.453125,1.569786974650427,0.3450879310344829,-0.33806448779795056,1.0
24c80060d517bd05639eb7a7,surface_paragraph_length_cv,0.8173180727774751,1.0020469195151525,0.24687143720403323,-0.7482795451342693,1.0
24c80060d517bd05639eb7a7,surface_paragraph_opening_repeat_ratio,0.09836065573770492,0.08266723365810803,0.08001333333333331,0.19613508681382547,1.0
24c80060d517bd05639eb7a7,surface_parenthesis_density,0.017548387096774195,0.0053009095128603205,0.003960692803170956,3.0922563785074333,0.48508267633488344
24c80060d517bd05639eb7a7,surface_period_density,0.01858064516129032,0.02034419466897416,0.003984378756583494,-0.44261592971548697,1.0
24c80060d517bd05639eb7a7,surface_punctuation_density,0.09006451612903225,0.08651204737899698,0.014255781675523847,0.24919494636583883,1.0
24c80060d517bd05639eb7a7,surface_question_sentence_ratio,0.016129032258064516,0.018207354835707106,0.026771200076315144,-0.0776327759576722,1.0
24c80060d517bd05639eb7a7,surface_quote_mark_density,0.004129032258064516,0.005179327501890652,0.004691354857248414,-0.22387887418138266,1.0
24c80060d517bd05639eb7a7,surface_repeated_char_ngram_ratio,0.11809045226130653,0.06781045274006121,0.02901975195052154,1.732613001205949,0.8657443981754475
24c80060d517bd05639eb7a7,surface_semicolon_density,0.001032258064516129,0.0005418413998837806,0.0008297758497283761,0.591023063388606,1.0
24c80060d517bd05639eb7a7,surface_sentence_length_autocorrelation,0.3637692514858866,0.05421663053443307,0.12347654560371685,2.506975065085846,0.5983306419318676
24c80060d517bd05639eb7a7,surface_sentence_length_cv,0.7061042635199694,0.5098016831146704,0.08279676538573166,2.3708967311798834,0.6326720098236926
24c80060d517bd05639eb7a7,surface_sentence_opening_repeat_ratio,0.03225806451612903,0.04516234181981178,0.03900709030100334,-0.3308187615150271,1.0
24c80060d517bd05639eb7a7,surface_short_paragraph_ratio,0.375,0.37280319912215487,0.27085961538461534,0.008110477727459351,1.0
24c80060d517bd05639eb7a7,surface_url_count_per_1000_cjk,1.2547051442910915,0.6929687118425703,0.7363297740253291,0.7628870273405487,1.0
24c80060d517bd05639eb7a7,title_ascii_letter_ratio,0.0975609756097561,0.14094760513286822,0.16028108108108108,-0.2706908964581054,1.0
24c80060d517bd05639eb7a7,title_body_cjk_type_overlap,0.9583333333333334,0.9285548777242683,0.07127884615384622,0.4177740973078064,1.0
24c80060d517bd05639eb7a7,title_colon_present,1.0,0.2503194293366632,0.38143913043478267,1.9654002718829997,0.7632033135738241
24c80060d517bd05639eb7a7,title_digit_present,0.0,0.5217391304347826,0.599404347826087,-0.8704293392715956,1.0
24c80060d517bd05639eb7a7,title_exclamation_present,0.0,0.06883112127924186,0.21796521739130437,-0.3157894736740131,1.0
24c80060d517bd05639eb7a7,title_question_present,0.0,0.015568944099160612,0.10898260869565218,-0.14285714285514003,1.0
24c80060d517bd05639eb7a7,title_quote_present,1.0,0.11352355072057607,0.27245652173913043,3.2536437139434695,0.4610215905238056
2a475daf899a6a7502020cfb,discourse_all_markers_per_10k_cjk,20.222446916076848,40.876667142727754,19.22853141214044,-1.0741444462893468,1.0
2a475daf899a6a7502020cfb,discourse_booster_markers_per_10k_cjk,0.0,1.3390085906316258,2.203583209429566,-0.6076505688107191,1.0
2a475daf899a6a7502020cfb,discourse_causal_markers_per_10k_cjk,0.0,5.198874034200515,6.379518072289156,-0.8149320960125455,1.0
2a475daf899a6a7502020cfb,discourse_contrast_markers_per_10k_cjk,10.111223458038424,9.554234113153703,12.401505646173147,0.04491304207538679,1.0
2a475daf899a6a7502020cfb,discourse_directive_markers_per_10k_cjk,10.111223458038424,20.750962517489164,13.159733012504635,-0.8085072128242003,1.0
2a475daf899a6a7502020cfb,discourse_enumeration_markers_per_10k_cjk,0.0,16.628538526350987,20.706703910614525,-0.8030509635010998,1.0
2a475daf899a6a7502020cfb,discourse_framing_markers_per_10k_cjk,0.0,6.204555938508956,7.583631713554985,-0.8181510090236754,1.0
2a475daf899a6a7502020cfb,discourse_hedge_markers_per_10k_cjk,0.0,7.686971311376156,7.583631713554985,-1.0136266635464986,1.0
2a475daf899a6a7502020cfb,discourse_marker_type_coverage,0.05128205128205128,0.13633769231216003,0.07603076923076925,-1.1187002563652504,1.0
2a475daf899a6a7502020cfb,discourse_metadiscourse_markers_per_10k_cjk,10.111223458038424,0.5531489080778824,1.7516382089214966,5.456648810969678,0.2748939966567944
2a475daf899a6a7502020cfb,discourse_summary_markers_per_10k_cjk,0.0,0.43493956416347324,1.3773086198694773,-0.31578947367997373,1.0
2a475daf899a6a7502020cfb,hypothesis_abstract_shells_per_1k_cjk,3.033367037411527,4.8688567918814725,2.323070207836685,-0.7901137676674914,1.0
2a475daf899a6a7502020cfb,hypothesis_complete_contrast_frames_per_1k_sentences,0.0,0.07010030576473539,1.028137817883511,-0.06818181818177008,1.0
2a475daf899a6a7502020cfb,hypothesis_emphatic_frames_per_1k_cjk,0.0,0.32042773834676574,0.36816488701266453,-0.8703375841915726,1.0
2a475daf899a6a7502020cfb,hypothesis_meta_frames_per_1k_cjk,0.0,0.00541605504833512,0.03791238533923833,-0.14285714285377987,1.0
2a475daf899a6a7502020cfb,hypothesis_referential_sentence_opening_ratio,0.13636363636363635,0.08647522147311498,0.025245510835913296,1.9761301411081778,0.7590593194225697
2a475daf899a6a7502020cfb,surface_adjacent_sentence_length_change,0.34638162646251625,0.5265595327331531,0.04238117626391844,-4.251366341241284,0.3528277451531125
2a475daf899a6a7502020cfb,surface_ascii_letter_ratio,0.1310888252148997,0.17822932121745388,0.12046407626597187,-0.39132409813588726,1.0
2a475daf899a6a7502020cfb,surface_cjk_ratio,0.7084527220630372,0.7026773346745797,0.13183120472394408,0.04380895555457625,1.0
2a475daf899a6a7502020cfb,surface_colon_density,0.0,0.0035571695381618473,0.0025262323235033675,-1.408092796955737,1.0
2a475daf899a6a7502020cfb,surface_comma_density,0.054441260744985676,0.03596777465935513,0.009558589913021002,1.9326580859448113,0.7761331457999208
2a475daf899a6a7502020cfb,surface_compression_ratio,0.5601671309192201,0.5007805061586811,0.05205160173450275,1.140918296106423,1.0
2a475daf899a6a7502020cfb,surface_dash_density,0.0164756446991404,0.0037231604307269,0.0028380363948144207,4.493418157608717,0.33382159135580247
2a475daf899a6a7502020cfb,surface_digit_ratio,0.05945558739255014,0.03000678997344892,0.021076277285585872,1.3972485282892602,1.0
2a475daf899a6a7502020cfb,surface_exact_paragraph_repeat_ratio,0.0,0.057966523413877376,0.04633125,-1.2511323008526076,1.0
2a475daf899a6a7502020cfb,surface_exact_sentence_repeat_ratio,0.0,0.0008008107847993317,0.003559159045477262,-0.2249999998783274,1.0
2a475daf899a6a7502020cfb,surface_exclamatory_sentence_ratio,0.0,0.0004337062993177228,0.0030359440993788823,-0.1428571426616366,1.0
2a475daf899a6a7502020cfb,surface_list_item_ratio,0.0,0.005918710005871962,0.016357752240959117,-0.3618290532027844,1.0
2a475daf899a6a7502020cfb,surface_long_paragraph_ratio,0.0,0.004679990508387801,0.017354445000199076,-0.26967099831392566,1.0
2a475daf899a6a7502020cfb,surface_mean_paragraph_cjk_chars,70.64285714285714,40.6980203429791,22.190729302325582,1.349430043145983,1.0
2a475daf899a6a7502020cfb,surface_mean_sentence_cjk_chars,44.95454545454545,39.15033352686368,5.710588434782604,1.0163947190326157,1.0
2a475daf899a6a7502020cfb,surface_mean_sentences_per_paragraph,1.7142857142857142,1.569786974650427,0.3450879310344829,0.41873020363858576,1.0
2a475daf899a6a7502020cfb,surface_paragraph_length_cv,0.5297557434043251,1.0020469195151525,0.24687143720403323,-1.9131057908513338,0.7840653701291127
2a475daf899a6a7502020cfb,surface_paragraph_opening_repeat_ratio,0.0,0.08266723365810803,0.08001333333333331,-1.0331682260220136,1.0
2a475daf899a6a7502020cfb,surface_parenthesis_density,0.0014326647564469914,0.0053009095128603205,0.003960692803170956,-0.9766586172288817,1.0
2a475daf899a6a7502020cfb,surface_period_density,0.025071633237822348,0.02034419466897416,0.003984378756583494,1.1864932672469746,1.0
2a475daf899a6a7502020cfb,surface_punctuation_density,0.1010028653295129,0.08651204737899698,0.014255781675523847,1.0164870843522815,1.0
2a475daf899a6a7502020cfb,surface_question_sentence_ratio,0.0,0.018207354835707106,0.026771200076315144,-0.6801097740782793,1.0
2a475daf899a6a7502020cfb,surface_quote_mark_density,0.0,0.005179327501890652,0.004691354857248414,-1.104015291848642,1.0
2a475daf899a6a7502020cfb,surface_repeated_char_ngram_ratio,0.05476673427991886,0.06781045274006121,0.02901975195052154,-0.449477255435601,1.0
2a475daf899a6a7502020cfb,surface_semicolon_density,0.0,0.0005418413998837806,0.0008297758497283761,-0.6529973125406703,1.0
2a475daf899a6a7502020cfb,surface_sentence_length_autocorrelation,0.03352909030478863,0.05421663053443307,0.12347654560371685,-0.16754226584892176,1.0
2a475daf899a6a7502020cfb,surface_sentence_length_cv,0.35626103462564623,0.5098016831146704,0.08279676538573166,-1.8544281020365057,0.8088747136395971
2a475daf899a6a7502020cfb,surface_sentence_opening_repeat_ratio,0.0,0.04516234181981178,0.03900709030100334,-1.1577982738858663,1.0
2a475daf899a6a7502020cfb,surface_short_paragraph_ratio,0.14285714285714285,0.37280319912215487,0.27085961538461534,-0.8489492091262595,1.0
2a475daf899a6a7502020cfb,surface_url_count_per_1000_cjk,0.0,0.6929687118425703,0.7363297740253291,-0.9411118988904729,1.0
2a475daf899a6a7502020cfb,title_ascii_letter_ratio,0.0967741935483871,0.14094760513286822,0.16028108108108108,-0.27559966083667237,1.0
2a475daf899a6a7502020cfb,title_body_cjk_type_overlap,0.9285714285714286,0.9285548777242683,0.07127884615384622,0.00023219858420018562,1.0
2a475daf899a6a7502020cfb,title_colon_present,0.0,0.2503194293366632,0.38143913043478267,-0.6562499999707346,1.0
2a475daf899a6a7502020cfb,title_digit_present,1.0,0.5217391304347826,0.599404347826087,0.7978935609989627,1.0
2a475daf899a6a7502020cfb,title_exclamation_present,0.0,0.06883112127924186,0.21796521739130437,-0.3157894736740131,1.0
2a475daf899a6a7502020cfb,title_question_present,0.0,0.015568944099160612,0.10898260869565218,-0.14285714285514003,1.0
2a475daf899a6a7502020cfb,title_quote_present,0.0,0.11352355072057607,0.27245652173913043,-0.41666666665175933,1.0
48fbbeedf363a19eeb696de3,discourse_all_markers_per_10k_cjk,10.23017902813299,40.876667142727754,19.22853141214044,-1.5938028473274508,0.9411452630513598
48fbbeedf363a19eeb696de3,discourse_booster_markers_per_10k_cjk,0.0,1.3390085906316258,2.203583209429566,-0.6076505688107191,1.0
48fbbeedf363a19eeb696de3,discourse_causal_markers_per_10k_cjk,0.0,5.198874034200515,6.379518072289156,-0.8149320960125455,1.0
48fbbeedf363a19eeb696de3,discourse_contrast_markers_per_10k_cjk,0.0,9.554234113153703,12.401505646173147,-0.770409205603349,1.0
48fbbeedf363a19eeb696de3,discourse_directive_markers_per_10k_cjk,10.23017902813299,20.750962517489164,13.159733012504635,-0.7994678523765733,1.0
48fbbeedf363a19eeb696de3,discourse_enumeration_markers_per_10k_cjk,5.115089514066495,16.628538526350987,20.706703910614525,-0.5560251917439428,1.0
48fbbeedf363a19eeb696de3,discourse_framing_markers_per_10k_cjk,5.115089514066495,6.204555938508956,7.583631713554985,-0.1436602495470802,1.0
48fbbeedf363a19eeb696de3,discourse_hedge_markers_per_10k_cjk,5.115089514066495,7.686971311376156,7.583631713554985,-0.33913590406990335,1.0
48fbbeedf363a19eeb696de3,discourse_marker_type_coverage,0.05128205128205128,0.13633769231216003,0.07603076923076925,-1.1187002563652504,1.0
48fbbeedf363a19eeb696de3,discourse_metadiscourse_markers_per_10k_cjk,0.0,0.5531489080778824,1.7516382089214966,-0.3157894736827318,1.0
48fbbeedf363a19eeb696de3,discourse_summary_markers_per_10k_cjk,0.0,0.43493956416347324,1.3773086198694773,-0.31578947367997373,1.0
48fbbeedf363a19eeb696de3,hypothesis_abstract_shells_per_1k_cjk,2.046035805626598,4.8688567918814725,2.323070207836685,-1.215125129121075,1.0
48fbbeedf363a19eeb696de3,hypothesis_complete_contrast_frames_per_1k_sentences,18.867924528301884,0.07010030576473539,1.028137817883511,18.28337008479437,0.08204176763054731
48fbbeedf363a19eeb696de3,hypothesis_emphatic_frames_per_1k_cjk,0.5115089514066495,0.32042773834676574,0.36816488701266453,0.5190098779118791,1.0
48fbbeedf363a19eeb696de3,hypothesis_meta_frames_per_1k_cjk,0.0,0.00541605504833512,0.03791238533923833,-0.14285714285377987,1.0
48fbbeedf363a19eeb696de3,hypothesis_referential_sentence_opening_ratio,0.11320754716981132,0.08647522147311498,0.025245510835913296,1.0588942275894833,1.0
48fbbeedf363a19eeb696de3,surface_adjacent_sentence_length_change,0.480680700373795,0.5265595327331531,0.04238117626391844,-1.082528528081875,1.0
48fbbeedf363a19eeb696de3,surface_ascii_letter_ratio,0.037793223284100785,0.17822932121745388,0.12046407626597187,-1.1657923447923606,1.0
48fbbeedf363a19eeb696de3,surface_cjk_ratio,0.8492615117289314,0.7026773346745797,0.13183120472394408,1.1119080445430236,1.0
48fbbeedf363a19eeb696de3,surface_colon_density,0.002172024326672459,0.0035571695381618473,0.0025262323235033675,-0.5483047614435063,1.0
48fbbeedf363a19eeb696de3,surface_comma_density,0.04257167680278019,0.03596777465935513,0.009558589913021002,0.6908866478756484,1.0
48fbbeedf363a19eeb696de3,surface_compression_ratio,0.5394620159621638,0.5007805061586811,0.05205160173450275,0.7431377424422739,1.0
48fbbeedf363a19eeb696de3,surface_dash_density,0.0008688097306689834,0.0037231604307269,0.0028380363948144207,-1.0057484482134567,1.0
48fbbeedf363a19eeb696de3,surface_digit_ratio,0.029539530842745437,0.03000678997344892,0.021076277285585872,-0.022169908109106334,1.0
48fbbeedf363a19eeb696de3,surface_exact_paragraph_repeat_ratio,0.23255813953488372,0.057966523413877376,0.04633125,3.7683338161825195,0.39805390742149355
48fbbeedf363a19eeb696de3,surface_exact_sentence_repeat_ratio,0.0,0.0008008107847993317,0.003559159045477262,-0.2249999998783274,1.0
48fbbeedf363a19eeb696de3,surface_exclamatory_sentence_ratio,0.0,0.0004337062993177228,0.0030359440993788823,-0.1428571426616366,1.0
48fbbeedf363a19eeb696de3,surface_list_item_ratio,0.0,0.005918710005871962,0.016357752240959117,-0.3618290532027844,1.0
48fbbeedf363a19eeb696de3,surface_long_paragraph_ratio,0.0,0.004679990508387801,0.017354445000199076,-0.26967099831392566,1.0
48fbbeedf363a19eeb696de3,surface_mean_paragraph_cjk_chars,22.732558139534884,40.6980203429791,22.190729302325582,-0.809593139490077,1.0
48fbbeedf363a19eeb696de3,surface_mean_sentence_cjk_chars,36.886792452830186,39.15033352686368,5.710588434782604,-0.3963761528052876,1.0
48fbbeedf363a19eeb696de3,surface_mean_sentences_per_paragraph,1.255813953488372,1.569786974650427,0.3450879310344829,-0.9098348360687268,1.0
48fbbeedf363a19eeb696de3,surface_paragraph_length_cv,1.053331072395876,1.0020469195151525,0.24687143720403323,0.2077362754539255,1.0
48fbbeedf363a19eeb696de3,surface_paragraph_opening_repeat_ratio,0.1323529411764706,0.08266723365810803,0.08001333333333331,0.6209678493379758,1.0
48fbbeedf363a19eeb696de3,surface_parenthesis_density,0.0008688097306689834,0.0053009095128603205,0.003960692803170956,-1.1190213436000311,1.0
48fbbeedf363a19eeb696de3,surface_period_density,0.023457862728062554,0.02034419466897416,0.003984378756583494,0.7814688937249247,1.0
48fbbeedf363a19eeb696de3,surface_punctuation_density,0.08340573414422242,0.08651204737899698,0.014255781675523847,-0.21789848536386305,1.0
48fbbeedf363a19eeb696de3,surface_question_sentence_ratio,0.03773584905660377,0.018207354835707106,0.026771200076315144,0.7294590517133298,1.0
48fbbeedf363a19eeb696de3,surface_quote_mark_density,0.01216333622936577,0.005179327501890652,0.004691354857248414,1.4886976022895435,1.0
48fbbeedf363a19eeb696de3,surface_repeated_char_ngram_ratio,0.03483606557377049,0.06781045274006121,0.02901975195052154,-1.1362739151772148,1.0
48fbbeedf363a19eeb696de3,surface_semicolon_density,0.0,0.0005418413998837806,0.0008297758497283761,-0.6529973125406703,1.0
48fbbeedf363a19eeb696de3,surface_sentence_length_autocorrelation,0.04152662299956695,0.05421663053443307,0.12347654560371685,-0.10277261542117623,1.0
48fbbeedf363a19eeb696de3,surface_sentence_length_cv,0.4624663290167106,0.5098016831146704,0.08279676538573166,-0.5717053543992329,1.0
48fbbeedf363a19eeb696de3,surface_sentence_opening_repeat_ratio,0.0,0.04516234181981178,0.03900709030100334,-1.1577982738858663,1.0
48fbbeedf363a19eeb696de3,surface_short_paragraph_ratio,0.5581395348837209,0.37280319912215487,0.27085961538461534,0.6842523773741319,1.0
48fbbeedf363a19eeb696de3,surface_url_count_per_1000_cjk,0.0,0.6929687118425703,0.7363297740253291,-0.9411118988904729,1.0
48fbbeedf363a19eeb696de3,title_ascii_letter_ratio,0.08,0.14094760513286822,0.16028108108108108,-0.3802545173877182,1.0
48fbbeedf363a19eeb696de3,title_body_cjk_type_overlap,1.0,0.9285548777242683,0.07127884615384622,1.0023327555208545,1.0
48fbbeedf363a19eeb696de3,title_colon_present,0.0,0.2503194293366632,0.38143913043478267,-0.6562499999707346,1.0
48fbbeedf363a19eeb696de3,title_digit_present,0.0,0.5217391304347826,0.599404347826087,-0.8704293392715956,1.0
48fbbeedf363a19eeb696de3,title_exclamation_present,0.0,0.06883112127924186,0.21796521739130437,-0.3157894736740131,1.0
48fbbeedf363a19eeb696de3,title_question_present,0.0,0.015568944099160612,0.10898260869565218,-0.14285714285514003,1.0
48fbbeedf363a19eeb696de3,title_quote_present,0.0,0.11352355072057607,0.27245652173913043,-0.41666666665175933,1.0
49beb93225d8c3fa08fa47c5,discourse_all_markers_per_10k_cjk,33.557046979865774,40.876667142727754,19.22853141214044,-0.3806645450957604,1.0
49beb93225d8c3fa08fa47c5,discourse_booster_markers_per_10k_cjk,0.0,1.3390085906316258,2.203583209429566,-0.6076505688107191,1.0
49beb93225d8c3fa08fa47c5,discourse_causal_markers_per_10k_cjk,0.0,5.198874034200515,6.379518072289156,-0.8149320960125455,1.0
49beb93225d8c3fa08fa47c5,discourse_contrast_markers_per_10k_cjk,0.0,9.554234113153703,12.401505646173147,-0.770409205603349,1.0
49beb93225d8c3fa08fa47c5,discourse_directive_markers_per_10k_cjk,16.778523489932887,20.750962517489164,13.159733012504635,-0.30186319310441845,1.0
49beb93225d8c3fa08fa47c5,discourse_enumeration_markers_per_10k_cjk,33.557046979865774,16.628538526350987,20.706703910614525,0.8175375726909879,1.0
49beb93225d8c3fa08fa47c5,discourse_framing_markers_per_10k_cjk,0.0,6.204555938508956,7.583631713554985,-0.8181510090236754,1.0
49beb93225d8c3fa08fa47c5,discourse_hedge_markers_per_10k_cjk,0.0,7.686971311376156,7.583631713554985,-1.0136266635464986,1.0
49beb93225d8c3fa08fa47c5,discourse_marker_type_coverage,0.02564102564102564,0.13633769231216003,0.07603076923076925,-1.4559456361035479,1.0
49beb93225d8c3fa08fa47c5,discourse_metadiscourse_markers_per_10k_cjk,0.0,0.5531489080778824,1.7516382089214966,-0.3157894736827318,1.0
49beb93225d8c3fa08fa47c5,discourse_summary_markers_per_10k_cjk,0.0,0.43493956416347324,1.3773086198694773,-0.31578947367997373,1.0
49beb93225d8c3fa08fa47c5,hypothesis_abstract_shells_per_1k_cjk,3.3557046979865772,4.8688567918814725,2.323070207836685,-0.6513587444711751,1.0
49beb93225d8c3fa08fa47c5,hypothesis_complete_contrast_frames_per_1k_sentences,0.0,0.07010030576473539,1.028137817883511,-0.06818181818177008,1.0
49beb93225d8c3fa08fa47c5,hypothesis_emphatic_frames_per_1k_cjk,0.0,0.32042773834676574,0.36816488701266453,-0.8703375841915726,1.0
49beb93225d8c3fa08fa47c5,hypothesis_meta_frames_per_1k_cjk,0.0,0.00541605504833512,0.03791238533923833,-0.14285714285377987,1.0
49beb93225d8c3fa08fa47c5,hypothesis_referential_sentence_opening_ratio,0.0,0.08647522147311498,0.025245510835913296,-3.4253702385019142,0.43790886694222725
49beb93225d8c3fa08fa47c5,surface_adjacent_sentence_length_change,0.5863652419639703,0.5265595327331531,0.04238117626391844,1.4111384936178202,1.0
49beb93225d8c3fa08fa47c5,surface_ascii_letter_ratio,0.2983479105928086,0.17822932121745388,0.12046407626597187,0.9971320338699615,1.0
49beb93225d8c3fa08fa47c5,surface_cjk_ratio,0.5792031098153547,0.7026773346745797,0.13183120472394408,-0.9366084844463138,1.0
49beb93225d8c3fa08fa47c5,surface_colon_density,0.0009718172983479105,0.0035571695381618473,0.0025262323235033675,-1.0234024067226652,1.0
49beb93225d8c3fa08fa47c5,surface_comma_density,0.0369290573372206,0.03596777465935513,0.009558589913021002,0.10056741492340668,1.0
49beb93225d8c3fa08fa47c5,surface_compression_ratio,0.6209677419354839,0.5007805061586811,0.05205160173450275,2.3090016785619083,0.6496314030114649
49beb93225d8c3fa08fa47c5,surface_dash_density,0.0,0.0037231604307269,0.0028380363948144207,-1.3118790292928424,1.0
49beb93225d8c3fa08fa47c5,surface_digit_ratio,0.04470359572400389,0.03000678997344892,0.021076277285585872,0.6973150690423948,1.0
49beb93225d8c3fa08fa47c5,surface_exact_paragraph_repeat_ratio,0.08333333333333333,0.057966523413877376,0.04633125,0.5475097244183128,1.0
49beb93225d8c3fa08fa47c5,surface_exact_sentence_repeat_ratio,0.0,0.0008008107847993317,0.003559159045477262,-0.2249999998783274,1.0
49beb93225d8c3fa08fa47c5,surface_exclamatory_sentence_ratio,0.0,0.0004337062993177228,0.0030359440993788823,-0.1428571426616366,1.0
49beb93225d8c3fa08fa47c5,surface_list_item_ratio,0.0,0.005918710005871962,0.016357752240959117,-0.3618290532027844,1.0
49beb93225d8c3fa08fa47c5,surface_long_paragraph_ratio,0.0,0.004679990508387801,0.017354445000199076,-0.26967099831392566,1.0
49beb93225d8c3fa08fa47c5,surface_mean_paragraph_cjk_chars,16.555555555555557,40.6980203429791,22.190729302325582,-1.0879527418187838,1.0
49beb93225d8c3fa08fa47c5,surface_mean_sentence_cjk_chars,29.8,39.15033352686368,5.710588434782604,-1.637367783311395,0.9161045033916668
49beb93225d8c3fa08fa47c5,surface_mean_sentences_per_paragraph,1.25,1.569786974650427,0.3450879310344829,-0.926682581137479,1.0
49beb93225d8c3fa08fa47c5,surface_paragraph_length_cv,1.1648694602489784,1.0020469195151525,0.24687143720403323,0.6595438604720282,1.0
49beb93225d8c3fa08fa47c5,surface_paragraph_opening_repeat_ratio,0.10344827586206896,0.08266723365810803,0.08001333333333331,0.259719740926024,1.0
49beb93225d8c3fa08fa47c5,surface_parenthesis_density,0.008746355685131196,0.0053009095128603205,0.003960692803170956,0.8699099737077384,1.0
49beb93225d8c3fa08fa47c5,surface_period_density,0.019436345966958212,0.02034419466897416,0.003984378756583494,-0.22785200842562617,1.0
49beb93225d8c3fa08fa47c5,surface_punctuation_density,0.07774538386783285,0.08651204737899698,0.014255781675523847,-0.6149549502582425,1.0
49beb93225d8c3fa08fa47c5,surface_question_sentence_ratio,0.0,0.018207354835707106,0.026771200076315144,-0.6801097740782793,1.0
49beb93225d8c3fa08fa47c5,surface_quote_mark_density,0.009718172983479106,0.005179327501890652,0.004691354857248414,0.967491400608009,1.0
49beb93225d8c3fa08fa47c5,surface_repeated_char_ngram_ratio,0.03204047217537943,0.06781045274006121,0.02901975195052154,-1.23260807417201,1.0
49beb93225d8c3fa08fa47c5,surface_semicolon_density,0.0,0.0005418413998837806,0.0008297758497283761,-0.6529973125406703,1.0
49beb93225d8c3fa08fa47c5,surface_sentence_length_autocorrelation,-0.2639891170257365,0.05421663053443307,0.12347654560371685,-2.577054176599763,0.5820599402295615
49beb93225d8c3fa08fa47c5,surface_sentence_length_cv,0.4943945051879681,0.5098016831146704,0.08279676538573166,-0.18608429755587327,1.0
49beb93225d8c3fa08fa47c5,surface_sentence_opening_repeat_ratio,0.0,0.04516234181981178,0.03900709030100334,-1.1577982738858663,1.0
49beb93225d8c3fa08fa47c5,surface_short_paragraph_ratio,0.6388888888888888,0.37280319912215487,0.27085961538461534,0.9823749080825412,1.0
49beb93225d8c3fa08fa47c5,surface_url_count_per_1000_cjk,0.0,0.6929687118425703,0.7363297740253291,-0.9411118988904729,1.0
49beb93225d8c3fa08fa47c5,title_ascii_letter_ratio,0.34375,0.14094760513286822,0.16028108108108108,1.2652921573728375,1.0
49beb93225d8c3fa08fa47c5,title_body_cjk_type_overlap,1.0,0.9285548777242683,0.07127884615384622,1.0023327555208545,1.0
49beb93225d8c3fa08fa47c5,title_colon_present,0.0,0.2503194293366632,0.38143913043478267,-0.6562499999707346,1.0
49beb93225d8c3fa08fa47c5,title_digit_present,0.0,0.5217391304347826,0.599404347826087,-0.8704293392715956,1.0
49beb93225d8c3fa08fa47c5,title_exclamation_present,0.0,0.06883112127924186,0.21796521739130437,-0.3157894736740131,1.0
49beb93225d8c3fa08fa47c5,title_question_present,0.0,0.015568944099160612,0.10898260869565218,-0.14285714285514003,1.0
49beb93225d8c3fa08fa47c5,title_quote_present,0.0,0.11352355072057607,0.27245652173913043,-0.41666666665175933,1.0
4d0fe82ce27496e3c0dd8cd1,discourse_all_markers_per_10k_cjk,44.99437570303712,40.876667142727754,19.22853141214044,0.21414576454390807,1.0
4d0fe82ce27496e3c0dd8cd1,discourse_booster_markers_per_10k_cjk,5.62429696287964,1.3390085906316258,2.203583209429566,1.944690971464305,0.7713307780055854
4d0fe82ce27496e3c0dd8cd1,discourse_causal_markers_per_10k_cjk,2.81214848143982,5.198874034200515,6.379518072289156,-0.37412317446484933,1.0
4d0fe82ce27496e3c0dd8cd1,discourse_contrast_markers_per_10k_cjk,11.24859392575928,9.554234113153703,12.401505646173147,0.13662533090314102,1.0
4d0fe82ce27496e3c0dd8cd1,discourse_directive_markers_per_10k_cjk,16.87289088863892,20.750962517489164,13.159733012504635,-0.2946922726445304,1.0
4d0fe82ce27496e3c0dd8cd1,discourse_enumeration_markers_per_10k_cjk,16.87289088863892,16.628538526350987,20.706703910614525,0.011800640186035393,1.0
4d0fe82ce27496e3c0dd8cd1,discourse_framing_markers_per_10k_cjk,8.43644544431946,6.204555938508956,7.583631713554985,0.29430351975310515,1.0
4d0fe82ce27496e3c0dd8cd1,discourse_hedge_markers_per_10k_cjk,30.93363329583802,7.686971311376156,7.583631713554985,3.065373275301697,0.48933681652599664
4d0fe82ce27496e3c0dd8cd1,discourse_marker_type_coverage,0.2564102564102564,0.13633769231216003,0.07603076923076925,1.5792627815411293,0.9498102643413274
4d0fe82ce27496e3c0dd8cd1,discourse_metadiscourse_markers_per_10k_cjk,5.62429696287964,0.5531489080778824,1.7516382089214966,2.89508873977128,0.5181188332480973
4d0fe82ce27496e3c0dd8cd1,discourse_summary_markers_per_10k_cjk,0.0,0.43493956416347324,1.3773086198694773,-0.31578947367997373,1.0
4d0fe82ce27496e3c0dd8cd1,hypothesis_abstract_shells_per_1k_cjk,7.03037120359955,4.8688567918814725,2.323070207836685,0.9304559132248297,1.0
4d0fe82ce27496e3c0dd8cd1,hypothesis_complete_contrast_frames_per_1k_sentences,0.0,0.07010030576473539,1.028137817883511,-0.06818181818177008,1.0
4d0fe82ce27496e3c0dd8cd1,hypothesis_emphatic_frames_per_1k_cjk,0.281214848143982,0.32042773834676574,0.36816488701266453,-0.10650904414313375,1.0
4d0fe82ce27496e3c0dd8cd1,hypothesis_meta_frames_per_1k_cjk,0.0,0.00541605504833512,0.03791238533923833,-0.14285714285377987,1.0
4d0fe82ce27496e3c0dd8cd1,hypothesis_referential_sentence_opening_ratio,0.08974358974358974,0.08647522147311498,0.025245510835913296,0.12946334466028336,1.0
4d0fe82ce27496e3c0dd8cd1,surface_adjacent_sentence_length_change,0.5458051509795042,0.5265595327331531,0.04238117626391844,0.4541076945694871,1.0
4d0fe82ce27496e3c0dd8cd1,surface_ascii_letter_ratio,0.1927710843373494,0.17822932121745388,0.12046407626597187,0.12071451980247502,1.0
4d0fe82ce27496e3c0dd8cd1,surface_cjk_ratio,0.7140562248995984,0.7026773346745797,0.13183120472394408,0.08631408814662822,1.0
4d0fe82ce27496e3c0dd8cd1,surface_colon_density,0.002008032128514056,0.0035571695381618473,0.0025262323235033675,-0.6132204846066789,1.0
4d0fe82ce27496e3c0dd8cd1,surface_comma_density,0.038755020080321285,0.03596777465935513,0.009558589913021002,0.291595878296786,1.0
4d0fe82ce27496e3c0dd8cd1,surface_compression_ratio,0.47692772449210785,0.5007805061586811,0.05205160173450275,-0.45825259687949726,1.0
4d0fe82ce27496e3c0dd8cd1,surface_dash_density,0.0034136546184738957,0.0037231604307269,0.0028380363948144207,-0.10905632246948084,1.0
4d0fe82ce27496e3c0dd8cd1,surface_digit_ratio,0.02469879518072289,0.03000678997344892,0.021076277285585872,-0.2518468855197774,1.0
4d0fe82ce27496e3c0dd8cd1,surface_exact_paragraph_repeat_ratio,0.2109375,0.057966523413877376,0.04633125,3.3016803256144103,0.45431412252815995
4d0fe82ce27496e3c0dd8cd1,surface_exact_sentence_repeat_ratio,0.0,0.0008008107847993317,0.003559159045477262,-0.2249999998783274,1.0
4d0fe82ce27496e3c0dd8cd1,surface_exclamatory_sentence_ratio,0.0,0.0004337062993177228,0.0030359440993788823,-0.1428571426616366,1.0
4d0fe82ce27496e3c0dd8cd1,surface_list_item_ratio,0.0,0.005918710005871962,0.016357752240959117,-0.3618290532027844,1.0
4d0fe82ce27496e3c0dd8cd1,surface_long_paragraph_ratio,0.0078125,0.004679990508387801,0.017354445000199076,0.1805018536505354,1.0
4d0fe82ce27496e3c0dd8cd1,surface_mean_paragraph_cjk_chars,27.78125,40.6980203429791,22.190729302325582,-0.582079577782305,1.0
4d0fe82ce27496e3c0dd8cd1,surface_mean_sentence_cjk_chars,45.58974358974359,39.15033352686368,5.710588434782604,1.1276263622253229,1.0
4d0fe82ce27496e3c0dd8cd1,surface_mean_sentences_per_paragraph,1.390625,1.569786974650427,0.3450879310344829,-0.5191777472870363,1.0
4d0fe82ce27496e3c0dd8cd1,surface_paragraph_length_cv,1.3352261041977003,1.0020469195151525,0.24687143720403323,1.349606047811774,1.0
4d0fe82ce27496e3c0dd8cd1,surface_paragraph_opening_repeat_ratio,0.08888888888888889,0.08266723365810803,0.08001333333333331,0.07775773076296694,1.0
4d0fe82ce27496e3c0dd8cd1,surface_parenthesis_density,0.002811244979919679,0.0053009095128603205,0.003960692803170956,-0.6285931923191317,1.0
4d0fe82ce27496e3c0dd8cd1,surface_period_density,0.01606425702811245,0.02034419466897416,0.003984378756583494,-1.0741794147431034,1.0
4d0fe82ce27496e3c0dd8cd1,surface_punctuation_density,0.06767068273092369,0.08651204737899698,0.014255781675523847,-1.3216647867456162,1.0
4d0fe82ce27496e3c0dd8cd1,surface_question_sentence_ratio,0.0,0.018207354835707106,0.026771200076315144,-0.6801097740782793,1.0
4d0fe82ce27496e3c0dd8cd1,surface_quote_mark_density,0.002811244979919679,0.005179327501890652,0.004691354857248414,-0.5047758257536519,1.0
4d0fe82ce27496e3c0dd8cd1,surface_repeated_char_ngram_ratio,0.05826062482409232,0.06781045274006121,0.02901975195052154,-0.3290802737477315,1.0
4d0fe82ce27496e3c0dd8cd1,surface_semicolon_density,0.0008032128514056225,0.0005418413998837806,0.0008297758497283761,0.3149904297737766,1.0
4d0fe82ce27496e3c0dd8cd1,surface_sentence_length_autocorrelation,-0.07562410649684151,0.05421663053443307,0.12347654560371685,-1.0515417028913558,1.0
4d0fe82ce27496e3c0dd8cd1,surface_sentence_length_cv,0.5163597786523889,0.5098016831146704,0.08279676538573166,0.07920714664595606,1.0
4d0fe82ce27496e3c0dd8cd1,surface_sentence_opening_repeat_ratio,0.05128205128205128,0.04516234181981178,0.03900709030100334,0.15688710475495493,1.0
4d0fe82ce27496e3c0dd8cd1,surface_short_paragraph_ratio,0.5703125,0.37280319912215487,0.27085961538461534,0.7291943488784247,1.0
4d0fe82ce27496e3c0dd8cd1,surface_url_count_per_1000_cjk,0.0,0.6929687118425703,0.7363297740253291,-0.9411118988904729,1.0
4d0fe82ce27496e3c0dd8cd1,title_ascii_letter_ratio,0.10810810810810811,0.14094760513286822,0.16028108108108108,-0.20488691992380345,1.0
4d0fe82ce27496e3c0dd8cd1,title_body_cjk_type_overlap,0.9230769230769231,0.9285548777242683,0.07127884615384622,-0.07685245964169606,1.0
4d0fe82ce27496e3c0dd8cd1,title_colon_present,0.0,0.2503194293366632,0.38143913043478267,-0.6562499999707346,1.0
4d0fe82ce27496e3c0dd8cd1,title_digit_present,1.0,0.5217391304347826,0.599404347826087,0.7978935609989627,1.0
4d0fe82ce27496e3c0dd8cd1,title_exclamation_present,1.0,0.06883112127924186,0.21796521739130437,4.272098502070023,0.3511154996246419
4d0fe82ce27496e3c0dd8cd1,title_question_present,0.0,0.015568944099160612,0.10898260869565218,-0.14285714285514003,1.0
4d0fe82ce27496e3c0dd8cd1,title_quote_present,1.0,0.11352355072057607,0.27245652173913043,3.2536437139434695,0.4610215905238056
531294d76613f7f5fddf19b4,discourse_all_markers_per_10k_cjk,6.675567423230975,40.876667142727754,19.22853141214044,-1.7786641624592825,0.8433295231664276
531294d76613f7f5fddf19b4,discourse_booster_markers_per_10k_cjk,0.0,1.3390085906316258,2.203583209429566,-0.6076505688107191,1.0
531294d76613f7f5fddf19b4,discourse_causal_markers_per_10k_cjk,0.0,5.198874034200515,6.379518072289156,-0.8149320960125455,1.0
531294d76613f7f5fddf19b4,discourse_contrast_markers_per_10k_cjk,0.0,9.554234113153703,12.401505646173147,-0.770409205603349,1.0
531294d76613f7f5fddf19b4,discourse_directive_markers_per_10k_cjk,20.026702269692926,20.750962517489164,13.159733012504635,-0.05503608979817688,1.0
531294d76613f7f5fddf19b4,discourse_enumeration_markers_per_10k_cjk,0.0,16.628538526350987,20.706703910614525,-0.8030509635010998,1.0
531294d76613f7f5fddf19b4,discourse_framing_markers_per_10k_cjk,6.675567423230975,6.204555938508956,7.583631713554985,0.06210896078723506,1.0
531294d76613f7f5fddf19b4,discourse_hedge_markers_per_10k_cjk,26.7022696929239,7.686971311376156,7.583631713554985,2.5074132156971434,0.5982260883884472
531294d76613f7f5fddf19b4,discourse_marker_type_coverage,0.02564102564102564,0.13633769231216003,0.07603076923076925,-1.4559456361035479,1.0
531294d76613f7f5fddf19b4,discourse_metadiscourse_markers_per_10k_cjk,0.0,0.5531489080778824,1.7516382089214966,-0.3157894736827318,1.0
531294d76613f7f5fddf19b4,discourse_summary_markers_per_10k_cjk,0.0,0.43493956416347324,1.3773086198694773,-0.31578947367997373,1.0
531294d76613f7f5fddf19b4,hypothesis_abstract_shells_per_1k_cjk,2.67022696929239,4.8688567918814725,2.323070207836685,-0.9464327919027961,1.0
531294d76613f7f5fddf19b4,hypothesis_complete_contrast_frames_per_1k_sentences,0.0,0.07010030576473539,1.028137817883511,-0.06818181818177008,1.0
531294d76613f7f5fddf19b4,hypothesis_emphatic_frames_per_1k_cjk,0.0,0.32042773834676574,0.36816488701266453,-0.8703375841915726,1.0
531294d76613f7f5fddf19b4,hypothesis_meta_frames_per_1k_cjk,0.0,0.00541605504833512,0.03791238533923833,-0.14285714285377987,1.0
531294d76613f7f5fddf19b4,hypothesis_referential_sentence_opening_ratio,0.07317073170731707,0.08647522147311498,0.025245510835913296,-0.5270041811501575,1.0
531294d76613f7f5fddf19b4,surface_adjacent_sentence_length_change,0.7519859813084112,0.5265595327331531,0.04238117626391844,5.319022935358609,0.28200668021727004
531294d76613f7f5fddf19b4,surface_ascii_letter_ratio,0.10518369401107197,0.17822932121745388,0.12046407626597187,-0.6063685496172729,1.0
531294d76613f7f5fddf19b4,surface_cjk_ratio,0.7539003522898843,0.7026773346745797,0.13183120472394408,0.3885500229066866,1.0
531294d76613f7f5fddf19b4,surface_colon_density,0.0050327126321087065,0.0035571695381618473,0.0025262323235033675,0.5840884388259995,1.0
531294d76613f7f5fddf19b4,surface_comma_density,0.03925515853044791,0.03596777465935513,0.009558589913021002,0.3439193333960914,1.0
531294d76613f7f5fddf19b4,surface_compression_ratio,0.5255623721881391,0.5007805061586811,0.05205160173450275,0.4761018912705457,1.0
531294d76613f7f5fddf19b4,surface_dash_density,0.004529441368897836,0.0037231604307269,0.0028380363948144207,0.28409816718494163,1.0
531294d76613f7f5fddf19b4,surface_digit_ratio,0.04026170105686965,0.03000678997344892,0.021076277285585872,0.4865617843448138,1.0
531294d76613f7f5fddf19b4,surface_exact_paragraph_repeat_ratio,0.0,0.057966523413877376,0.04633125,-1.2511323008526076,1.0
531294d76613f7f5fddf19b4,surface_exact_sentence_repeat_ratio,0.0,0.0008008107847993317,0.003559159045477262,-0.2249999998783274,1.0
531294d76613f7f5fddf19b4,surface_exclamatory_sentence_ratio,0.0,0.0004337062993177228,0.0030359440993788823,-0.1428571426616366,1.0
531294d76613f7f5fddf19b4,surface_list_item_ratio,0.0,0.005918710005871962,0.016357752240959117,-0.3618290532027844,1.0
531294d76613f7f5fddf19b4,surface_long_paragraph_ratio,0.0,0.004679990508387801,0.017354445000199076,-0.26967099831392566,1.0
531294d76613f7f5fddf19b4,surface_mean_paragraph_cjk_chars,46.8125,40.6980203429791,22.190729302325582,0.27554207767205313,1.0
531294d76613f7f5fddf19b4,surface_mean_sentence_cjk_chars,36.53658536585366,39.15033352686368,5.710588434782604,-0.45770207236262245,1.0
531294d76613f7f5fddf19b4,surface_mean_sentences_per_paragraph,1.625,1.569786974650427,0.3450879310344829,0.15999697579703506,1.0
531294d76613f7f5fddf19b4,surface_paragraph_length_cv,0.704544079096357,1.0020469195151525,0.24687143720403323,-1.2050921880157268,1.0
531294d76613f7f5fddf19b4,surface_paragraph_opening_repeat_ratio,0.06451612903225806,0.08266723365810803,0.08001333333333331,-0.2268509993232375,1.0
531294d76613f7f5fddf19b4,surface_parenthesis_density,0.0035228988424760945,0.0053009095128603205,0.003960692803170956,-0.44891405588455113,1.0
531294d76613f7f5fddf19b4,surface_period_density,0.02415702063412179,0.02034419466897416,0.003984378756583494,0.9569436537245858,1.0
531294d76613f7f5fddf19b4,surface_punctuation_density,0.10015098137896326,0.08651204737899698,0.014255781675523847,0.9567299998276034,1.0
531294d76613f7f5fddf19b4,surface_question_sentence_ratio,0.024390243902439025,0.018207354835707106,0.026771200076315144,0.23095300356751686,1.0
531294d76613f7f5fddf19b4,surface_quote_mark_density,0.012078510317060896,0.005179327501890652,0.004691354857248414,1.4706162771956182,1.0
531294d76613f7f5fddf19b4,surface_repeated_char_ngram_ratio,0.05217391304347826,0.06781045274006121,0.02901975195052154,-0.5388240300345482,1.0
531294d76613f7f5fddf19b4,surface_semicolon_density,0.0,0.0005418413998837806,0.0008297758497283761,-0.6529973125406703,1.0
531294d76613f7f5fddf19b4,surface_sentence_length_autocorrelation,0.06930831042310567,0.05421663053443307,0.12347654560371685,0.12222304904048369,1.0
531294d76613f7f5fddf19b4,surface_sentence_length_cv,0.6880428035086714,0.5098016831146704,0.08279676538573166,2.1527546343581823,0.696781684294089
531294d76613f7f5fddf19b4,surface_sentence_opening_repeat_ratio,0.05,0.04516234181981178,0.03900709030100334,0.12401997028893452,1.0
531294d76613f7f5fddf19b4,surface_short_paragraph_ratio,0.1875,0.37280319912215487,0.27085961538461534,-0.6841300385774673,1.0
531294d76613f7f5fddf19b4,surface_url_count_per_1000_cjk,2.67022696929239,0.6929687118425703,0.7363297740253291,2.6852890202180033,0.5585990888527238
531294d76613f7f5fddf19b4,title_ascii_letter_ratio,0.0,0.14094760513286822,0.16028108108108108,-0.8793776794003987,1.0
531294d76613f7f5fddf19b4,title_body_cjk_type_overlap,1.0,0.9285548777242683,0.07127884615384622,1.0023327555208545,1.0
531294d76613f7f5fddf19b4,title_colon_present,1.0,0.2503194293366632,0.38143913043478267,1.9654002718829997,0.7632033135738241
531294d76613f7f5fddf19b4,title_digit_present,0.0,0.5217391304347826,0.599404347826087,-0.8704293392715956,1.0
531294d76613f7f5fddf19b4,title_exclamation_present,0.0,0.06883112127924186,0.21796521739130437,-0.3157894736740131,1.0
531294d76613f7f5fddf19b4,title_question_present,0.0,0.015568944099160612,0.10898260869565218,-0.14285714285514003,1.0
531294d76613f7f5fddf19b4,title_quote_present,0.0,0.11352355072057607,0.27245652173913043,-0.41666666665175933,1.0
559c8442eaab83bf1ed67488,discourse_all_markers_per_10k_cjk,27.27582679849983,40.876667142727754,19.22853141214044,-0.707326007000237,1.0
559c8442eaab83bf1ed67488,discourse_booster_markers_per_10k_cjk,0.0,1.3390085906316258,2.203583209429566,-0.6076505688107191,1.0
559c8442eaab83bf1ed67488,discourse_causal_markers_per_10k_cjk,6.818956699624957,5.198874034200515,6.379518072289156,0.25395063499571047,1.0
559c8442eaab83bf1ed67488,discourse_contrast_markers_per_10k_cjk,3.4094783498124785,9.554234113153703,12.401505646173147,-0.4954846563519786,1.0
559c8442eaab83bf1ed67488,discourse_directive_markers_per_10k_cjk,34.094783498124784,20.750962517489164,13.159733012504635,1.0139887312269984,1.0
559c8442eaab83bf1ed67488,discourse_enumeration_markers_per_10k_cjk,17.047391749062392,16.628538526350987,20.706703910614525,0.020227904185981797,1.0
559c8442eaab83bf1ed67488,discourse_framing_markers_per_10k_cjk,0.0,6.204555938508956,7.583631713554985,-0.8181510090236754,1.0
559c8442eaab83bf1ed67488,discourse_hedge_markers_per_10k_cjk,23.86634844868735,7.686971311376156,7.583631713554985,2.1334602929612436,0.703083157886196
559c8442eaab83bf1ed67488,discourse_marker_type_coverage,0.1794871794871795,0.13633769231216003,0.07603076923076925,0.5675266423262372,1.0
559c8442eaab83bf1ed67488,discourse_metadiscourse_markers_per_10k_cjk,0.0,0.5531489080778824,1.7516382089214966,-0.3157894736827318,1.0
559c8442eaab83bf1ed67488,discourse_summary_markers_per_10k_cjk,0.0,0.43493956416347324,1.3773086198694773,-0.31578947367997373,1.0
559c8442eaab83bf1ed67488,hypothesis_abstract_shells_per_1k_cjk,5.114217524718718,4.8688567918814725,2.323070207836685,0.10561916381585958,1.0
559c8442eaab83bf1ed67488,hypothesis_complete_contrast_frames_per_1k_sentences,0.0,0.07010030576473539,1.028137817883511,-0.06818181818177008,1.0
559c8442eaab83bf1ed67488,hypothesis_emphatic_frames_per_1k_cjk,0.6818956699624957,0.32042773834676574,0.36816488701266453,0.9818099019402028,1.0
559c8442eaab83bf1ed67488,hypothesis_meta_frames_per_1k_cjk,0.0,0.00541605504833512,0.03791238533923833,-0.14285714285377987,1.0
559c8442eaab83bf1ed67488,hypothesis_referential_sentence_opening_ratio,0.08695652173913043,0.08647522147311498,0.025245510835913296,0.019064786176985194,1.0
559c8442eaab83bf1ed67488,surface_adjacent_sentence_length_change,0.5307053609033112,0.5265595327331531,0.04238117626391844,0.09782239512044069,1.0
559c8442eaab83bf1ed67488,surface_ascii_letter_ratio,0.21408711770157554,0.17822932121745388,0.12046407626597187,0.29766381477040055,1.0
559c8442eaab83bf1ed67488,surface_cjk_ratio,0.6795644114921223,0.7026773346745797,0.13183120472394408,-0.17532209639482618,1.0
559c8442eaab83bf1ed67488,surface_colon_density,0.007877664504170528,0.0035571695381618473,0.0025262323235033675,1.7102524284136456,0.8770635112568345
559c8442eaab83bf1ed67488,surface_comma_density,0.028730305838739572,0.03596777465935513,0.009558589913021002,-0.7571690894235827,1.0
559c8442eaab83bf1ed67488,surface_compression_ratio,0.45967378570784895,0.5007805061586811,0.05205160173450275,-0.7897301731559255,1.0
559c8442eaab83bf1ed67488,surface_dash_density,0.004402224281742354,0.0037231604307269,0.0028380363948144207,0.23927242520787265,1.0
559c8442eaab83bf1ed67488,surface_digit_ratio,0.009267840593141797,0.03000678997344892,0.021076277285585872,-0.9839949009633951,1.0
559c8442eaab83bf1ed67488,surface_exact_paragraph_repeat_ratio,0.12781954887218044,0.057966523413877376,0.04633125,1.507687046179481,0.9949014311697112
559c8442eaab83bf1ed67488,surface_exact_sentence_repeat_ratio,0.0,0.0008008107847993317,0.003559159045477262,-0.2249999998783274,1.0
559c8442eaab83bf1ed67488,surface_exclamatory_sentence_ratio,0.0,0.0004337062993177228,0.0030359440993788823,-0.1428571426616366,1.0
559c8442eaab83bf1ed67488,surface_list_item_ratio,0.0,0.005918710005871962,0.016357752240959117,-0.3618290532027844,1.0
559c8442eaab83bf1ed67488,surface_long_paragraph_ratio,0.0,0.004679990508387801,0.017354445000199076,-0.26967099831392566,1.0
559c8442eaab83bf1ed67488,surface_mean_paragraph_cjk_chars,22.05263157894737,40.6980203429791,22.190729302325582,-0.840233257321457,1.0
559c8442eaab83bf1ed67488,surface_mean_sentence_cjk_chars,42.507246376811594,39.15033352686368,5.710588434782604,0.5878400953396153,1.0
559c8442eaab83bf1ed67488,surface_mean_sentences_per_paragraph,1.2255639097744362,1.569786974650427,0.3450879310344829,-0.9974937803362189,1.0
559c8442eaab83bf1ed67488,surface_paragraph_length_cv,1.211928514550213,1.0020469195151525,0.24687143720403323,0.8501655655757313,1.0
559c8442eaab83bf1ed67488,surface_paragraph_opening_repeat_ratio,0.20909090909090908,0.08266723365810803,0.08001333333333331,1.5800326041426562,0.9493474983156548
559c8442eaab83bf1ed67488,surface_parenthesis_density,0.014828544949026877,0.0053009095128603205,0.003960692803170956,2.4055476932062674,0.623558620033305
559c8442eaab83bf1ed67488,surface_period_density,0.0206209453197405,0.02034419466897416,0.003984378756583494,0.06945892137113144,1.0
559c8442eaab83bf1ed67488,surface_punctuation_density,0.09476367006487488,0.08651204737899698,0.014255781675523847,0.5788263929466133,1.0
559c8442eaab83bf1ed67488,surface_question_sentence_ratio,0.0,0.018207354835707106,0.026771200076315144,-0.6801097740782793,1.0
559c8442eaab83bf1ed67488,surface_quote_mark_density,0.0027803521779425394,0.005179327501890652,0.004691354857248414,-0.5113608748316187,1.0
559c8442eaab83bf1ed67488,surface_repeated_char_ngram_ratio,0.12320819112627987,0.06781045274006121,0.02901975195052154,1.9089666403996626,0.785765433641082
559c8442eaab83bf1ed67488,surface_semicolon_density,0.004402224281742354,0.0005418413998837806,0.0008297758497283761,4.652320121298125,0.32241977355192375
559c8442eaab83bf1ed67488,surface_sentence_length_autocorrelation,0.010790902486203059,0.05421663053443307,0.12347654560371685,-0.35169211963217434,1.0
559c8442eaab83bf1ed67488,surface_sentence_length_cv,0.5489594727770928,0.5098016831146704,0.08279676538573166,0.4729386405374042,1.0
559c8442eaab83bf1ed67488,surface_sentence_opening_repeat_ratio,0.07246376811594203,0.04516234181981178,0.03900709030100334,0.6999093263674682,1.0
559c8442eaab83bf1ed67488,surface_short_paragraph_ratio,0.518796992481203,0.37280319912215487,0.27085961538461534,0.5390017007583056,1.0
559c8442eaab83bf1ed67488,surface_url_count_per_1000_cjk,3.068530514831231,0.6929687118425703,0.7363297740253291,3.226219944906022,0.46494040258116814
559c8442eaab83bf1ed67488,title_ascii_letter_ratio,0.18604651162790697,0.14094760513286822,0.16028108108108108,0.2813738601639744,1.0
559c8442eaab83bf1ed67488,title_body_cjk_type_overlap,0.8888888888888888,0.9285548777242683,0.07127884615384622,-0.5564903330472758,1.0
559c8442eaab83bf1ed67488,title_colon_present,0.0,0.2503194293366632,0.38143913043478267,-0.6562499999707346,1.0
559c8442eaab83bf1ed67488,title_digit_present,1.0,0.5217391304347826,0.599404347826087,0.7978935609989627,1.0
559c8442eaab83bf1ed67488,title_exclamation_present,0.0,0.06883112127924186,0.21796521739130437,-0.3157894736740131,1.0
559c8442eaab83bf1ed67488,title_question_present,0.0,0.015568944099160612,0.10898260869565218,-0.14285714285514003,1.0
559c8442eaab83bf1ed67488,title_quote_present,1.0,0.11352355072057607,0.27245652173913043,3.2536437139434695,0.4610215905238056
6854781da914303f64c7c7fb,discourse_all_markers_per_10k_cjk,55.762081784386616,40.876667142727754,19.22853141214044,0.7741316444094406,1.0
6854781da914303f64c7c7fb,discourse_booster_markers_per_10k_cjk,0.0,1.3390085906316258,2.203583209429566,-0.6076505688107191,1.0
6854781da914303f64c7c7fb,discourse_causal_markers_per_10k_cjk,9.293680297397769,5.198874034200515,6.379518072289156,0.6418676484331861,1.0
6854781da914303f64c7c7fb,discourse_contrast_markers_per_10k_cjk,27.881040892193308,9.554234113153703,12.401505646173147,1.4777888509605999,1.0
6854781da914303f64c7c7fb,discourse_directive_markers_per_10k_cjk,0.0,20.750962517489164,13.159733012504635,-1.576852850872521,0.9512618753043469
6854781da914303f64c7c7fb,discourse_enumeration_markers_per_10k_cjk,9.293680297397769,16.628538526350987,20.706703910614525,-0.3542262573809864,1.0
6854781da914303f64c7c7fb,discourse_framing_markers_per_10k_cjk,9.293680297397769,6.204555938508956,7.583631713554985,0.40734103073166267,1.0
6854781da914303f64c7c7fb,discourse_hedge_markers_per_10k_cjk,27.881040892193308,7.686971311376156,7.583631713554985,2.662849455719516,0.5633063471831501
6854781da914303f64c7c7fb,discourse_marker_type_coverage,0.1282051282051282,0.13633769231216003,0.07603076923076925,-0.106964117150358,1.0
6854781da914303f64c7c7fb,discourse_metadiscourse_markers_per_10k_cjk,0.0,0.5531489080778824,1.7516382089214966,-0.3157894736827318,1.0
6854781da914303f64c7c7fb,discourse_summary_markers_per_10k_cjk,0.0,0.43493956416347324,1.3773086198694773,-0.31578947367997373,1.0
6854781da914303f64c7c7fb,hypothesis_abstract_shells_per_1k_cjk,3.717472118959108,4.8688567918814725,2.323070207836685,-0.49563059654342934,1.0
6854781da914303f64c7c7fb,hypothesis_complete_contrast_frames_per_1k_sentences,0.0,0.07010030576473539,1.028137817883511,-0.06818181818177008,1.0
6854781da914303f64c7c7fb,hypothesis_emphatic_frames_per_1k_cjk,0.929368029739777,0.32042773834676574,0.36816488701266453,1.6539879626599596,0.9068989822560046
6854781da914303f64c7c7fb,hypothesis_meta_frames_per_1k_cjk,0.0,0.00541605504833512,0.03791238533923833,-0.14285714285377987,1.0
6854781da914303f64c7c7fb,hypothesis_referential_sentence_opening_ratio,0.08823529411764706,0.08647522147311498,0.025245510835913296,0.06971824242226345,1.0
6854781da914303f64c7c7fb,surface_adjacent_sentence_length_change,0.4356764672749803,0.5265595327331531,0.04238117626391844,-2.144420553413165,0.6994896582261005
6854781da914303f64c7c7fb,surface_ascii_letter_ratio,0.3397220891231433,0.17822932121745388,0.12046407626597187,1.340588604598856,1.0
6854781da914303f64c7c7fb,surface_cjk_ratio,0.5155725922376617,0.7026773346745797,0.13183120472394408,-1.4192750709417947,1.0
6854781da914303f64c7c7fb,surface_colon_density,0.004312410158121706,0.0035571695381618473,0.0025262323235033675,0.2989592892677797,1.0
6854781da914303f64c7c7fb,surface_comma_density,0.02347867752755151,0.03596777465935513,0.009558589913021002,-1.3065836326747933,1.0
6854781da914303f64c7c7fb,surface_compression_ratio,0.5597112860892388,0.5007805061586811,0.05205160173450275,1.1321607398585598,1.0
6854781da914303f64c7c7fb,surface_dash_density,0.023957834211787255,0.0037231604307269,0.0028380363948144207,7.129814761372538,0.21038414744329761
6854781da914303f64c7c7fb,surface_digit_ratio,0.05079060852898898,0.03000678997344892,0.021076277285585872,0.9861237956740193,1.0
6854781da914303f64c7c7fb,surface_exact_paragraph_repeat_ratio,0.0,0.057966523413877376,0.04633125,-1.2511323008526076,1.0
6854781da914303f64c7c7fb,surface_exact_sentence_repeat_ratio,0.0,0.0008008107847993317,0.003559159045477262,-0.2249999998783274,1.0
6854781da914303f64c7c7fb,surface_exclamatory_sentence_ratio,0.0,0.0004337062993177228,0.0030359440993788823,-0.1428571426616366,1.0
6854781da914303f64c7c7fb,surface_list_item_ratio,0.0,0.005918710005871962,0.016357752240959117,-0.3618290532027844,1.0
6854781da914303f64c7c7fb,surface_long_paragraph_ratio,0.0,0.004679990508387801,0.017354445000199076,-0.26967099831392566,1.0
6854781da914303f64c7c7fb,surface_mean_paragraph_cjk_chars,39.851851851851855,40.6980203429791,22.190729302325582,-0.03813162152532616,1.0
6854781da914303f64c7c7fb,surface_mean_sentence_cjk_chars,31.647058823529413,39.15033352686368,5.710588434782604,-1.3139232128220972,1.0
6854781da914303f64c7c7fb,surface_mean_sentences_per_paragraph,1.6666666666666667,1.569786974650427,0.3450879310344829,0.2807391487897591,1.0
6854781da914303f64c7c7fb,surface_paragraph_length_cv,0.944678716301584,1.0020469195151525,0.24687143720403323,-0.23238088562734407,1.0
6854781da914303f64c7c7fb,surface_paragraph_opening_repeat_ratio,0.0,0.08266723365810803,0.08001333333333331,-1.0331682260220136,1.0
6854781da914303f64c7c7fb,surface_parenthesis_density,0.0009583133684714902,0.0053009095128603205,0.003960692803170956,-1.0964233683844706,1.0
6854781da914303f64c7c7fb,surface_period_density,0.020603737422137038,0.02034419466897416,0.003984378756583494,0.06514008055434689,1.0
6854781da914303f64c7c7fb,surface_punctuation_density,0.09391471011020604,0.08651204737899698,0.014255781675523847,0.5192744178959261,1.0
6854781da914303f64c7c7fb,surface_question_sentence_ratio,0.0,0.018207354835707106,0.026771200076315144,-0.6801097740782793,1.0
6854781da914303f64c7c7fb,surface_quote_mark_density,0.0014374700527072352,0.005179327501890652,0.004691354857248414,-0.7976069947900086,1.0
6854781da914303f64c7c7fb,surface_repeated_char_ngram_ratio,0.047530288909599254,0.06781045274006121,0.02901975195052154,-0.6988400130035394,1.0
6854781da914303f64c7c7fb,surface_semicolon_density,0.0,0.0005418413998837806,0.0008297758497283761,-0.6529973125406703,1.0
6854781da914303f64c7c7fb,surface_sentence_length_autocorrelation,0.07635909560305619,0.05421663053443307,0.12347654560371685,0.17932527153526553,1.0
6854781da914303f64c7c7fb,surface_sentence_length_cv,0.4348727421935741,0.5098016831146704,0.08279676538573166,-0.9049742531851231,1.0
6854781da914303f64c7c7fb,surface_sentence_opening_repeat_ratio,0.0,0.04516234181981178,0.03900709030100334,-1.1577982738858663,1.0
6854781da914303f64c7c7fb,surface_short_paragraph_ratio,0.18518518518518517,0.37280319912215487,0.27085961538461534,-0.6926762177911086,1.0
6854781da914303f64c7c7fb,surface_url_count_per_1000_cjk,5.5762081784386615,0.6929687118425703,0.7363297740253291,6.631864741664123,0.226180728713657
6854781da914303f64c7c7fb,title_ascii_letter_ratio,0.3103448275862069,0.14094760513286822,0.16028108108108108,1.056875966338448,1.0
6854781da914303f64c7c7fb,title_body_cjk_type_overlap,0.8333333333333334,0.9285548777242683,0.07127884615384622,-1.3359018773313394,1.0
6854781da914303f64c7c7fb,title_colon_present,1.0,0.2503194293366632,0.38143913043478267,1.9654002718829997,0.7632033135738241
6854781da914303f64c7c7fb,title_digit_present,0.0,0.5217391304347826,0.599404347826087,-0.8704293392715956,1.0
6854781da914303f64c7c7fb,title_exclamation_present,0.0,0.06883112127924186,0.21796521739130437,-0.3157894736740131,1.0
6854781da914303f64c7c7fb,title_question_present,0.0,0.015568944099160612,0.10898260869565218,-0.14285714285514003,1.0
6854781da914303f64c7c7fb,title_quote_present,0.0,0.11352355072057607,0.27245652173913043,-0.41666666665175933,1.0
70294f6e4051db3347bfcba2,discourse_all_markers_per_10k_cjk,45.39106145251397,40.876667142727754,19.22853141214044,0.2347758241659546,1.0
70294f6e4051db3347bfcba2,discourse_booster_markers_per_10k_cjk,0.0,1.3390085906316258,2.203583209429566,-0.6076505688107191,1.0
70294f6e4051db3347bfcba2,discourse_causal_markers_per_10k_cjk,0.0,5.198874034200515,6.379518072289156,-0.8149320960125455,1.0
70294f6e4051db3347bfcba2,discourse_contrast_markers_per_10k_cjk,13.966480446927374,9.554234113153703,12.401505646173147,0.35578311695848003,1.0
70294f6e4051db3347bfcba2,discourse_directive_markers_per_10k_cjk,27.932960893854748,20.750962517489164,13.159733012504635,0.5457556296576161,1.0
70294f6e4051db3347bfcba2,discourse_enumeration_markers_per_10k_cjk,13.966480446927374,16.628538526350987,20.706703910614525,-0.1285602040245047,1.0
70294f6e4051db3347bfcba2,discourse_framing_markers_per_10k_cjk,17.45810055865922,6.204555938508956,7.583631713554985,1.4839255181703606,1.0
70294f6e4051db3347bfcba2,discourse_hedge_markers_per_10k_cjk,3.4916201117318435,7.686971311376156,7.583631713554985,-0.5532113581076914,1.0
70294f6e4051db3347bfcba2,discourse_marker_type_coverage,0.15384615384615385,0.13633769231216003,0.07603076923076925,0.23028126258793977,1.0
70294f6e4051db3347bfcba2,discourse_metadiscourse_markers_per_10k_cjk,0.0,0.5531489080778824,1.7516382089214966,-0.3157894736827318,1.0
70294f6e4051db3347bfcba2,discourse_summary_markers_per_10k_cjk,0.0,0.43493956416347324,1.3773086198694773,-0.31578947367997373,1.0
70294f6e4051db3347bfcba2,hypothesis_abstract_shells_per_1k_cjk,9.078212290502794,4.8688567918814725,2.323070207836685,1.8119794590888425,0.8278239537849276
70294f6e4051db3347bfcba2,hypothesis_complete_contrast_frames_per_1k_sentences,0.0,0.07010030576473539,1.028137817883511,-0.06818181818177008,1.0
70294f6e4051db3347bfcba2,hypothesis_emphatic_frames_per_1k_cjk,0.34916201117318435,0.32042773834676574,0.36816488701266453,0.07804729304734097,1.0
70294f6e4051db3347bfcba2,hypothesis_meta_frames_per_1k_cjk,0.0,0.00541605504833512,0.03791238533923833,-0.14285714285377987,1.0
70294f6e4051db3347bfcba2,hypothesis_referential_sentence_opening_ratio,0.15714285714285714,0.08647522147311498,0.025245510835913296,2.7992159132392396,0.5358643443349845
70294f6e4051db3347bfcba2,surface_adjacent_sentence_length_change,0.5044125981701887,0.5265595327331531,0.04238117626391844,-0.5225653583810375,1.0
70294f6e4051db3347bfcba2,surface_ascii_letter_ratio,0.22145328719723184,0.17822932121745388,0.12046407626597187,0.35881208173915713,1.0
70294f6e4051db3347bfcba2,surface_cjk_ratio,0.7078596144340089,0.7026773346745797,0.13183120472394408,0.03930996284438837,1.0
70294f6e4051db3347bfcba2,surface_colon_density,0.0004943153732081067,0.0035571695381618473,0.0025262323235033675,-1.2124198302973925,1.0
70294f6e4051db3347bfcba2,surface_comma_density,0.02694018783984182,0.03596777465935513,0.009558589913021002,-0.9444475494461432,1.0
70294f6e4051db3347bfcba2,surface_compression_ratio,0.4218600191754554,0.5007805061586811,0.05205160173450275,-1.516197088146717,0.9893172937256363
70294f6e4051db3347bfcba2,surface_dash_density,0.002718734552644587,0.0037231604307269,0.0028380363948144207,-0.35391578484249575,1.0
70294f6e4051db3347bfcba2,surface_digit_ratio,0.01532377656945131,0.03000678997344892,0.021076277285585872,-0.6966606675857016,1.0
70294f6e4051db3347bfcba2,surface_exact_paragraph_repeat_ratio,0.0,0.057966523413877376,0.04633125,-1.2511323008526076,1.0
70294f6e4051db3347bfcba2,surface_exact_sentence_repeat_ratio,0.0,0.0008008107847993317,0.003559159045477262,-0.2249999998783274,1.0
70294f6e4051db3347bfcba2,surface_exclamatory_sentence_ratio,0.0,0.0004337062993177228,0.0030359440993788823,-0.1428571426616366,1.0
70294f6e4051db3347bfcba2,surface_list_item_ratio,0.0,0.005918710005871962,0.016357752240959117,-0.3618290532027844,1.0
70294f6e4051db3347bfcba2,surface_long_paragraph_ratio,0.13333333333333333,0.004679990508387801,0.017354445000199076,7.413279008546209,0.20233961223781857
70294f6e4051db3347bfcba2,surface_mean_paragraph_cjk_chars,95.46666666666667,40.6980203429791,22.190729302325582,2.4680868112769883,0.6077582008648634
70294f6e4051db3347bfcba2,surface_mean_sentence_cjk_chars,40.91428571428571,39.15033352686368,5.710588434782604,0.30889149298134977,1.0
70294f6e4051db3347bfcba2,surface_mean_sentences_per_paragraph,2.6,1.569786974650427,0.3450879310344829,2.985363823826772,0.5024513220225311
70294f6e4051db3347bfcba2,surface_paragraph_length_cv,0.8063770974442845,1.0020469195151525,0.24687143720403323,-0.792598059487747,1.0
70294f6e4051db3347bfcba2,surface_paragraph_opening_repeat_ratio,0.13333333333333333,0.08266723365810803,0.08001333333333331,0.6332207091554571,1.0
70294f6e4051db3347bfcba2,surface_parenthesis_density,0.002965892239248641,0.0053009095128603205,0.003960692803170956,-0.5895476851277761,1.0
70294f6e4051db3347bfcba2,surface_period_density,0.01730103806228374,0.02034419466897416,0.003984378756583494,-0.7637719184357497,1.0
70294f6e4051db3347bfcba2,surface_punctuation_density,0.05536332179930796,0.08651204737899698,0.014255781675523847,-2.184988960175305,0.6865023244234848
70294f6e4051db3347bfcba2,surface_question_sentence_ratio,0.0,0.018207354835707106,0.026771200076315144,-0.6801097740782793,1.0
70294f6e4051db3347bfcba2,surface_quote_mark_density,0.004448838358872961,0.005179327501890652,0.004691354857248414,-0.15570963298353854,1.0
70294f6e4051db3347bfcba2,surface_repeated_char_ngram_ratio,0.13142257951765118,0.06781045274006121,0.02901975195052154,2.1920286185094957,0.6842976352288451
70294f6e4051db3347bfcba2,surface_semicolon_density,0.0,0.0005418413998837806,0.0008297758497283761,-0.6529973125406703,1.0
70294f6e4051db3347bfcba2,surface_sentence_length_autocorrelation,-0.08197536201981968,0.05421663053443307,0.12347654560371685,-1.1029786417198988,1.0
70294f6e4051db3347bfcba2,surface_sentence_length_cv,0.41919862342029407,0.5098016831146704,0.08279676538573166,-1.094282599957582,1.0
70294f6e4051db3347bfcba2,surface_sentence_opening_repeat_ratio,0.04285714285714286,0.04516234181981178,0.03900709030100334,-0.05909692173603707,1.0
70294f6e4051db3347bfcba2,surface_short_paragraph_ratio,0.3,0.37280319912215487,0.27085961538461534,-0.2687857287945114,1.0
70294f6e4051db3347bfcba2,surface_url_count_per_1000_cjk,0.0,0.6929687118425703,0.7363297740253291,-0.9411118988904729,1.0
70294f6e4051db3347bfcba2,title_ascii_letter_ratio,0.34146341463414637,0.14094760513286822,0.16028108108108108,1.2510260608976278,1.0
70294f6e4051db3347bfcba2,title_body_cjk_type_overlap,1.0,0.9285548777242683,0.07127884615384622,1.0023327555208545,1.0
70294f6e4051db3347bfcba2,title_colon_present,1.0,0.2503194293366632,0.38143913043478267,1.9654002718829997,0.7632033135738241
70294f6e4051db3347bfcba2,title_digit_present,1.0,0.5217391304347826,0.599404347826087,0.7978935609989627,1.0
70294f6e4051db3347bfcba2,title_exclamation_present,0.0,0.06883112127924186,0.21796521739130437,-0.3157894736740131,1.0
70294f6e4051db3347bfcba2,title_question_present,0.0,0.015568944099160612,0.10898260869565218,-0.14285714285514003,1.0
70294f6e4051db3347bfcba2,title_quote_present,0.0,0.11352355072057607,0.27245652173913043,-0.41666666665175933,1.0
774e84408a478c4cdef91612,discourse_all_markers_per_10k_cjk,95.09875640087785,40.876667142727754,19.22853141214044,2.819876780808936,0.5319381365201695
774e84408a478c4cdef91612,discourse_booster_markers_per_10k_cjk,7.31528895391368,1.3390085906316258,2.203583209429566,2.7120738339756696,0.5530822875132155
774e84408a478c4cdef91612,discourse_causal_markers_per_10k_cjk,29.26115581565472,5.198874034200515,6.379518072289156,3.7718024322203956,0.3976878500279708
774e84408a478c4cdef91612,discourse_contrast_markers_per_10k_cjk,21.945866861741038,9.554234113153703,12.401505646173147,0.9992038952472793,1.0
774e84408a478c4cdef91612,discourse_directive_markers_per_10k_cjk,73.1528895391368,20.750962517489164,13.159733012504635,3.981990133983288,0.3766960613987035
774e84408a478c4cdef91612,discourse_enumeration_markers_per_10k_cjk,21.945866861741038,16.628538526350987,20.706703910614525,0.2567926000363737,1.0
774e84408a478c4cdef91612,discourse_framing_markers_per_10k_cjk,21.945866861741038,6.204555938508956,7.583631713554985,2.0756955925346503,0.7226493159183985
774e84408a478c4cdef91612,discourse_hedge_markers_per_10k_cjk,43.891733723482076,7.686971311376156,7.583631713554985,4.774066539570153,0.3141975478488108
774e84408a478c4cdef91612,discourse_marker_type_coverage,0.15384615384615385,0.13633769231216003,0.07603076923076925,0.23028126258793977,1.0
774e84408a478c4cdef91612,discourse_metadiscourse_markers_per_10k_cjk,0.0,0.5531489080778824,1.7516382089214966,-0.3157894736827318,1.0
774e84408a478c4cdef91612,discourse_summary_markers_per_10k_cjk,0.0,0.43493956416347324,1.3773086198694773,-0.31578947367997373,1.0
774e84408a478c4cdef91612,hypothesis_abstract_shells_per_1k_cjk,2.194586686174104,4.8688567918814725,2.323070207836685,-1.1511792009926947,1.0
774e84408a478c4cdef91612,hypothesis_complete_contrast_frames_per_1k_sentences,0.0,0.07010030576473539,1.028137817883511,-0.06818181818177008,1.0
774e84408a478c4cdef91612,hypothesis_emphatic_frames_per_1k_cjk,1.463057790782736,0.32042773834676574,0.36816488701266453,3.1035823695937217,0.4833124503785473
774e84408a478c4cdef91612,hypothesis_meta_frames_per_1k_cjk,0.0,0.00541605504833512,0.03791238533923833,-0.14285714285377987,1.0
774e84408a478c4cdef91612,hypothesis_referential_sentence_opening_ratio,0.10526315789473684,0.08647522147311498,0.025245510835913296,0.7442090018988586,1.0
774e84408a478c4cdef91612,surface_adjacent_sentence_length_change,0.5837600585223116,0.5265595327331531,0.04238117626391844,1.3496681978092382,1.0
774e84408a478c4cdef91612,surface_ascii_letter_ratio,0.21247311827956988,0.17822932121745388,0.12046407626597187,0.28426563439966396,1.0
774e84408a478c4cdef91612,surface_cjk_ratio,0.5879569892473119,0.7026773346745797,0.13183120472394408,-0.8702063040954032,1.0
774e84408a478c4cdef91612,surface_colon_density,0.005161290322580645,0.0035571695381618473,0.0025262323235033675,0.6349854562046813,1.0
774e84408a478c4cdef91612,surface_comma_density,0.034408602150537634,0.03596777465935513,0.009558589913021002,-0.16311741825994025,1.0
774e84408a478c4cdef91612,surface_compression_ratio,0.5518157661647476,0.5007805061586811,0.05205160173450275,0.9804743428719014,1.0
774e84408a478c4cdef91612,surface_dash_density,0.006021505376344086,0.0037231604307269,0.0028380363948144207,0.8098363184547797,1.0
774e84408a478c4cdef91612,surface_digit_ratio,0.09591397849462366,0.03000678997344892,0.021076277285585872,3.1270792098682842,0.47968084571262964
774e84408a478c4cdef91612,surface_exact_paragraph_repeat_ratio,0.13793103448275862,0.057966523413877376,0.04633125,1.725930361664778,0.8690964788134019
774e84408a478c4cdef91612,surface_exact_sentence_repeat_ratio,0.0,0.0008008107847993317,0.003559159045477262,-0.2249999998783274,1.0
774e84408a478c4cdef91612,surface_exclamatory_sentence_ratio,0.0,0.0004337062993177228,0.0030359440993788823,-0.1428571426616366,1.0
774e84408a478c4cdef91612,surface_list_item_ratio,0.017241379310344827,0.005918710005871962,0.016357752240959117,0.692189803200551,1.0
774e84408a478c4cdef91612,surface_long_paragraph_ratio,0.0,0.004679990508387801,0.017354445000199076,-0.26967099831392566,1.0
774e84408a478c4cdef91612,surface_mean_paragraph_cjk_chars,23.56896551724138,40.6980203429791,22.190729302325582,-0.771901391449203,1.0
774e84408a478c4cdef91612,surface_mean_sentence_cjk_chars,23.982456140350877,39.15033352686368,5.710588434782604,-2.6560971009794425,0.5647383898152184
774e84408a478c4cdef91612,surface_mean_sentences_per_paragraph,1.4310344827586208,1.569786974650427,0.3450879310344829,-0.40207865710012713,1.0
774e84408a478c4cdef91612,surface_paragraph_length_cv,1.0958656891602172,1.0020469195151525,0.24687143720403323,0.38003088047616385,1.0
774e84408a478c4cdef91612,surface_paragraph_opening_repeat_ratio,0.02631578947368421,0.08266723365810803,0.08001333333333331,-0.7042756730264602,1.0
774e84408a478c4cdef91612,surface_parenthesis_density,0.004301075268817204,0.0053009095128603205,0.003960692803170956,-0.25243923064233675,1.0
774e84408a478c4cdef91612,surface_period_density,0.028817204301075268,0.02034419466897416,0.003984378756583494,2.1265572752341706,0.7053654361765658
774e84408a478c4cdef91612,surface_punctuation_density,0.10365591397849462,0.08651204737899698,0.014255781675523847,1.2025904289017295,1.0
774e84408a478c4cdef91612,surface_question_sentence_ratio,0.017543859649122806,0.018207354835707106,0.026771200076315144,-0.02478391647340844,1.0
774e84408a478c4cdef91612,surface_quote_mark_density,0.006021505376344086,0.005179327501890652,0.004691354857248414,0.1795169839161112,1.0
774e84408a478c4cdef91612,surface_repeated_char_ngram_ratio,0.04105571847507331,0.06781045274006121,0.02901975195052154,-0.9219491024804252,1.0
774e84408a478c4cdef91612,surface_semicolon_density,0.00043010752688172043,0.0005418413998837806,0.0008297758497283761,-0.13465548923680518,1.0
774e84408a478c4cdef91612,surface_sentence_length_autocorrelation,-0.10224514845965275,0.05421663053443307,0.12347654560371685,-1.2671376432592398,1.0
774e84408a478c4cdef91612,surface_sentence_length_cv,0.48992342123462146,0.5098016831146704,0.08279676538573166,-0.24008500558494764,1.0
774e84408a478c4cdef91612,surface_sentence_opening_repeat_ratio,0.017857142857142856,0.04516234181981178,0.03900709030100334,-0.7000060438234375,1.0
774e84408a478c4cdef91612,surface_short_paragraph_ratio,0.3793103448275862,0.37280319912215487,0.27085961538461534,0.02402405281492886,1.0
774e84408a478c4cdef91612,surface_url_count_per_1000_cjk,3.6576444769568397,0.6929687118425703,0.7363297740253291,4.026288043341145,0.3725515869339669
774e84408a478c4cdef91612,title_ascii_letter_ratio,0.05263157894736842,0.14094760513286822,0.16028108108108108,-0.5510071780762669,1.0
774e84408a478c4cdef91612,title_body_cjk_type_overlap,0.7619047619047619,0.9285548777242683,0.07127884615384622,-2.3380024342679953,0.6415733268770675
774e84408a478c4cdef91612,title_colon_present,1.0,0.2503194293366632,0.38143913043478267,1.9654002718829997,0.7632033135738241
774e84408a478c4cdef91612,title_digit_present,1.0,0.5217391304347826,0.599404347826087,0.7978935609989627,1.0
774e84408a478c4cdef91612,title_exclamation_present,0.0,0.06883112127924186,0.21796521739130437,-0.3157894736740131,1.0
774e84408a478c4cdef91612,title_question_present,1.0,0.015568944099160612,0.10898260869565218,9.03291880863293,0.16605928070187256
774e84408a478c4cdef91612,title_quote_present,0.0,0.11352355072057607,0.27245652173913043,-0.41666666665175933,1.0
87656219a78e7724554e9eb4,discourse_all_markers_per_10k_cjk,53.05039787798408,40.876667142727754,19.22853141214044,0.6331076708005959,1.0
87656219a78e7724554e9eb4,discourse_booster_markers_per_10k_cjk,0.0,1.3390085906316258,2.203583209429566,-0.6076505688107191,1.0
87656219a78e7724554e9eb4,discourse_causal_markers_per_10k_cjk,0.0,5.198874034200515,6.379518072289156,-0.8149320960125455,1.0
87656219a78e7724554e9eb4,discourse_contrast_markers_per_10k_cjk,26.52519893899204,9.554234113153703,12.401505646173147,1.3684600330021406,1.0
87656219a78e7724554e9eb4,discourse_directive_markers_per_10k_cjk,0.0,20.750962517489164,13.159733012504635,-1.576852850872521,0.9512618753043469
87656219a78e7724554e9eb4,discourse_enumeration_markers_per_10k_cjk,0.0,16.628538526350987,20.706703910614525,-0.8030509635010998,1.0
87656219a78e7724554e9eb4,discourse_framing_markers_per_10k_cjk,26.52519893899204,6.204555938508956,7.583631713554985,2.6795397994027006,0.5597976191039845
87656219a78e7724554e9eb4,discourse_hedge_markers_per_10k_cjk,13.26259946949602,7.686971311376156,7.583631713554985,0.7352187406666895,1.0
87656219a78e7724554e9eb4,discourse_marker_type_coverage,0.10256410256410256,0.13633769231216003,0.07603076923076925,-0.4442094968886554,1.0
87656219a78e7724554e9eb4,discourse_metadiscourse_markers_per_10k_cjk,0.0,0.5531489080778824,1.7516382089214966,-0.3157894736827318,1.0
87656219a78e7724554e9eb4,discourse_summary_markers_per_10k_cjk,0.0,0.43493956416347324,1.3773086198694773,-0.31578947367997373,1.0
87656219a78e7724554e9eb4,hypothesis_abstract_shells_per_1k_cjk,2.6525198938992043,4.8688567918814725,2.323070207836685,-0.9540550649333107,1.0
87656219a78e7724554e9eb4,hypothesis_complete_contrast_frames_per_1k_sentences,0.0,0.07010030576473539,1.028137817883511,-0.06818181818177008,1.0
87656219a78e7724554e9eb4,hypothesis_emphatic_frames_per_1k_cjk,0.0,0.32042773834676574,0.36816488701266453,-0.8703375841915726,1.0
87656219a78e7724554e9eb4,hypothesis_meta_frames_per_1k_cjk,0.0,0.00541605504833512,0.03791238533923833,-0.14285714285377987,1.0
87656219a78e7724554e9eb4,hypothesis_referential_sentence_opening_ratio,0.08333333333333333,0.08647522147311498,0.025245510835913296,-0.12445333985130237,1.0
87656219a78e7724554e9eb4,surface_adjacent_sentence_length_change,0.5466497520470533,0.5265595327331531,0.04238117626391844,0.47403637852789315,1.0
87656219a78e7724554e9eb4,surface_ascii_letter_ratio,0.27765404602821087,0.17822932121745388,0.12046407626597187,0.825347505186839,1.0
87656219a78e7724554e9eb4,surface_cjk_ratio,0.5597624350408315,0.7026773346745797,0.13183120472394408,-1.0840748966302292,1.0
87656219a78e7724554e9eb4,surface_colon_density,0.003711952487008166,0.0035571695381618473,0.0025262323235033675,0.06127027486991636,1.0
87656219a78e7724554e9eb4,surface_comma_density,0.032665181885671864,0.03596777465935513,0.009558589913021002,-0.3455104574770355,1.0
87656219a78e7724554e9eb4,surface_compression_ratio,0.6360446570972886,0.5007805061586811,0.05205160173450275,2.5986549199493085,0.577221695918464
87656219a78e7724554e9eb4,surface_dash_density,0.012620638455827766,0.0037231604307269,0.0028380363948144207,3.1350824257779375,0.47845631989334086
87656219a78e7724554e9eb4,surface_digit_ratio,0.07349665924276169,0.03000678997344892,0.021076277285585872,2.0634511816304304,0.7269374789932171
87656219a78e7724554e9eb4,surface_exact_paragraph_repeat_ratio,0.0,0.057966523413877376,0.04633125,-1.2511323008526076,1.0
87656219a78e7724554e9eb4,surface_exact_sentence_repeat_ratio,0.0,0.0008008107847993317,0.003559159045477262,-0.2249999998783274,1.0
87656219a78e7724554e9eb4,surface_exclamatory_sentence_ratio,0.0,0.0004337062993177228,0.0030359440993788823,-0.1428571426616366,1.0
87656219a78e7724554e9eb4,surface_list_item_ratio,0.0,0.005918710005871962,0.016357752240959117,-0.3618290532027844,1.0
87656219a78e7724554e9eb4,surface_long_paragraph_ratio,0.0,0.004679990508387801,0.017354445000199076,-0.26967099831392566,1.0
87656219a78e7724554e9eb4,surface_mean_paragraph_cjk_chars,37.7,40.6980203429791,22.190729302325582,-0.13510238001348177,1.0
87656219a78e7724554e9eb4,surface_mean_sentence_cjk_chars,31.416666666666668,39.15033352686368,5.710588434782604,-1.3542679442790955,1.0
87656219a78e7724554e9eb4,surface_mean_sentences_per_paragraph,1.5,1.569786974650427,0.3450879310344829,-0.20222954318113628,1.0
87656219a78e7724554e9eb4,surface_paragraph_length_cv,1.0749776629520664,1.0020469195151525,0.24687143720403323,0.29541993299386227,1.0
87656219a78e7724554e9eb4,surface_paragraph_opening_repeat_ratio,0.0,0.08266723365810803,0.08001333333333331,-1.0331682260220136,1.0
87656219a78e7724554e9eb4,surface_parenthesis_density,0.004454342984409799,0.0053009095128603205,0.003960692803170956,-0.21374203214466786,1.0
87656219a78e7724554e9eb4,surface_period_density,0.02301410541945063,0.02034419466897416,0.003984378756583494,0.6700946153939071,1.0
87656219a78e7724554e9eb4,surface_punctuation_density,0.08834446919079436,0.08651204737899698,0.014255781675523847,0.1285388520605304,1.0
87656219a78e7724554e9eb4,surface_question_sentence_ratio,0.041666666666666664,0.018207354835707106,0.026771200076315144,0.876289137733289,1.0
87656219a78e7724554e9eb4,surface_quote_mark_density,0.0,0.005179327501890652,0.004691354857248414,-1.104015291848642,1.0
87656219a78e7724554e9eb4,surface_repeated_char_ngram_ratio,0.009320905459387484,0.06781045274006121,0.02901975195052154,-2.0155081745839167,0.7442291819578759
87656219a78e7724554e9eb4,surface_semicolon_density,0.0,0.0005418413998837806,0.0008297758497283761,-0.6529973125406703,1.0
87656219a78e7724554e9eb4,surface_sentence_length_autocorrelation,0.14846314846769895,0.05421663053443307,0.12347654560371685,0.7632746565144345,1.0
87656219a78e7724554e9eb4,surface_sentence_length_cv,0.5025177762191868,0.5098016831146704,0.08279676538573166,-0.08797332675436705,1.0
87656219a78e7724554e9eb4,surface_sentence_opening_repeat_ratio,0.0,0.04516234181981178,0.03900709030100334,-1.1577982738858663,1.0
87656219a78e7724554e9eb4,surface_short_paragraph_ratio,0.35,0.37280319912215487,0.27085961538461534,-0.0841882577798643,1.0
87656219a78e7724554e9eb4,surface_url_count_per_1000_cjk,2.6525198938992043,0.6929687118425703,0.7363297740253291,2.6612412687650293,0.5636467529665535
87656219a78e7724554e9eb4,title_ascii_letter_ratio,0.1875,0.14094760513286822,0.16028108108108108,0.2904422315668211,1.0
87656219a78e7724554e9eb4,title_body_cjk_type_overlap,0.9130434782608695,0.9285548777242683,0.07127884615384622,-0.21761574857594335,1.0
87656219a78e7724554e9eb4,title_colon_present,1.0,0.2503194293366632,0.38143913043478267,1.9654002718829997,0.7632033135738241
87656219a78e7724554e9eb4,title_digit_present,1.0,0.5217391304347826,0.599404347826087,0.7978935609989627,1.0
87656219a78e7724554e9eb4,title_exclamation_present,0.0,0.06883112127924186,0.21796521739130437,-0.3157894736740131,1.0
87656219a78e7724554e9eb4,title_question_present,0.0,0.015568944099160612,0.10898260869565218,-0.14285714285514003,1.0
87656219a78e7724554e9eb4,title_quote_present,0.0,0.11352355072057607,0.27245652173913043,-0.41666666665175933,1.0
8cd3fe1399c8358f475a92de,discourse_all_markers_per_10k_cjk,59.07172995780591,40.876667142727754,19.22853141214044,0.9462533786428546,1.0
8cd3fe1399c8358f475a92de,discourse_booster_markers_per_10k_cjk,0.0,1.3390085906316258,2.203583209429566,-0.6076505688107191,1.0
8cd3fe1399c8358f475a92de,discourse_causal_markers_per_10k_cjk,8.438818565400844,5.198874034200515,6.379518072289156,0.507866659281638,1.0
8cd3fe1399c8358f475a92de,discourse_contrast_markers_per_10k_cjk,16.877637130801688,9.554234113153703,12.401505646173147,0.5905253141506925,1.0
8cd3fe1399c8358f475a92de,discourse_directive_markers_per_10k_cjk,25.31645569620253,20.750962517489164,13.159733012504635,0.3469290124940337,1.0
8cd3fe1399c8358f475a92de,discourse_enumeration_markers_per_10k_cjk,33.755274261603375,16.628538526350987,20.706703910614525,0.8271106695292534,1.0
8cd3fe1399c8358f475a92de,discourse_framing_markers_per_10k_cjk,0.0,6.204555938508956,7.583631713554985,-0.8181510090236754,1.0
8cd3fe1399c8358f475a92de,discourse_hedge_markers_per_10k_cjk,0.0,7.686971311376156,7.583631713554985,-1.0136266635464986,1.0
8cd3fe1399c8358f475a92de,discourse_marker_type_coverage,0.15384615384615385,0.13633769231216003,0.07603076923076925,0.23028126258793977,1.0
8cd3fe1399c8358f475a92de,discourse_metadiscourse_markers_per_10k_cjk,0.0,0.5531489080778824,1.7516382089214966,-0.3157894736827318,1.0
8cd3fe1399c8358f475a92de,discourse_summary_markers_per_10k_cjk,0.0,0.43493956416347324,1.3773086198694773,-0.31578947367997373,1.0
8cd3fe1399c8358f475a92de,hypothesis_abstract_shells_per_1k_cjk,4.219409282700422,4.8688567918814725,2.323070207836685,-0.27956430545671546,1.0
8cd3fe1399c8358f475a92de,hypothesis_complete_contrast_frames_per_1k_sentences,0.0,0.07010030576473539,1.028137817883511,-0.06818181818177008,1.0
8cd3fe1399c8358f475a92de,hypothesis_emphatic_frames_per_1k_cjk,0.0,0.32042773834676574,0.36816488701266453,-0.8703375841915726,1.0
8cd3fe1399c8358f475a92de,hypothesis_meta_frames_per_1k_cjk,0.0,0.00541605504833512,0.03791238533923833,-0.14285714285377987,1.0
8cd3fe1399c8358f475a92de,hypothesis_referential_sentence_opening_ratio,0.09090909090909091,0.08647522147311498,0.025245510835913296,0.1756300145714808,1.0
8cd3fe1399c8358f475a92de,surface_adjacent_sentence_length_change,0.505617088607595,0.5265595327331531,0.04238117626391844,-0.49414494763298117,1.0
8cd3fe1399c8358f475a92de,surface_ascii_letter_ratio,0.3513628620102215,0.17822932121745388,0.12046407626597187,1.4372213373429865,1.0
8cd3fe1399c8358f475a92de,surface_cjk_ratio,0.5046848381601363,0.7026773346745797,0.13183120472394408,-1.5018636667171612,0.9987590972746316
8cd3fe1399c8358f475a92de,surface_colon_density,0.002981260647359455,0.0035571695381618473,0.0025262323235033675,-0.2279714678037705,1.0
8cd3fe1399c8358f475a92de,surface_comma_density,0.02938671209540034,0.03596777465935513,0.009558589913021002,-0.6884972180875617,1.0
8cd3fe1399c8358f475a92de,surface_compression_ratio,0.47961312345913143,0.5007805061586811,0.05205160173450275,-0.4066615050103004,1.0
8cd3fe1399c8358f475a92de,surface_dash_density,0.02555366269165247,0.0037231604307269,0.0028380363948144207,7.692114978093177,0.1950048854277318
8cd3fe1399c8358f475a92de,surface_digit_ratio,0.02938671209540034,0.03000678997344892,0.021076277285585872,-0.029420654779136683,1.0
8cd3fe1399c8358f475a92de,surface_exact_paragraph_repeat_ratio,0.0,0.057966523413877376,0.04633125,-1.2511323008526076,1.0
8cd3fe1399c8358f475a92de,surface_exact_sentence_repeat_ratio,0.0,0.0008008107847993317,0.003559159045477262,-0.2249999998783274,1.0
8cd3fe1399c8358f475a92de,surface_exclamatory_sentence_ratio,0.0,0.0004337062993177228,0.0030359440993788823,-0.1428571426616366,1.0
8cd3fe1399c8358f475a92de,surface_list_item_ratio,0.0,0.005918710005871962,0.016357752240959117,-0.3618290532027844,1.0
8cd3fe1399c8358f475a92de,surface_long_paragraph_ratio,0.0,0.004679990508387801,0.017354445000199076,-0.26967099831392566,1.0
8cd3fe1399c8358f475a92de,surface_mean_paragraph_cjk_chars,43.888888888888886,40.6980203429791,22.190729302325582,0.1437928651391996,1.0
8cd3fe1399c8358f475a92de,surface_mean_sentence_cjk_chars,35.90909090909091,39.15033352686368,5.710588434782604,-0.5675846989831561,1.0
8cd3fe1399c8358f475a92de,surface_mean_sentences_per_paragraph,1.7777777777777777,1.569786974650427,0.3450879310344829,0.6027182767703553,1.0
8cd3fe1399c8358f475a92de,surface_paragraph_length_cv,1.0421097012245477,1.0020469195151525,0.24687143720403323,0.16228196409892628,1.0
8cd3fe1399c8358f475a92de,surface_paragraph_opening_repeat_ratio,0.0,0.08266723365810803,0.08001333333333331,-1.0331682260220136,1.0
8cd3fe1399c8358f475a92de,surface_parenthesis_density,0.019591141396933562,0.0053009095128603205,0.003960692803170956,3.6080131921951613,0.4157412736862475
8cd3fe1399c8358f475a92de,surface_period_density,0.014906303236797274,0.02034419466897416,0.003984378756583494,-1.3648028373787797,1.0
8cd3fe1399c8358f475a92de,surface_punctuation_density,0.09795570698466781,0.08651204737899698,0.014255781675523847,0.8027381357360971,1.0
8cd3fe1399c8358f475a92de,surface_question_sentence_ratio,0.030303030303030304,0.018207354835707106,0.026771200076315144,0.451816707239225,1.0
8cd3fe1399c8358f475a92de,surface_quote_mark_density,0.0008517887563884157,0.005179327501890652,0.004691354857248414,-0.922449671189537,1.0
8cd3fe1399c8358f475a92de,surface_repeated_char_ngram_ratio,0.077834179357022,0.06781045274006121,0.02901975195052154,0.3454104857288637,1.0
8cd3fe1399c8358f475a92de,surface_semicolon_density,0.0012776831345826234,0.0005418413998837806,0.0008297758497283761,0.8867957954424893,1.0
8cd3fe1399c8358f475a92de,surface_sentence_length_autocorrelation,0.06667054555126425,0.05421663053443307,0.12347654560371685,0.10086057198911712,1.0
8cd3fe1399c8358f475a92de,surface_sentence_length_cv,0.4767745786270223,0.5098016831146704,0.08279676538573166,-0.39889365645846436,1.0
8cd3fe1399c8358f475a92de,surface_sentence_opening_repeat_ratio,0.0,0.04516234181981178,0.03900709030100334,-1.1577982738858663,1.0
8cd3fe1399c8358f475a92de,surface_short_paragraph_ratio,0.37037037037037035,0.37280319912215487,0.27085961538461534,-0.008981880699822867,1.0
8cd3fe1399c8358f475a92de,surface_url_count_per_1000_cjk,0.8438818565400844,0.6929687118425703,0.7363297740253291,0.20495320170541262,1.0
8cd3fe1399c8358f475a92de,title_ascii_letter_ratio,0.5952380952380952,0.14094760513286822,0.16028108108108108,2.8343363236701404,0.5292244210657654
8cd3fe1399c8358f475a92de,title_body_cjk_type_overlap,0.8666666666666667,0.9285548777242683,0.07127884615384622,-0.8682549507609006,1.0
8cd3fe1399c8358f475a92de,title_colon_present,0.0,0.2503194293366632,0.38143913043478267,-0.6562499999707346,1.0
8cd3fe1399c8358f475a92de,title_digit_present,0.0,0.5217391304347826,0.599404347826087,-0.8704293392715956,1.0
8cd3fe1399c8358f475a92de,title_exclamation_present,0.0,0.06883112127924186,0.21796521739130437,-0.3157894736740131,1.0
8cd3fe1399c8358f475a92de,title_question_present,0.0,0.015568944099160612,0.10898260869565218,-0.14285714285514003,1.0
8cd3fe1399c8358f475a92de,title_quote_present,0.0,0.11352355072057607,0.27245652173913043,-0.41666666665175933,1.0
8d03602a0069443799951a8d,discourse_all_markers_per_10k_cjk,40.32258064516129,40.876667142727754,19.22853141214044,-0.02881585107516994,1.0
8d03602a0069443799951a8d,discourse_booster_markers_per_10k_cjk,0.0,1.3390085906316258,2.203583209429566,-0.6076505688107191,1.0
8d03602a0069443799951a8d,discourse_causal_markers_per_10k_cjk,10.080645161290322,5.198874034200515,6.379518072289156,0.7652256913096392,1.0
8d03602a0069443799951a8d,discourse_contrast_markers_per_10k_cjk,10.080645161290322,9.554234113153703,12.401505646173147,0.04244734979410015,1.0
8d03602a0069443799951a8d,discourse_directive_markers_per_10k_cjk,20.161290322580644,20.750962517489164,13.159733012504635,-0.044808826618914055,1.0
8d03602a0069443799951a8d,discourse_enumeration_markers_per_10k_cjk,0.0,16.628538526350987,20.706703910614525,-0.8030509635010998,1.0
8d03602a0069443799951a8d,discourse_framing_markers_per_10k_cjk,0.0,6.204555938508956,7.583631713554985,-0.8181510090236754,1.0
8d03602a0069443799951a8d,discourse_hedge_markers_per_10k_cjk,0.0,7.686971311376156,7.583631713554985,-1.0136266635464986,1.0
8d03602a0069443799951a8d,discourse_marker_type_coverage,0.10256410256410256,0.13633769231216003,0.07603076923076925,-0.4442094968886554,1.0
8d03602a0069443799951a8d,discourse_metadiscourse_markers_per_10k_cjk,10.080645161290322,0.5531489080778824,1.7516382089214966,5.4391918403507695,0.2757762630970681
8d03602a0069443799951a8d,discourse_summary_markers_per_10k_cjk,10.080645161290322,0.43493956416347324,1.3773086198694773,7.003300101353419,0.21418473837928464
8d03602a0069443799951a8d,hypothesis_abstract_shells_per_1k_cjk,5.040322580645161,4.8688567918814725,2.323070207836685,0.07380998998018351,1.0
8d03602a0069443799951a8d,hypothesis_complete_contrast_frames_per_1k_sentences,0.0,0.07010030576473539,1.028137817883511,-0.06818181818177008,1.0
8d03602a0069443799951a8d,hypothesis_emphatic_frames_per_1k_cjk,1.0080645161290323,0.32042773834676574,0.36816488701266453,1.8677413355788393,0.8031090662429061
8d03602a0069443799951a8d,hypothesis_meta_frames_per_1k_cjk,0.0,0.00541605504833512,0.03791238533923833,-0.14285714285377987,1.0
8d03602a0069443799951a8d,hypothesis_referential_sentence_opening_ratio,0.06896551724137931,0.08647522147311498,0.025245510835913296,-0.693576943066925,1.0
8d03602a0069443799951a8d,surface_adjacent_sentence_length_change,0.478182603686636,0.5265595327331531,0.04238117626391844,-1.1414720711209525,1.0
8d03602a0069443799951a8d,surface_ascii_letter_ratio,0.083668543845535,0.17822932121745388,0.12046407626597187,-0.7849707589434276,1.0
8d03602a0069443799951a8d,surface_cjk_ratio,0.7980691874497184,0.7026773346745797,0.13183120472394408,0.7235908446326518,1.0
8d03602a0069443799951a8d,surface_colon_density,0.004827031375703942,0.0035571695381618473,0.0025262323235033675,0.5026702515551126,1.0
8d03602a0069443799951a8d,surface_comma_density,0.03298471440064361,0.03596777465935513,0.009558589913021002,-0.31208162352983726,1.0
8d03602a0069443799951a8d,surface_compression_ratio,0.5321387940841866,0.5007805061586811,0.05205160173450275,0.6024461665071008,1.0
8d03602a0069443799951a8d,surface_dash_density,0.0008045052292839903,0.0037231604307269,0.0028380363948144207,-1.028406544319091,1.0
8d03602a0069443799951a8d,surface_digit_ratio,0.03700724054706356,0.03000678997344892,0.021076277285585872,0.33214834283862193,1.0
8d03602a0069443799951a8d,surface_exact_paragraph_repeat_ratio,0.0,0.057966523413877376,0.04633125,-1.2511323008526076,1.0
8d03602a0069443799951a8d,surface_exact_sentence_repeat_ratio,0.034482758620689655,0.0008008107847993317,0.003559159045477262,9.463456790078281,0.15850444856182327
8d03602a0069443799951a8d,surface_exclamatory_sentence_ratio,0.0,0.0004337062993177228,0.0030359440993788823,-0.1428571426616366,1.0
8d03602a0069443799951a8d,surface_list_item_ratio,0.0,0.005918710005871962,0.016357752240959117,-0.3618290532027844,1.0
8d03602a0069443799951a8d,surface_long_paragraph_ratio,0.0,0.004679990508387801,0.017354445000199076,-0.26967099831392566,1.0
8d03602a0069443799951a8d,surface_mean_paragraph_cjk_chars,47.23809523809524,40.6980203429791,22.190729302325582,0.29472104345983546,1.0
8d03602a0069443799951a8d,surface_mean_sentence_cjk_chars,34.206896551724135,39.15033352686368,5.710588434782604,-0.8656615743886539,1.0
8d03602a0069443799951a8d,surface_mean_sentences_per_paragraph,1.9523809523809523,1.569786974650427,0.3450879310344829,1.1086854778827218,1.0
8d03602a0069443799951a8d,surface_paragraph_length_cv,0.9615487735079001,1.0020469195151525,0.24687143720403323,-0.16404549050274128,1.0
8d03602a0069443799951a8d,surface_paragraph_opening_repeat_ratio,0.0,0.08266723365810803,0.08001333333333331,-1.0331682260220136,1.0
8d03602a0069443799951a8d,surface_parenthesis_density,0.0016090104585679806,0.0053009095128603205,0.003960692803170956,-0.932134663747863,1.0
8d03602a0069443799951a8d,surface_period_density,0.02333065164923572,0.02034419466897416,0.003984378756583494,0.7495414373763939,1.0
8d03602a0069443799951a8d,surface_punctuation_density,0.08125502815768303,0.08651204737899698,0.014255781675523847,-0.36876401034815787,1.0
8d03602a0069443799951a8d,surface_question_sentence_ratio,0.10344827586206896,0.018207354835707106,0.026771200076315144,3.1840530414538906,0.47109767974062255
8d03602a0069443799951a8d,surface_quote_mark_density,0.017699115044247787,0.005179327501890652,0.004691354857248414,2.6686933568909934,0.5620728196916143
8d03602a0069443799951a8d,surface_repeated_char_ngram_ratio,0.0788675429726997,0.06781045274006121,0.02901975195052154,0.38101946052091484,1.0
8d03602a0069443799951a8d,surface_semicolon_density,0.0,0.0005418413998837806,0.0008297758497283761,-0.6529973125406703,1.0
8d03602a0069443799951a8d,surface_sentence_length_autocorrelation,0.1779102511900431,0.05421663053443307,0.12347654560371685,1.0017580266019903,1.0
8d03602a0069443799951a8d,surface_sentence_length_cv,0.4526535209933067,0.5098016831146704,0.08279676538573166,-0.690222158500072,1.0
8d03602a0069443799951a8d,surface_sentence_opening_repeat_ratio,0.034482758620689655,0.04516234181981178,0.03900709030100334,-0.27378569169634853,1.0
8d03602a0069443799951a8d,surface_short_paragraph_ratio,0.38095238095238093,0.37280319912215487,0.27085961538461534,0.030086367133964884,1.0
8d03602a0069443799951a8d,surface_url_count_per_1000_cjk,0.0,0.6929687118425703,0.7363297740253291,-0.9411118988904729,1.0
8d03602a0069443799951a8d,title_ascii_letter_ratio,0.10810810810810811,0.14094760513286822,0.16028108108108108,-0.20488691992380345,1.0
8d03602a0069443799951a8d,title_body_cjk_type_overlap,1.0,0.9285548777242683,0.07127884615384622,1.0023327555208545,1.0
8d03602a0069443799951a8d,title_colon_present,0.0,0.2503194293366632,0.38143913043478267,-0.6562499999707346,1.0
8d03602a0069443799951a8d,title_digit_present,1.0,0.5217391304347826,0.599404347826087,0.7978935609989627,1.0
8d03602a0069443799951a8d,title_exclamation_present,0.0,0.06883112127924186,0.21796521739130437,-0.3157894736740131,1.0
8d03602a0069443799951a8d,title_question_present,0.0,0.015568944099160612,0.10898260869565218,-0.14285714285514003,1.0
8d03602a0069443799951a8d,title_quote_present,0.0,0.11352355072057607,0.27245652173913043,-0.41666666665175933,1.0
945a3a24dac5f42bd8f78a9b,discourse_all_markers_per_10k_cjk,11.409013120365088,40.876667142727754,19.22853141214044,-1.5324963405035439,0.9787951594762919
945a3a24dac5f42bd8f78a9b,discourse_booster_markers_per_10k_cjk,0.0,1.3390085906316258,2.203583209429566,-0.6076505688107191,1.0
945a3a24dac5f42bd8f78a9b,discourse_causal_markers_per_10k_cjk,11.409013120365088,5.198874034200515,6.379518072289156,0.9734495640257972,1.0
945a3a24dac5f42bd8f78a9b,discourse_contrast_markers_per_10k_cjk,0.0,9.554234113153703,12.401505646173147,-0.770409205603349,1.0
945a3a24dac5f42bd8f78a9b,discourse_directive_markers_per_10k_cjk,17.113519680547633,20.750962517489164,13.159733012504635,-0.2764070390702579,1.0
945a3a24dac5f42bd8f78a9b,discourse_enumeration_markers_per_10k_cjk,0.0,16.628538526350987,20.706703910614525,-0.8030509635010998,1.0
945a3a24dac5f42bd8f78a9b,discourse_framing_markers_per_10k_cjk,0.0,6.204555938508956,7.583631713554985,-0.8181510090236754,1.0
945a3a24dac5f42bd8f78a9b,discourse_hedge_markers_per_10k_cjk,5.704506560182544,7.686971311376156,7.583631713554985,-0.261413637433125,1.0
945a3a24dac5f42bd8f78a9b,discourse_marker_type_coverage,0.02564102564102564,0.13633769231216003,0.07603076923076925,-1.4559456361035479,1.0
945a3a24dac5f42bd8f78a9b,discourse_metadiscourse_markers_per_10k_cjk,0.0,0.5531489080778824,1.7516382089214966,-0.3157894736827318,1.0
945a3a24dac5f42bd8f78a9b,discourse_summary_markers_per_10k_cjk,0.0,0.43493956416347324,1.3773086198694773,-0.31578947367997373,1.0
945a3a24dac5f42bd8f78a9b,hypothesis_abstract_shells_per_1k_cjk,5.134055904164289,4.8688567918814725,2.323070207836685,0.11415888826269198,1.0
945a3a24dac5f42bd8f78a9b,hypothesis_complete_contrast_frames_per_1k_sentences,0.0,0.07010030576473539,1.028137817883511,-0.06818181818177008,1.0
945a3a24dac5f42bd8f78a9b,hypothesis_emphatic_frames_per_1k_cjk,1.1409013120365088,0.32042773834676574,0.36816488701266453,2.2285492251777925,0.6730836290503436
945a3a24dac5f42bd8f78a9b,hypothesis_meta_frames_per_1k_cjk,0.0,0.00541605504833512,0.03791238533923833,-0.14285714285377987,1.0
945a3a24dac5f42bd8f78a9b,hypothesis_referential_sentence_opening_ratio,0.0625,0.08647522147311498,0.025245510835913296,-0.9496825645139552,1.0
945a3a24dac5f42bd8f78a9b,surface_adjacent_sentence_length_change,0.5144251192484616,0.5265595327331531,0.04238117626391844,-0.2863161090463246,1.0
945a3a24dac5f42bd8f78a9b,surface_ascii_letter_ratio,0.06505914467697907,0.17822932121745388,0.12046407626597187,-0.9394516610130899,1.0
945a3a24dac5f42bd8f78a9b,surface_cjk_ratio,0.7975432211101001,0.7026773346745797,0.13183120472394408,0.7196011493194693,1.0
945a3a24dac5f42bd8f78a9b,surface_colon_density,0.00045495905368516835,0.0035571695381618473,0.0025262323235033675,-1.2279988881523562,1.0
945a3a24dac5f42bd8f78a9b,surface_comma_density,0.04686078252957234,0.03596777465935513,0.009558589913021002,1.1396040597346295,1.0
945a3a24dac5f42bd8f78a9b,surface_compression_ratio,0.5249390739236394,0.5007805061586811,0.05205160173450275,0.4641272690931356,1.0
945a3a24dac5f42bd8f78a9b,surface_dash_density,0.00045495905368516835,0.0037231604307269,0.0028380363948144207,-1.1515713410206072,1.0
945a3a24dac5f42bd8f78a9b,surface_digit_ratio,0.04322111010009099,0.03000678997344892,0.021076277285585872,0.6269760047083544,1.0
945a3a24dac5f42bd8f78a9b,surface_exact_paragraph_repeat_ratio,0.14285714285714285,0.057966523413877376,0.04633125,1.8322540281832562,0.8186637752884639
945a3a24dac5f42bd8f78a9b,surface_exact_sentence_repeat_ratio,0.020833333333333332,0.0008008107847993317,0.003559159045477262,5.62844264405379,0.2665035596631133
945a3a24dac5f42bd8f78a9b,surface_exclamatory_sentence_ratio,0.0,0.0004337062993177228,0.0030359440993788823,-0.1428571426616366,1.0
945a3a24dac5f42bd8f78a9b,surface_list_item_ratio,0.0,0.005918710005871962,0.016357752240959117,-0.3618290532027844,1.0
945a3a24dac5f42bd8f78a9b,surface_long_paragraph_ratio,0.0,0.004679990508387801,0.017354445000199076,-0.26967099831392566,1.0
945a3a24dac5f42bd8f78a9b,surface_mean_paragraph_cjk_chars,35.775510204081634,40.6980203429791,22.190729302325582,-0.22182732580950312,1.0
945a3a24dac5f42bd8f78a9b,surface_mean_sentence_cjk_chars,36.520833333333336,39.15033352686368,5.710588434782604,-0.4604604627982527,1.0
945a3a24dac5f42bd8f78a9b,surface_mean_sentences_per_paragraph,1.5714285714285714,1.569786974650427,0.3450879310344829,0.0047570390921043955,1.0
945a3a24dac5f42bd8f78a9b,surface_paragraph_length_cv,0.9479056869925889,1.0020469195151525,0.24687143720403323,-0.21930942330042466,1.0
945a3a24dac5f42bd8f78a9b,surface_paragraph_opening_repeat_ratio,0.14285714285714285,0.08266723365810803,0.08001333333333331,0.7522484902395622,1.0
945a3a24dac5f42bd8f78a9b,surface_parenthesis_density,0.0,0.0053009095128603205,0.003960692803170956,-1.338379363483171,1.0
945a3a24dac5f42bd8f78a9b,surface_period_density,0.023202911737943584,0.02034419466897416,0.003984378756583494,0.7174812545734741,1.0
945a3a24dac5f42bd8f78a9b,surface_punctuation_density,0.09372156505914468,0.08651204737899698,0.014255781675523847,0.5057258762966274,1.0
945a3a24dac5f42bd8f78a9b,surface_question_sentence_ratio,0.0,0.018207354835707106,0.026771200076315144,-0.6801097740782793,1.0
945a3a24dac5f42bd8f78a9b,surface_quote_mark_density,0.020018198362147407,0.005179327501890652,0.004691354857248414,3.1630246084091986,0.4742296332479074
945a3a24dac5f42bd8f78a9b,surface_repeated_char_ngram_ratio,0.044571428571428574,0.06781045274006121,0.02901975195052154,-0.800800234552487,1.0
945a3a24dac5f42bd8f78a9b,surface_semicolon_density,0.0,0.0005418413998837806,0.0008297758497283761,-0.6529973125406703,1.0
945a3a24dac5f42bd8f78a9b,surface_sentence_length_autocorrelation,0.053715402951822824,0.05421663053443307,0.12347654560371685,-0.004059293853416295,1.0
945a3a24dac5f42bd8f78a9b,surface_sentence_length_cv,0.4681641650684343,0.5098016831146704,0.08279676538573166,-0.5028882209619694,1.0
945a3a24dac5f42bd8f78a9b,surface_sentence_opening_repeat_ratio,0.08333333333333333,0.04516234181981178,0.03900709030100334,0.9785654664054682,1.0
945a3a24dac5f42bd8f78a9b,surface_short_paragraph_ratio,0.3877551020408163,0.37280319912215487,0.27085961538461534,0.055201669312828466,1.0
945a3a24dac5f42bd8f78a9b,surface_url_count_per_1000_cjk,0.0,0.6929687118425703,0.7363297740253291,-0.9411118988904729,1.0
945a3a24dac5f42bd8f78a9b,title_ascii_letter_ratio,0.0,0.14094760513286822,0.16028108108108108,-0.8793776794003987,1.0
945a3a24dac5f42bd8f78a9b,title_body_cjk_type_overlap,0.8636363636363636,0.9285548777242683,0.07127884615384622,-0.9107683077218499,1.0
945a3a24dac5f42bd8f78a9b,title_colon_present,0.0,0.2503194293366632,0.38143913043478267,-0.6562499999707346,1.0
945a3a24dac5f42bd8f78a9b,title_digit_present,0.0,0.5217391304347826,0.599404347826087,-0.8704293392715956,1.0
945a3a24dac5f42bd8f78a9b,title_exclamation_present,0.0,0.06883112127924186,0.21796521739130437,-0.3157894736740131,1.0
945a3a24dac5f42bd8f78a9b,title_question_present,0.0,0.015568944099160612,0.10898260869565218,-0.14285714285514003,1.0
945a3a24dac5f42bd8f78a9b,title_quote_present,1.0,0.11352355072057607,0.27245652173913043,3.2536437139434695,0.4610215905238056
9c3da0345e97764d38be7de1,discourse_all_markers_per_10k_cjk,46.102263202011734,40.876667142727754,19.22853141214044,0.27176261916625943,1.0
9c3da0345e97764d38be7de1,discourse_booster_markers_per_10k_cjk,0.0,1.3390085906316258,2.203583209429566,-0.6076505688107191,1.0
9c3da0345e97764d38be7de1,discourse_causal_markers_per_10k_cjk,8.382229673093043,5.198874034200515,6.379518072289156,0.4989962568991121,1.0
9c3da0345e97764d38be7de1,discourse_contrast_markers_per_10k_cjk,12.573344509639565,9.554234113153703,12.401505646173147,0.24344708478341084,1.0
9c3da0345e97764d38be7de1,discourse_directive_markers_per_10k_cjk,29.33780385582565,20.750962517489164,13.159733012504635,0.6525087803967682,1.0
9c3da0345e97764d38be7de1,discourse_enumeration_markers_per_10k_cjk,20.955574182732608,16.628538526350987,20.706703910614525,0.20896786253670854,1.0
9c3da0345e97764d38be7de1,discourse_framing_markers_per_10k_cjk,4.191114836546522,6.204555938508956,7.583631713554985,-0.26549827022369893,1.0
9c3da0345e97764d38be7de1,discourse_hedge_markers_per_10k_cjk,8.382229673093043,7.686971311376156,7.583631713554985,0.09167881405345443,1.0
9c3da0345e97764d38be7de1,discourse_marker_type_coverage,0.1794871794871795,0.13633769231216003,0.07603076923076925,0.5675266423262372,1.0
9c3da0345e97764d38be7de1,discourse_metadiscourse_markers_per_10k_cjk,0.0,0.5531489080778824,1.7516382089214966,-0.3157894736827318,1.0
9c3da0345e97764d38be7de1,discourse_summary_markers_per_10k_cjk,0.0,0.43493956416347324,1.3773086198694773,-0.31578947367997373,1.0
9c3da0345e97764d38be7de1,hypothesis_abstract_shells_per_1k_cjk,1.6764459346186085,4.8688567918814725,2.323070207836685,-1.3742205665991196,1.0
9c3da0345e97764d38be7de1,hypothesis_complete_contrast_frames_per_1k_sentences,0.0,0.07010030576473539,1.028137817883511,-0.06818181818177008,1.0
9c3da0345e97764d38be7de1,hypothesis_emphatic_frames_per_1k_cjk,0.4191114836546521,0.32042773834676574,0.36816488701266453,0.26804225168950385,1.0
9c3da0345e97764d38be7de1,hypothesis_meta_frames_per_1k_cjk,0.0,0.00541605504833512,0.03791238533923833,-0.14285714285377987,1.0
9c3da0345e97764d38be7de1,hypothesis_referential_sentence_opening_ratio,0.07017543859649122,0.08647522147311498,0.025245510835913296,-0.645650744901399,1.0
9c3da0345e97764d38be7de1,surface_adjacent_sentence_length_change,0.519593461860855,0.5265595327331531,0.04238117626391844,-0.16436709611169498,1.0
9c3da0345e97764d38be7de1,surface_ascii_letter_ratio,0.13623281100095938,0.17822932121745388,0.12046407626597187,-0.3486226891722531,1.0
9c3da0345e97764d38be7de1,surface_cjk_ratio,0.7630316597377679,0.7026773346745797,0.13183120472394408,0.45781516742997796,1.0
9c3da0345e97764d38be7de1,surface_colon_density,0.00799488327470419,0.0035571695381618473,0.0025262323235033675,1.7566530580956785,0.8538965580523302
9c3da0345e97764d38be7de1,surface_comma_density,0.03517748640869843,0.03596777465935513,0.009558589913021002,-0.0826783299469875,1.0
9c3da0345e97764d38be7de1,surface_compression_ratio,0.45849297573435505,0.5007805061586811,0.05205160173450275,-0.8124155456352742,1.0
9c3da0345e97764d38be7de1,surface_dash_density,0.0009593859929645027,0.0037231604307269,0.0028380363948144207,-0.973833331669843,1.0
9c3da0345e97764d38be7de1,surface_digit_ratio,0.014390789894467541,0.03000678997344892,0.021076277285585872,-0.7409278150682336,1.0
9c3da0345e97764d38be7de1,surface_exact_paragraph_repeat_ratio,0.20689655172413793,0.057966523413877376,0.04633125,3.214461692923471,0.46664111857428553
9c3da0345e97764d38be7de1,surface_exact_sentence_repeat_ratio,0.0,0.0008008107847993317,0.003559159045477262,-0.2249999998783274,1.0
9c3da0345e97764d38be7de1,surface_exclamatory_sentence_ratio,0.0,0.0004337062993177228,0.0030359440993788823,-0.1428571426616366,1.0
9c3da0345e97764d38be7de1,surface_list_item_ratio,0.0,0.005918710005871962,0.016357752240959117,-0.3618290532027844,1.0
9c3da0345e97764d38be7de1,surface_long_paragraph_ratio,0.0,0.004679990508387801,0.017354445000199076,-0.26967099831392566,1.0
9c3da0345e97764d38be7de1,surface_mean_paragraph_cjk_chars,20.56896551724138,40.6980203429791,22.190729302325582,-0.9070929824567865,1.0
9c3da0345e97764d38be7de1,surface_mean_sentence_cjk_chars,41.85964912280702,39.15033352686368,5.710588434782604,0.4744372015046954,1.0
9c3da0345e97764d38be7de1,surface_mean_sentences_per_paragraph,1.2672413793103448,1.569786974650427,0.3450879310344829,-0.8767203026577315,1.0
9c3da0345e97764d38be7de1,surface_paragraph_length_cv,1.1703324782870181,1.0020469195151525,0.24687143720403323,0.6816728604888453,1.0
9c3da0345e97764d38be7de1,surface_paragraph_opening_repeat_ratio,0.11494252873563218,0.08266723365810803,0.08001333333333331,0.403373959475806,1.0
9c3da0345e97764d38be7de1,surface_parenthesis_density,0.014710585225455708,0.0053009095128603205,0.003960692803170956,2.3757650946980644,0.6313755528050785
9c3da0345e97764d38be7de1,surface_period_density,0.019507515190278223,0.02034419466897416,0.003984378756583494,-0.20998994568813756,1.0
9c3da0345e97764d38be7de1,surface_punctuation_density,0.08410617204988807,0.08651204737899698,0.014255781675523847,-0.16876488317996785,1.0
9c3da0345e97764d38be7de1,surface_question_sentence_ratio,0.017543859649122806,0.018207354835707106,0.026771200076315144,-0.02478391647340844,1.0
9c3da0345e97764d38be7de1,surface_quote_mark_density,0.0,0.005179327501890652,0.004691354857248414,-1.104015291848642,1.0
9c3da0345e97764d38be7de1,surface_repeated_char_ngram_ratio,0.0839278220730172,0.06781045274006121,0.02901975195052154,0.5553930771164407,1.0
9c3da0345e97764d38be7de1,surface_semicolon_density,0.0009593859929645027,0.0005418413998837806,0.0008297758497283761,0.5032016697249067,1.0
9c3da0345e97764d38be7de1,surface_sentence_length_autocorrelation,-0.12390118747156817,0.05421663053443307,0.12347654560371685,-1.442523494118867,1.0
9c3da0345e97764d38be7de1,surface_sentence_length_cv,0.4385488520207405,0.5098016831146704,0.08279676538573166,-0.8605750570324685,1.0
9c3da0345e97764d38be7de1,surface_sentence_opening_repeat_ratio,0.07017543859649122,0.04516234181981178,0.03900709030100334,0.6412448758331522,1.0
9c3da0345e97764d38be7de1,surface_short_paragraph_ratio,0.6551724137931034,0.37280319912215487,0.27085961538461534,1.042492858412982,1.0
9c3da0345e97764d38be7de1,surface_url_count_per_1000_cjk,0.8382229673093042,0.6929687118425703,0.7363297740253291,0.19726793699060358,1.0
9c3da0345e97764d38be7de1,title_ascii_letter_ratio,0.1794871794871795,0.14094760513286822,0.16028108108108108,0.2404499276793331,1.0
9c3da0345e97764d38be7de1,title_body_cjk_type_overlap,0.875,0.9285548777242683,0.07127884615384622,-0.7513432191182913,1.0
9c3da0345e97764d38be7de1,title_colon_present,0.0,0.2503194293366632,0.38143913043478267,-0.6562499999707346,1.0
9c3da0345e97764d38be7de1,title_digit_present,1.0,0.5217391304347826,0.599404347826087,0.7978935609989627,1.0
9c3da0345e97764d38be7de1,title_exclamation_present,0.0,0.06883112127924186,0.21796521739130437,-0.3157894736740131,1.0
9c3da0345e97764d38be7de1,title_question_present,0.0,0.015568944099160612,0.10898260869565218,-0.14285714285514003,1.0
9c3da0345e97764d38be7de1,title_quote_present,0.0,0.11352355072057607,0.27245652173913043,-0.41666666665175933,1.0
ab6793878c91d69109ca6eef,discourse_all_markers_per_10k_cjk,47.20161834120027,40.876667142727754,19.22853141214044,0.3289357394438919,1.0
ab6793878c91d69109ca6eef,discourse_booster_markers_per_10k_cjk,10.114632501685772,1.3390085906316258,2.203583209429566,3.982433644212538,0.3766541100263833
ab6793878c91d69109ca6eef,discourse_causal_markers_per_10k_cjk,3.3715441672285906,5.198874034200515,6.379518072289156,-0.2864369763147682,1.0
ab6793878c91d69109ca6eef,discourse_contrast_markers_per_10k_cjk,0.0,9.554234113153703,12.401505646173147,-0.770409205603349,1.0
ab6793878c91d69109ca6eef,discourse_directive_markers_per_10k_cjk,13.486176668914363,20.750962517489164,13.159733012504635,-0.5520465986408433,1.0
ab6793878c91d69109ca6eef,discourse_enumeration_markers_per_10k_cjk,33.715441672285905,16.628538526350987,20.706703910614525,0.8251870128483342,1.0
ab6793878c91d69109ca6eef,discourse_framing_markers_per_10k_cjk,10.114632501685772,6.204555938508956,7.583631713554985,0.5155942048435639,1.0
ab6793878c91d69109ca6eef,discourse_hedge_markers_per_10k_cjk,3.3715441672285906,7.686971311376156,7.583631713554985,-0.5690449255907521,1.0
ab6793878c91d69109ca6eef,discourse_marker_type_coverage,0.1794871794871795,0.13633769231216003,0.07603076923076925,0.5675266423262372,1.0
ab6793878c91d69109ca6eef,discourse_metadiscourse_markers_per_10k_cjk,0.0,0.5531489080778824,1.7516382089214966,-0.3157894736827318,1.0
ab6793878c91d69109ca6eef,discourse_summary_markers_per_10k_cjk,0.0,0.43493956416347324,1.3773086198694773,-0.31578947367997373,1.0
ab6793878c91d69109ca6eef,hypothesis_abstract_shells_per_1k_cjk,8.428860418071476,4.8688567918814725,2.323070207836685,1.5324563218884328,0.9788207197654826
ab6793878c91d69109ca6eef,hypothesis_complete_contrast_frames_per_1k_sentences,0.0,0.07010030576473539,1.028137817883511,-0.06818181818177008,1.0
ab6793878c91d69109ca6eef,hypothesis_emphatic_frames_per_1k_cjk,0.6743088334457181,0.32042773834676574,0.36816488701266453,0.9612027316629442,1.0
ab6793878c91d69109ca6eef,hypothesis_meta_frames_per_1k_cjk,0.0,0.00541605504833512,0.03791238533923833,-0.14285714285377987,1.0
ab6793878c91d69109ca6eef,hypothesis_referential_sentence_opening_ratio,0.0967741935483871,0.08647522147311498,0.025245510835913296,0.4079526115439577,1.0
ab6793878c91d69109ca6eef,surface_adjacent_sentence_length_change,0.5102528105413263,0.5265595327331531,0.04238117626391844,-0.38476332252509204,1.0
ab6793878c91d69109ca6eef,surface_ascii_letter_ratio,0.03585771658060815,0.17822932121745388,0.12046407626597187,-1.1818594310431962,1.0
ab6793878c91d69109ca6eef,surface_cjk_ratio,0.8508318990246702,0.7026773346745797,0.13183120472394408,1.123820150626156,1.0
ab6793878c91d69109ca6eef,surface_colon_density,0.0011474469305794606,0.0035571695381618473,0.0025262323235033675,-0.9538800470419895,1.0
ab6793878c91d69109ca6eef,surface_comma_density,0.04847963281698221,0.03596777465935513,0.009558589913021002,1.3089648443420563,1.0
ab6793878c91d69109ca6eef,surface_compression_ratio,0.4811085634532948,0.5007805061586811,0.05205160173450275,-0.37793155349428226,1.0
ab6793878c91d69109ca6eef,surface_dash_density,0.00028686173264486515,0.0037231604307269,0.0028380363948144207,-1.2108014909043245,1.0
ab6793878c91d69109ca6eef,surface_digit_ratio,0.03298909925415949,0.03000678997344892,0.021076277285585872,0.14150076127296835,1.0
ab6793878c91d69109ca6eef,surface_exact_paragraph_repeat_ratio,0.0,0.057966523413877376,0.04633125,-1.2511323008526076,1.0
ab6793878c91d69109ca6eef,surface_exact_sentence_repeat_ratio,0.0,0.0008008107847993317,0.003559159045477262,-0.2249999998783274,1.0
ab6793878c91d69109ca6eef,surface_exclamatory_sentence_ratio,0.0,0.0004337062993177228,0.0030359440993788823,-0.1428571426616366,1.0
ab6793878c91d69109ca6eef,surface_list_item_ratio,0.0,0.005918710005871962,0.016357752240959117,-0.3618290532027844,1.0
ab6793878c91d69109ca6eef,surface_long_paragraph_ratio,0.0625,0.004679990508387801,0.017354445000199076,3.3317118174017626,0.45021901118980207
ab6793878c91d69109ca6eef,surface_mean_paragraph_cjk_chars,92.6875,40.6980203429791,22.190729302325582,2.3428468234963518,0.6402467224730776
ab6793878c91d69109ca6eef,surface_mean_sentence_cjk_chars,47.83870967741935,39.15033352686368,5.710588434782604,1.5214502410356991,0.9859014508281931
ab6793878c91d69109ca6eef,surface_mean_sentences_per_paragraph,2.09375,1.569786974650427,0.3450879310344829,1.5183464219651777,0.9879168405182317
ab6793878c91d69109ca6eef,surface_paragraph_length_cv,0.7387984964264082,1.0020469195151525,0.24687143720403323,-1.0663381153777458,1.0
ab6793878c91d69109ca6eef,surface_paragraph_opening_repeat_ratio,0.03125,0.08266723365810803,0.08001333333333331,-0.642608319339794,1.0
ab6793878c91d69109ca6eef,surface_parenthesis_density,0.002868617326448652,0.0053009095128603205,0.003960692803170956,-0.6141077602545595,1.0
ab6793878c91d69109ca6eef,surface_period_density,0.018646012621916237,0.02034419466897416,0.003984378756583494,-0.42620999428128464,1.0
ab6793878c91d69109ca6eef,surface_punctuation_density,0.07974756167527251,0.08651204737899698,0.014255781675523847,-0.4745082281484855,1.0
ab6793878c91d69109ca6eef,surface_question_sentence_ratio,0.0,0.018207354835707106,0.026771200076315144,-0.6801097740782793,1.0
ab6793878c91d69109ca6eef,surface_quote_mark_density,0.004016064257028112,0.005179327501890652,0.004691354857248414,-0.24795891171294185,1.0
ab6793878c91d69109ca6eef,surface_repeated_char_ngram_ratio,0.0641241984475194,0.06781045274006121,0.02901975195052154,-0.12702569955893647,1.0
ab6793878c91d69109ca6eef,surface_semicolon_density,0.001434308663224326,0.0005418413998837806,0.0008297758497283761,1.0755522273065563,1.0
ab6793878c91d69109ca6eef,surface_sentence_length_autocorrelation,0.2846786012504028,0.05421663053443307,0.12347654560371685,1.8664432956815113,0.8036675978695036
ab6793878c91d69109ca6eef,surface_sentence_length_cv,0.5303695103339989,0.5098016831146704,0.08279676538573166,0.24841341474522058,1.0
ab6793878c91d69109ca6eef,surface_sentence_opening_repeat_ratio,0.06451612903225806,0.04516234181981178,0.03900709030100334,0.496160750855812,1.0
ab6793878c91d69109ca6eef,surface_short_paragraph_ratio,0.03125,0.37280319912215487,0.27085961538461534,-1.2609971354982397,1.0
ab6793878c91d69109ca6eef,surface_url_count_per_1000_cjk,0.0,0.6929687118425703,0.7363297740253291,-0.9411118988904729,1.0
ab6793878c91d69109ca6eef,title_ascii_letter_ratio,0.0,0.14094760513286822,0.16028108108108108,-0.8793776794003987,1.0
ab6793878c91d69109ca6eef,title_body_cjk_type_overlap,0.92,0.9285548777242683,0.07127884615384622,-0.12001986824819827,1.0
ab6793878c91d69109ca6eef,title_colon_present,0.0,0.2503194293366632,0.38143913043478267,-0.6562499999707346,1.0
ab6793878c91d69109ca6eef,title_digit_present,1.0,0.5217391304347826,0.599404347826087,0.7978935609989627,1.0
ab6793878c91d69109ca6eef,title_exclamation_present,0.0,0.06883112127924186,0.21796521739130437,-0.3157894736740131,1.0
ab6793878c91d69109ca6eef,title_question_present,0.0,0.015568944099160612,0.10898260869565218,-0.14285714285514003,1.0
ab6793878c91d69109ca6eef,title_quote_present,1.0,0.11352355072057607,0.27245652173913043,3.2536437139434695,0.4610215905238056
cbf364e6fe771c6b1f5d5147,discourse_all_markers_per_10k_cjk,49.66476285075739,40.876667142727754,19.22853141214044,0.45703416031455424,1.0
cbf364e6fe771c6b1f5d5147,discourse_booster_markers_per_10k_cjk,0.0,1.3390085906316258,2.203583209429566,-0.6076505688107191,1.0
cbf364e6fe771c6b1f5d5147,discourse_causal_markers_per_10k_cjk,12.416190712689348,5.198874034200515,6.379518072289156,1.1313263159859739,1.0
cbf364e6fe771c6b1f5d5147,discourse_contrast_markers_per_10k_cjk,24.832381425378696,9.554234113153703,12.401505646173147,1.2319590659493445,1.0
cbf364e6fe771c6b1f5d5147,discourse_directive_markers_per_10k_cjk,37.24857213806804,20.750962517489164,13.159733012504635,1.2536431859903638,1.0
cbf364e6fe771c6b1f5d5147,discourse_enumeration_markers_per_10k_cjk,4.966476285075739,16.628538526350987,20.706703910614525,-0.5632022504217643,1.0
cbf364e6fe771c6b1f5d5147,discourse_framing_markers_per_10k_cjk,0.0,6.204555938508956,7.583631713554985,-0.8181510090236754,1.0
cbf364e6fe771c6b1f5d5147,discourse_hedge_markers_per_10k_cjk,44.69828656568165,7.686971311376156,7.583631713554985,4.880420971412873,0.307350535698922
cbf364e6fe771c6b1f5d5147,discourse_marker_type_coverage,0.1794871794871795,0.13633769231216003,0.07603076923076925,0.5675266423262372,1.0
cbf364e6fe771c6b1f5d5147,discourse_metadiscourse_markers_per_10k_cjk,0.0,0.5531489080778824,1.7516382089214966,-0.3157894736827318,1.0
cbf364e6fe771c6b1f5d5147,discourse_summary_markers_per_10k_cjk,7.449714427613609,0.43493956416347324,1.3773086198694773,5.093103144968991,0.2945159281688045
cbf364e6fe771c6b1f5d5147,hypothesis_abstract_shells_per_1k_cjk,7.201390613359822,4.8688567918814725,2.323070207836685,1.004073752747437,1.0
cbf364e6fe771c6b1f5d5147,hypothesis_complete_contrast_frames_per_1k_sentences,0.0,0.07010030576473539,1.028137817883511,-0.06818181818177008,1.0
cbf364e6fe771c6b1f5d5147,hypothesis_emphatic_frames_per_1k_cjk,0.24832381425378697,0.32042773834676574,0.36816488701266453,-0.1958468247149774,1.0
cbf364e6fe771c6b1f5d5147,hypothesis_meta_frames_per_1k_cjk,0.24832381425378697,0.00541605504833512,0.03791238533923833,6.407081934621735,0.23411593847341017
cbf364e6fe771c6b1f5d5147,hypothesis_referential_sentence_opening_ratio,0.11,0.08647522147311498,0.025245510835913296,0.9318400677168936,1.0
cbf364e6fe771c6b1f5d5147,surface_adjacent_sentence_length_change,0.6581835238403403,0.5265595327331531,0.04238117626391844,3.105718215264504,0.4829800696752039
cbf364e6fe771c6b1f5d5147,surface_ascii_letter_ratio,0.21849303574425238,0.17822932121745388,0.12046407626597187,0.33423835366404586,1.0
cbf364e6fe771c6b1f5d5147,surface_cjk_ratio,0.6757845276053029,0.7026773346745797,0.13183120472394408,-0.20399424495581747,1.0
cbf364e6fe771c6b1f5d5147,surface_colon_density,0.010236616882027186,0.0035571695381618473,0.0025262323235033675,2.644035262205145,0.5673146729325346
cbf364e6fe771c6b1f5d5147,surface_comma_density,0.029199530122503776,0.03596777465935513,0.009558589913021002,-0.7080798107711936,1.0
cbf364e6fe771c6b1f5d5147,surface_compression_ratio,0.42373211963589075,0.5007805061586811,0.05205160173450275,-1.4802308469927121,1.0
cbf364e6fe771c6b1f5d5147,surface_dash_density,0.00704816244336298,0.0037231604307269,0.0028380363948144207,1.1715854027493902,1.0
cbf364e6fe771c6b1f5d5147,surface_digit_ratio,0.005202215136767914,0.03000678997344892,0.021076277285585872,-1.1768954498261857,1.0
cbf364e6fe771c6b1f5d5147,surface_exact_paragraph_repeat_ratio,0.1076923076923077,0.057966523413877376,0.04633125,1.0732666241128899,1.0
cbf364e6fe771c6b1f5d5147,surface_exact_sentence_repeat_ratio,0.01,0.0008008107847993317,0.003559159045477262,2.5846524692090886,0.5803488158928402
cbf364e6fe771c6b1f5d5147,surface_exclamatory_sentence_ratio,0.02,0.0004337062993177228,0.0030359440993788823,6.444879437893902,0.23274291077975223
cbf364e6fe771c6b1f5d5147,surface_list_item_ratio,0.13076923076923078,0.005918710005871962,0.016357752240959117,7.632498580748669,0.19652804178482608
cbf364e6fe771c6b1f5d5147,surface_long_paragraph_ratio,0.007692307692307693,0.004679990508387801,0.017354445000199076,0.17357611746646678,1.0
cbf364e6fe771c6b1f5d5147,surface_mean_paragraph_cjk_chars,30.976923076923075,40.6980203429791,22.190729302325582,-0.4380702019125282,1.0
cbf364e6fe771c6b1f5d5147,surface_mean_sentence_cjk_chars,40.27,39.15033352686368,5.710588434782604,0.19606849380294106,1.0
cbf364e6fe771c6b1f5d5147,surface_mean_sentences_per_paragraph,1.4153846153846155,1.569786974650427,0.3450879310344829,-0.44742903295097514,1.0
cbf364e6fe771c6b1f5d5147,surface_paragraph_length_cv,1.310041713942154,1.0020469195151525,0.24687143720403323,1.2475918555634746,1.0
cbf364e6fe771c6b1f5d5147,surface_paragraph_opening_repeat_ratio,0.16964285714285715,0.08266723365810803,0.08001333333333331,1.0870141245386078,1.0
cbf364e6fe771c6b1f5d5147,surface_parenthesis_density,0.011075683839570397,0.0053009095128603205,0.003960692803170956,1.4580212638775607,1.0
cbf364e6fe771c6b1f5d5147,surface_period_density,0.017452592716898807,0.02034419466897416,0.003984378756583494,-0.7257347076498395,1.0
cbf364e6fe771c6b1f5d5147,surface_punctuation_density,0.10052022151367679,0.08651204737899698,0.014255781675523847,0.9826310793417127,1.0
cbf364e6fe771c6b1f5d5147,surface_question_sentence_ratio,0.0,0.018207354835707106,0.026771200076315144,-0.6801097740782793,1.0
cbf364e6fe771c6b1f5d5147,surface_quote_mark_density,0.022151367679140794,0.005179327501890652,0.004691354857248414,3.6177267961359525,0.4146250075053016
cbf364e6fe771c6b1f5d5147,surface_repeated_char_ngram_ratio,0.14587475149105367,0.06781045274006121,0.02901975195052154,2.6900401796711253,0.5576124889641555
cbf364e6fe771c6b1f5d5147,surface_semicolon_density,0.0010068803490518544,0.0005418413998837806,0.0008297758497283761,0.5604392431043907,1.0
cbf364e6fe771c6b1f5d5147,surface_sentence_length_autocorrelation,0.19370706307571733,0.05421663053443307,0.12347654560371685,1.1296917310025991,1.0
cbf364e6fe771c6b1f5d5147,surface_sentence_length_cv,0.7949686959602115,0.5098016831146704,0.08279676538573166,3.4441805971164636,0.43551723195230524
cbf364e6fe771c6b1f5d5147,surface_sentence_opening_repeat_ratio,0.0707070707070707,0.04516234181981178,0.03900709030100334,0.6548739906037508,1.0
cbf364e6fe771c6b1f5d5147,surface_short_paragraph_ratio,0.5692307692307692,0.37280319912215487,0.27085961538461534,0.72520065359205,1.0
cbf364e6fe771c6b1f5d5147,surface_url_count_per_1000_cjk,0.49664762850757393,0.6929687118425703,0.7363297740253291,-0.2666211394138777,1.0
cbf364e6fe771c6b1f5d5147,title_ascii_letter_ratio,0.0,0.14094760513286822,0.16028108108108108,-0.8793776794003987,1.0
cbf364e6fe771c6b1f5d5147,title_body_cjk_type_overlap,0.9,0.9285548777242683,0.07127884615384622,-0.4006080241904618,1.0
cbf364e6fe771c6b1f5d5147,title_colon_present,0.0,0.2503194293366632,0.38143913043478267,-0.6562499999707346,1.0
cbf364e6fe771c6b1f5d5147,title_digit_present,0.0,0.5217391304347826,0.599404347826087,-0.8704293392715956,1.0
cbf364e6fe771c6b1f5d5147,title_exclamation_present,1.0,0.06883112127924186,0.21796521739130437,4.272098502070023,0.3511154996246419
cbf364e6fe771c6b1f5d5147,title_question_present,1.0,0.015568944099160612,0.10898260869565218,9.03291880863293,0.16605928070187256
cbf364e6fe771c6b1f5d5147,title_quote_present,0.0,0.11352355072057607,0.27245652173913043,-0.41666666665175933,1.0
cf487d67cd440c9b22a5e164,discourse_all_markers_per_10k_cjk,49.44845949030049,40.876667142727754,19.22853141214044,0.4457850765535173,1.0
cf487d67cd440c9b22a5e164,discourse_booster_markers_per_10k_cjk,3.8037276531000384,1.3390085906316258,2.203583209429566,1.1185051020181105,1.0
cf487d67cd440c9b22a5e164,discourse_causal_markers_per_10k_cjk,3.8037276531000384,5.198874034200515,6.379518072289156,-0.2186915007201881,1.0
cf487d67cd440c9b22a5e164,discourse_contrast_markers_per_10k_cjk,15.214910612400153,9.554234113153703,12.401505646173147,0.4564507456393588,1.0
cf487d67cd440c9b22a5e164,discourse_directive_markers_per_10k_cjk,34.23354887790034,20.750962517489164,13.159733012504635,1.0245334269015762,1.0
cf487d67cd440c9b22a5e164,discourse_enumeration_markers_per_10k_cjk,11.411182959300113,16.628538526350987,20.706703910614525,-0.2519645613117783,1.0
cf487d67cd440c9b22a5e164,discourse_framing_markers_per_10k_cjk,15.214910612400153,6.204555938508956,7.583631713554985,1.1881318890771142,1.0
cf487d67cd440c9b22a5e164,discourse_hedge_markers_per_10k_cjk,15.214910612400153,7.686971311376156,7.583631713554985,0.9926562345542911,1.0
cf487d67cd440c9b22a5e164,discourse_marker_type_coverage,0.2564102564102564,0.13633769231216003,0.07603076923076925,1.5792627815411293,0.9498102643413274
cf487d67cd440c9b22a5e164,discourse_metadiscourse_markers_per_10k_cjk,0.0,0.5531489080778824,1.7516382089214966,-0.3157894736827318,1.0
cf487d67cd440c9b22a5e164,discourse_summary_markers_per_10k_cjk,3.8037276531000384,0.43493956416347324,1.3773086198694773,2.4459210087974426,0.613265920937278
cf487d67cd440c9b22a5e164,hypothesis_abstract_shells_per_1k_cjk,4.94484594903005,4.8688567918814725,2.323070207836685,0.03271065889108062,1.0
cf487d67cd440c9b22a5e164,hypothesis_complete_contrast_frames_per_1k_sentences,0.0,0.07010030576473539,1.028137817883511,-0.06818181818177008,1.0
cf487d67cd440c9b22a5e164,hypothesis_emphatic_frames_per_1k_cjk,0.0,0.32042773834676574,0.36816488701266453,-0.8703375841915726,1.0
cf487d67cd440c9b22a5e164,hypothesis_meta_frames_per_1k_cjk,0.0,0.00541605504833512,0.03791238533923833,-0.14285714285377987,1.0
cf487d67cd440c9b22a5e164,hypothesis_referential_sentence_opening_ratio,0.09230769230769231,0.08647522147311498,0.025245510835913296,0.23103001846491777,1.0
cf487d67cd440c9b22a5e164,surface_adjacent_sentence_length_change,0.4910077500950932,0.5265595327331531,0.04238117626391844,-0.8388578555882902,1.0
cf487d67cd440c9b22a5e164,surface_ascii_letter_ratio,0.07894736842105263,0.17822932121745388,0.12046407626597187,-0.8241623218626378,1.0
cf487d67cd440c9b22a5e164,surface_cjk_ratio,0.8335447051363348,0.7026773346745797,0.13183120472394408,0.9926888761715617,1.0
cf487d67cd440c9b22a5e164,surface_colon_density,0.004121750158528852,0.0035571695381618473,0.0025262323235033675,0.22348721260285623,1.0
cf487d67cd440c9b22a5e164,surface_comma_density,0.04185161699429296,0.03596777465935513,0.009558589913021002,0.6155554729806627,1.0
cf487d67cd440c9b22a5e164,surface_compression_ratio,0.5046976898419365,0.5007805061586811,0.05205160173450275,0.07525577605153524,1.0
cf487d67cd440c9b22a5e164,surface_dash_density,0.0012682308180088776,0.0037231604307269,0.0028380363948144207,-0.8650099122067637,1.0
cf487d67cd440c9b22a5e164,surface_digit_ratio,0.012048192771084338,0.03000678997344892,0.021076277285585872,-0.8520763396222026,1.0
cf487d67cd440c9b22a5e164,surface_exact_paragraph_repeat_ratio,0.0,0.057966523413877376,0.04633125,-1.2511323008526076,1.0
cf487d67cd440c9b22a5e164,surface_exact_sentence_repeat_ratio,0.0,0.0008008107847993317,0.003559159045477262,-0.2249999998783274,1.0
cf487d67cd440c9b22a5e164,surface_exclamatory_sentence_ratio,0.0,0.0004337062993177228,0.0030359440993788823,-0.1428571426616366,1.0
cf487d67cd440c9b22a5e164,surface_list_item_ratio,0.0,0.005918710005871962,0.016357752240959117,-0.3618290532027844,1.0
cf487d67cd440c9b22a5e164,surface_long_paragraph_ratio,0.0,0.004679990508387801,0.017354445000199076,-0.26967099831392566,1.0
cf487d67cd440c9b22a5e164,surface_mean_paragraph_cjk_chars,58.422222222222224,40.6980203429791,22.190729302325582,0.7987210171314935,1.0
cf487d67cd440c9b22a5e164,surface_mean_sentence_cjk_chars,40.44615384615385,39.15033352686368,5.710588434782604,0.22691537554999713,1.0
cf487d67cd440c9b22a5e164,surface_mean_sentences_per_paragraph,1.6666666666666667,1.569786974650427,0.3450879310344829,0.2807391487897591,1.0
cf487d67cd440c9b22a5e164,surface_paragraph_length_cv,0.47573123067716055,1.0020469195151525,0.24687143720403323,-2.1319424182839133,0.7035837305622028
cf487d67cd440c9b22a5e164,surface_paragraph_opening_repeat_ratio,0.044444444444444446,0.08266723365810803,0.08001333333333331,-0.4777052476295234,1.0
cf487d67cd440c9b22a5e164,surface_parenthesis_density,0.0012682308180088776,0.0053009095128603205,0.003960692803170956,-1.0181750757399954,1.0
cf487d67cd440c9b22a5e164,surface_period_density,0.02060875079264426,0.02034419466897416,0.003984378756583494,0.06639833706395709,1.0
cf487d67cd440c9b22a5e164,surface_punctuation_density,0.07545973367152822,0.08651204737899698,0.014255781675523847,-0.775286403722413,1.0
cf487d67cd440c9b22a5e164,surface_question_sentence_ratio,0.06153846153846154,0.018207354835707106,0.026771200076315144,1.618571695674191,0.9267430068182418
cf487d67cd440c9b22a5e164,surface_quote_mark_density,0.0063411540900443885,0.005179327501890652,0.004691354857248414,0.24765267678667433,1.0
cf487d67cd440c9b22a5e164,surface_repeated_char_ngram_ratio,0.04379284082254379,0.06781045274006121,0.02901975195052154,-0.8276298142888083,1.0
cf487d67cd440c9b22a5e164,surface_semicolon_density,0.0,0.0005418413998837806,0.0008297758497283761,-0.6529973125406703,1.0
cf487d67cd440c9b22a5e164,surface_sentence_length_autocorrelation,0.06517935944590153,0.05421663053443307,0.12347654560371685,0.08878389703783926,1.0
cf487d67cd440c9b22a5e164,surface_sentence_length_cv,0.4280172323730525,0.5098016831146704,0.08279676538573166,-0.9877735000951116,1.0
cf487d67cd440c9b22a5e164,surface_sentence_opening_repeat_ratio,0.046153846153846156,0.04516234181981178,0.03900709030100334,0.02541856689087292,1.0
cf487d67cd440c9b22a5e164,surface_short_paragraph_ratio,0.1111111111111111,0.37280319912215487,0.27085961538461534,-0.9661539526276227,1.0
cf487d67cd440c9b22a5e164,surface_url_count_per_1000_cjk,0.0,0.6929687118425703,0.7363297740253291,-0.9411118988904729,1.0
cf487d67cd440c9b22a5e164,title_ascii_letter_ratio,0.2222222222222222,0.14094760513286822,0.16028108108108108,0.5070755484126025,1.0
cf487d67cd440c9b22a5e164,title_body_cjk_type_overlap,1.0,0.9285548777242683,0.07127884615384622,1.0023327555208545,1.0
cf487d67cd440c9b22a5e164,title_colon_present,0.0,0.2503194293366632,0.38143913043478267,-0.6562499999707346,1.0
cf487d67cd440c9b22a5e164,title_digit_present,0.0,0.5217391304347826,0.599404347826087,-0.8704293392715956,1.0
cf487d67cd440c9b22a5e164,title_exclamation_present,0.0,0.06883112127924186,0.21796521739130437,-0.3157894736740131,1.0
cf487d67cd440c9b22a5e164,title_question_present,0.0,0.015568944099160612,0.10898260869565218,-0.14285714285514003,1.0
cf487d67cd440c9b22a5e164,title_quote_present,0.0,0.11352355072057607,0.27245652173913043,-0.41666666665175933,1.0
eb7467f671326d3eeabb4e37,discourse_all_markers_per_10k_cjk,4.3029259896729775,40.876667142727754,19.22853141214044,-1.9020558756745707,0.7886203655652438
eb7467f671326d3eeabb4e37,discourse_booster_markers_per_10k_cjk,0.0,1.3390085906316258,2.203583209429566,-0.6076505688107191,1.0
eb7467f671326d3eeabb4e37,discourse_causal_markers_per_10k_cjk,4.3029259896729775,5.198874034200515,6.379518072289156,-0.14044133653595023,1.0
eb7467f671326d3eeabb4e37,discourse_contrast_markers_per_10k_cjk,0.0,9.554234113153703,12.401505646173147,-0.770409205603349,1.0
eb7467f671326d3eeabb4e37,discourse_directive_markers_per_10k_cjk,0.0,20.750962517489164,13.159733012504635,-1.576852850872521,0.9512618753043469
eb7467f671326d3eeabb4e37,discourse_enumeration_markers_per_10k_cjk,0.0,16.628538526350987,20.706703910614525,-0.8030509635010998,1.0
eb7467f671326d3eeabb4e37,discourse_framing_markers_per_10k_cjk,0.0,6.204555938508956,7.583631713554985,-0.8181510090236754,1.0
eb7467f671326d3eeabb4e37,discourse_hedge_markers_per_10k_cjk,0.0,7.686971311376156,7.583631713554985,-1.0136266635464986,1.0
eb7467f671326d3eeabb4e37,discourse_marker_type_coverage,0.02564102564102564,0.13633769231216003,0.07603076923076925,-1.4559456361035479,1.0
eb7467f671326d3eeabb4e37,discourse_metadiscourse_markers_per_10k_cjk,0.0,0.5531489080778824,1.7516382089214966,-0.3157894736827318,1.0
eb7467f671326d3eeabb4e37,discourse_summary_markers_per_10k_cjk,0.0,0.43493956416347324,1.3773086198694773,-0.31578947367997373,1.0
eb7467f671326d3eeabb4e37,hypothesis_abstract_shells_per_1k_cjk,2.581755593803787,4.8688567918814725,2.323070207836685,-0.9845166066709216,1.0
eb7467f671326d3eeabb4e37,hypothesis_complete_contrast_frames_per_1k_sentences,0.0,0.07010030576473539,1.028137817883511,-0.06818181818177008,1.0
eb7467f671326d3eeabb4e37,hypothesis_emphatic_frames_per_1k_cjk,0.0,0.32042773834676574,0.36816488701266453,-0.8703375841915726,1.0
eb7467f671326d3eeabb4e37,hypothesis_meta_frames_per_1k_cjk,0.0,0.00541605504833512,0.03791238533923833,-0.14285714285377987,1.0
eb7467f671326d3eeabb4e37,hypothesis_referential_sentence_opening_ratio,0.0,0.08647522147311498,0.025245510835913296,-3.4253702385019142,0.43790886694222725
eb7467f671326d3eeabb4e37,surface_adjacent_sentence_length_change,0.4869546212059121,0.5265595327331531,0.04238117626391844,-0.9344929758582234,1.0
eb7467f671326d3eeabb4e37,surface_ascii_letter_ratio,0.11388508891928864,0.17822932121745388,0.12046407626597187,-0.534136269439364,1.0
eb7467f671326d3eeabb4e37,surface_cjk_ratio,0.7948016415868673,0.7026773346745797,0.13183120472394408,0.6988050143757454,1.0
eb7467f671326d3eeabb4e37,surface_colon_density,0.0013679890560875513,0.0035571695381618473,0.0025262323235033675,-0.8665792380640394,1.0
eb7467f671326d3eeabb4e37,surface_comma_density,0.0280437756497948,0.03596777465935513,0.009558589913021002,-0.8289924645439609,1.0
eb7467f671326d3eeabb4e37,surface_compression_ratio,0.5103405572755418,0.5007805061586811,0.05205160173450275,0.18366487866450829,1.0
eb7467f671326d3eeabb4e37,surface_dash_density,0.002051983584131327,0.0037231604307269,0.0028380363948144207,-0.5888496883440606,1.0
eb7467f671326d3eeabb4e37,surface_digit_ratio,0.021203830369357045,0.03000678997344892,0.021076277285585872,-0.41767146469041033,1.0
eb7467f671326d3eeabb4e37,surface_exact_paragraph_repeat_ratio,0.02702702702702703,0.057966523413877376,0.04633125,-0.6677889413052821,1.0
eb7467f671326d3eeabb4e37,surface_exact_sentence_repeat_ratio,0.0,0.0008008107847993317,0.003559159045477262,-0.2249999998783274,1.0
eb7467f671326d3eeabb4e37,surface_exclamatory_sentence_ratio,0.0,0.0004337062993177228,0.0030359440993788823,-0.1428571426616366,1.0
eb7467f671326d3eeabb4e37,surface_list_item_ratio,0.0,0.005918710005871962,0.016357752240959117,-0.3618290532027844,1.0
eb7467f671326d3eeabb4e37,surface_long_paragraph_ratio,0.0,0.004679990508387801,0.017354445000199076,-0.26967099831392566,1.0
eb7467f671326d3eeabb4e37,surface_mean_paragraph_cjk_chars,62.810810810810814,40.6980203429791,22.190729302325582,0.9964877749878325,1.0
eb7467f671326d3eeabb4e37,surface_mean_sentence_cjk_chars,36.3125,39.15033352686368,5.710588434782604,-0.4969424008178794,1.0
eb7467f671326d3eeabb4e37,surface_mean_sentences_per_paragraph,2.2972972972972974,1.569786974650427,0.3450879310344829,2.1081882535444976,0.7115114115060881
eb7467f671326d3eeabb4e37,surface_paragraph_length_cv,1.0038199751141912,1.0020469195151525,0.24687143720403323,0.007182101012250128,1.0
eb7467f671326d3eeabb4e37,surface_paragraph_opening_repeat_ratio,0.06060606060606061,0.08266723365810803,0.08001333333333331,-0.2757187100322542,1.0
eb7467f671326d3eeabb4e37,surface_parenthesis_density,0.011627906976744186,0.0053009095128603205,0.003960692803170956,1.5974471584411774,0.9389981960115236
eb7467f671326d3eeabb4e37,surface_period_density,0.02222982216142271,0.02034419466897416,0.003984378756583494,0.4732550813179786,1.0
eb7467f671326d3eeabb4e37,surface_punctuation_density,0.070109439124487,0.08651204737899698,0.014255781675523847,-1.1505933962689736,1.0
eb7467f671326d3eeabb4e37,surface_question_sentence_ratio,0.0,0.018207354835707106,0.026771200076315144,-0.6801097740782793,1.0
eb7467f671326d3eeabb4e37,surface_quote_mark_density,0.0013679890560875513,0.005179327501890652,0.004691354857248414,-0.812417427753171,1.0
eb7467f671326d3eeabb4e37,surface_repeated_char_ngram_ratio,0.05471779405428694,0.06781045274006121,0.02901975195052154,-0.45116370078204515,1.0
eb7467f671326d3eeabb4e37,surface_semicolon_density,0.0,0.0005418413998837806,0.0008297758497283761,-0.6529973125406703,1.0
eb7467f671326d3eeabb4e37,surface_sentence_length_autocorrelation,-0.081862512728939,0.05421663053443307,0.12347654560371685,-1.102064708710768,1.0
eb7467f671326d3eeabb4e37,surface_sentence_length_cv,0.4228022759403442,0.5098016831146704,0.08279676538573166,-1.0507585262421233,1.0
eb7467f671326d3eeabb4e37,surface_sentence_opening_repeat_ratio,0.0625,0.04516234181981178,0.03900709030100334,0.4444745313326346,1.0
eb7467f671326d3eeabb4e37,surface_short_paragraph_ratio,0.43243243243243246,0.37280319912215487,0.27085961538461534,0.22014811335239196,1.0
eb7467f671326d3eeabb4e37,surface_url_count_per_1000_cjk,0.43029259896729777,0.6929687118425703,0.7363297740253291,-0.35673705198594435,1.0
eb7467f671326d3eeabb4e37,title_ascii_letter_ratio,0.0,0.14094760513286822,0.16028108108108108,-0.8793776794003987,1.0
eb7467f671326d3eeabb4e37,title_body_cjk_type_overlap,0.96,0.9285548777242683,0.07127884615384622,0.44115644363632733,1.0
eb7467f671326d3eeabb4e37,title_colon_present,0.0,0.2503194293366632,0.38143913043478267,-0.6562499999707346,1.0
eb7467f671326d3eeabb4e37,title_digit_present,1.0,0.5217391304347826,0.599404347826087,0.7978935609989627,1.0
eb7467f671326d3eeabb4e37,title_exclamation_present,0.0,0.06883112127924186,0.21796521739130437,-0.3157894736740131,1.0
eb7467f671326d3eeabb4e37,title_question_present,0.0,0.015568944099160612,0.10898260869565218,-0.14285714285514003,1.0
eb7467f671326d3eeabb4e37,title_quote_present,0.0,0.11352355072057607,0.27245652173913043,-0.41666666665175933,1.0
fed800d69c7a49240165e168,discourse_all_markers_per_10k_cjk,61.095782420181315,40.876667142727754,19.22853141214044,1.051516355777836,1.0
fed800d69c7a49240165e168,discourse_booster_markers_per_10k_cjk,3.9416633819471816,1.3390085906316258,2.203583209429566,1.1811012083311778,1.0
fed800d69c7a49240165e168,discourse_causal_markers_per_10k_cjk,9.854158454867955,5.198874034200515,6.379518072289156,0.7297235258081162,1.0
fed800d69c7a49240165e168,discourse_contrast_markers_per_10k_cjk,5.912495072920772,9.554234113153703,12.401505646173147,-0.2936529760284951,1.0
fed800d69c7a49240165e168,discourse_directive_markers_per_10k_cjk,33.50413874655104,20.750962517489164,13.159733012504635,0.9691060006265751,1.0
fed800d69c7a49240165e168,discourse_enumeration_markers_per_10k_cjk,39.41663381947182,16.628538526350987,20.706703910614525,1.100517754611798,1.0
fed800d69c7a49240165e168,discourse_framing_markers_per_10k_cjk,1.9708316909735908,6.204555938508956,7.583631713554985,-0.5582713411528154,1.0
fed800d69c7a49240165e168,discourse_hedge_markers_per_10k_cjk,7.883326763894363,7.686971311376156,7.583631713554985,0.02589200793694156,1.0
fed800d69c7a49240165e168,discourse_marker_type_coverage,0.41025641025641024,0.13633769231216003,0.07603076923076925,3.6027350599709145,0.4163503491184028
fed800d69c7a49240165e168,discourse_metadiscourse_markers_per_10k_cjk,0.0,0.5531489080778824,1.7516382089214966,-0.3157894736827318,1.0
fed800d69c7a49240165e168,discourse_summary_markers_per_10k_cjk,3.9416633819471816,0.43493956416347324,1.3773086198694773,2.5460697531363947,0.5891433249824416
fed800d69c7a49240165e168,hypothesis_abstract_shells_per_1k_cjk,8.671659440283799,4.8688567918814725,2.323070207836685,1.6369727593999899,0.9163255719354821
fed800d69c7a49240165e168,hypothesis_complete_contrast_frames_per_1k_sentences,0.0,0.07010030576473539,1.028137817883511,-0.06818181818177008,1.0
fed800d69c7a49240165e168,hypothesis_emphatic_frames_per_1k_cjk,0.19708316909735907,0.32042773834676574,0.36816488701266453,-0.3350253476105225,1.0
fed800d69c7a49240165e168,hypothesis_meta_frames_per_1k_cjk,0.0,0.00541605504833512,0.03791238533923833,-0.14285714285377987,1.0
fed800d69c7a49240165e168,hypothesis_referential_sentence_opening_ratio,0.09565217391304348,0.08647522147311498,0.025245510835913296,0.36350828864487533,1.0
fed800d69c7a49240165e168,surface_adjacent_sentence_length_change,0.5282434011714348,0.5265595327331531,0.04238117626391844,0.03973151730843265,1.0
fed800d69c7a49240165e168,surface_ascii_letter_ratio,0.10666244658965027,0.17822932121745388,0.12046407626597187,-0.5940930843963106,1.0
fed800d69c7a49240165e168,surface_cjk_ratio,0.802975154296566,0.7026773346745797,0.13183120472394408,0.7608048476232234,1.0
fed800d69c7a49240165e168,surface_colon_density,0.00332331065041937,0.0035571695381618473,0.0025262323235033675,-0.09257220152189435,1.0
fed800d69c7a49240165e168,surface_comma_density,0.04731761354644722,0.03596777465935513,0.009558589913021002,1.1873967803170424,1.0
fed800d69c7a49240165e168,surface_compression_ratio,0.4417240790297785,0.5007805061586811,0.05205160173450275,-1.1345746367254752,1.0
fed800d69c7a49240165e168,surface_dash_density,0.001424275993036873,0.0037231604307269,0.0028380363948144207,-0.8100264118848098,1.0
fed800d69c7a49240165e168,surface_digit_ratio,0.007279632853299573,0.03000678997344892,0.021076277285585872,-1.0783288154826334,1.0
fed800d69c7a49240165e168,surface_exact_paragraph_repeat_ratio,0.06422018348623854,0.057966523413877376,0.04633125,0.1349771498148908,1.0
fed800d69c7a49240165e168,surface_exact_sentence_repeat_ratio,0.0,0.0008008107847993317,0.003559159045477262,-0.2249999998783274,1.0
fed800d69c7a49240165e168,surface_exclamatory_sentence_ratio,0.0,0.0004337062993177228,0.0030359440993788823,-0.1428571426616366,1.0
fed800d69c7a49240165e168,surface_list_item_ratio,0.027522935779816515,0.005918710005871962,0.016357752240959117,1.3207331579364852,1.0
fed800d69c7a49240165e168,surface_long_paragraph_ratio,0.0,0.004679990508387801,0.017354445000199076,-0.26967099831392566,1.0
fed800d69c7a49240165e168,surface_mean_paragraph_cjk_chars,46.55045871559633,40.6980203429791,22.190729302325582,0.2637334849559854,1.0
fed800d69c7a49240165e168,surface_mean_sentence_cjk_chars,44.12173913043478,39.15033352686368,5.710588434782604,0.8705592532795363,1.0
fed800d69c7a49240165e168,surface_mean_sentences_per_paragraph,1.4311926605504588,1.569786974650427,0.3450879310344829,-0.40162028757279,1.0
fed800d69c7a49240165e168,surface_paragraph_length_cv,0.943002249205419,1.0020469195151525,0.24687143720403323,-0.23917173642463344,1.0
fed800d69c7a49240165e168,surface_paragraph_opening_repeat_ratio,0.12087912087912088,0.08266723365810803,0.08001333333333331,0.477568995430089,1.0
fed800d69c7a49240165e168,surface_parenthesis_density,0.003956322202880202,0.0053009095128603205,0.003960692803170956,-0.33948285736869904,1.0
fed800d69c7a49240165e168,surface_period_density,0.019306852350055387,0.02034419466897416,0.003984378756583494,-0.2603523365354625,1.0
fed800d69c7a49240165e168,surface_punctuation_density,0.08276626048425384,0.08651204737899698,0.014255781675523847,-0.26275562996130813,1.0
fed800d69c7a49240165e168,surface_question_sentence_ratio,0.06956521739130435,0.018207354835707106,0.026771200076315144,1.9183997134679913,0.7819017014386286
fed800d69c7a49240165e168,surface_quote_mark_density,0.00253204620984333,0.005179327501890652,0.004691354857248414,-0.5642892879776767,1.0
fed800d69c7a49240165e168,surface_repeated_char_ngram_ratio,0.09879708144350227,0.06781045274006121,0.02901975195052154,1.0677771731568564,1.0
fed800d69c7a49240165e168,surface_semicolon_density,0.001582528881152081,0.0005418413998837806,0.0008297758497283761,1.2541790431825235,1.0
fed800d69c7a49240165e168,surface_sentence_length_autocorrelation,0.0941388940295512,0.05421663053443307,0.12347654560371685,0.3233185970657443,1.0
fed800d69c7a49240165e168,surface_sentence_length_cv,0.514025020699992,0.5098016831146704,0.08279676538573166,0.051008485242702115,1.0
fed800d69c7a49240165e168,surface_sentence_opening_repeat_ratio,0.11304347826086956,0.04516234181981178,0.03900709030100334,1.7402255825093353,0.8619572169701473
fed800d69c7a49240165e168,surface_short_paragraph_ratio,0.26605504587155965,0.37280319912215487,0.27085961538461534,-0.3941087825108772,1.0
fed800d69c7a49240165e168,surface_url_count_per_1000_cjk,0.7883326763894363,0.6929687118425703,0.7363297740253291,0.12951257427162735,1.0
fed800d69c7a49240165e168,title_ascii_letter_ratio,0.0,0.14094760513286822,0.16028108108108108,-0.8793776794003987,1.0
fed800d69c7a49240165e168,title_body_cjk_type_overlap,0.8823529411764706,0.9285548777242683,0.07127884615384622,-0.6481858088454008,1.0
fed800d69c7a49240165e168,title_colon_present,0.0,0.2503194293366632,0.38143913043478267,-0.6562499999707346,1.0
fed800d69c7a49240165e168,title_digit_present,0.0,0.5217391304347826,0.599404347826087,-0.8704293392715956,1.0
fed800d69c7a49240165e168,title_exclamation_present,0.0,0.06883112127924186,0.21796521739130437,-0.3157894736740131,1.0
fed800d69c7a49240165e168,title_question_present,0.0,0.015568944099160612,0.10898260869565218,-0.14285714285514003,1.0
fed800d69c7a49240165e168,title_quote_present,0.0,0.11352355072057607,0.27245652173913043,-0.41666666665175933,1.0
